sunzen,elev,aot,wv,C_B2,C_B3,C_B4,C_B5,C_B6,C_B7,Ce_B2,Ce_B3,Ce_B4,Ce_B5,Ce_B6,Ce_B7,Edir_B2,Edir_B3,Edir_B4,Edir_B5,Edir_B6,Edir_B7,Edif_B2,Edif_B3,Edif_B4,Edif_B5,Edif_B6,Edif_B7,Eenv_B2,Eenv_B3,Eenv_B4,Eenv_B5,Eenv_B6,Eenv_B7,sec
10.0,0,0.1,2.0,0.19788,0.13267,0.09473,0.05517,0.02152,0.0156,0.25412,0.16699,0.11668,0.06587,0.02437,0.01698,1405.068,1412.651,1282.269,862.219,223.488,73.203,278.028,187.415,121.467,47.568,4.81,1.142,79.027,48.477,28.152,9.227,0.637,0.101,0.766
12.5,0,0.1,2.0,0.19968,0.13381,0.09551,0.0556,0.0217,0.01572,0.25601,0.16816,0.11748,0.06631,0.02455,0.0171,1389.359,1397.709,1269.44,854.189,221.465,72.529,277.432,187.025,121.24,47.495,4.805,1.14,78.261,48.013,27.89,9.145,0.631,0.1,0.831
15.0,0,0.1,2.0,0.20193,0.13522,0.09647,0.05614,0.02191,0.01588,0.25837,0.16962,0.11846,0.06685,0.02476,0.01726,1370.234,1379.513,1253.813,844.406,219.001,71.708,276.695,186.543,120.959,47.404,4.798,1.139,77.327,47.447,27.571,9.045,0.624,0.099,0.928
17.5,0,0.1,2.0,0.20465,0.13693,0.09764,0.05678,0.02216,0.01607,0.26121,0.17138,0.11965,0.0675,0.02501,0.01746,1347.735,1358.1,1235.42,832.89,216.1,70.742,275.811,185.964,120.621,47.294,4.789,1.137,76.228,46.781,27.196,8.927,0.616,0.098,0.961
20.0,0,0.1,2.0,0.20786,0.13895,0.09901,0.05754,0.02247,0.0163,0.26457,0.17345,0.12105,0.06827,0.02532,0.01768,1321.916,1333.519,1214.3,819.663,212.768,69.632,274.775,185.286,120.225,47.166,4.78,1.135,74.966,46.016,26.764,8.791,0.607,0.096,1.026
22.5,0,0.1,2.0,0.21161,0.14129,0.1006,0.05842,0.02281,0.01657,0.2685,0.17587,0.12267,0.06916,0.02566,0.01796,1292.838,1305.822,1190.494,804.75,209.011,68.381,273.577,184.5,119.766,47.017,4.768,1.133,73.544,45.153,26.277,8.639,0.596,0.095,1.122
25.0,0,0.1,2.0,0.21594,0.14399,0.10244,0.05944,0.02321,0.01687,0.27303,0.17866,0.12454,0.07018,0.02607,0.01826,1260.57,1275.071,1164.054,788.18,204.837,66.991,272.209,183.603,119.241,46.847,4.755,1.13,71.963,44.195,25.736,8.469,0.585,0.093,1.179
27.5,0,0.1,2.0,0.22091,0.14709,0.10453,0.06059,0.02367,0.01722,0.27823,0.18184,0.12668,0.07135,0.02653,0.01861,1225.191,1241.333,1135.032,769.985,200.254,65.465,270.659,182.585,118.645,46.653,4.74,1.127,70.228,43.142,25.142,8.282,0.572,0.091,1.269
30.0,0,0.1,2.0,0.22659,0.15061,0.10691,0.0619,0.02419,0.01762,0.28418,0.18547,0.12911,0.07267,0.02704,0.019,1186.786,1204.686,1103.49,750.202,195.271,63.806,268.915,181.439,117.974,46.435,4.723,1.124,68.341,41.997,24.496,8.079,0.558,0.088,1.308
32.5,0,0.1,2.0,0.23306,0.15461,0.1096,0.06337,0.02477,0.01806,0.29095,0.18959,0.13186,0.07416,0.02763,0.01945,1145.452,1165.211,1069.495,728.869,189.897,62.017,266.963,180.154,117.221,46.19,4.703,1.12,66.307,40.762,23.799,7.861,0.543,0.086,1.363
35.0,0,0.1,2.0,0.24043,0.15915,0.11265,0.06503,0.02542,0.01855,0.29866,0.19427,0.13496,0.07584,0.02828,0.01993,1101.296,1123.001,1033.119,706.027,184.143,60.103,264.783,178.72,116.38,45.916,4.681,1.115,64.13,39.44,23.052,7.626,0.527,0.083,1.398
37.5,0,0.1,2.0,0.24881,0.16428,0.11609,0.06691,0.02616,0.01912,0.30744,0.19956,0.13847,0.07773,0.02902,0.02051,1054.432,1078.155,994.439,681.722,178.02,58.066,262.358,177.122,115.444,45.611,4.657,1.11,61.814,38.034,22.257,7.376,0.509,0.081,1.495
40.0,0,0.1,2.0,0.25838,0.17011,0.11998,0.06901,0.02698,0.01975,0.31744,0.20556,0.14244,0.07985,0.02985,0.02114,1004.988,1030.781,953.541,656.001,171.541,55.912,259.664,175.347,114.402,45.272,4.629,1.104,59.364,36.545,21.416,7.112,0.491,0.078,1.524
42.5,0,0.1,2.0,0.2693,0.17673,0.12438,0.07139,0.02791,0.02047,0.32888,0.21239,0.14692,0.08225,0.03078,0.02185,953.104,980.995,910.514,628.917,164.718,53.644,256.675,173.376,113.247,44.897,4.598,1.098,56.786,34.977,20.53,6.834,0.472,0.074,1.588
45.0,0,0.1,2.0,0.28184,0.18429,0.12937,0.07407,0.02897,0.02128,0.34201,0.22017,0.15202,0.08496,0.03183,0.02267,898.931,928.926,865.456,600.521,157.564,51.267,253.358,171.188,111.964,44.481,4.564,1.091,54.085,33.334,19.6,6.541,0.452,0.071,1.653
47.5,0,0.1,2.0,0.29631,0.19293,0.13506,0.07711,0.03015,0.02218,0.35715,0.22908,0.15782,0.08804,0.03302,0.02357,842.636,874.712,818.472,570.873,150.095,48.786,249.679,168.762,110.543,44.021,4.525,1.082,51.267,31.618,18.629,6.236,0.431,0.068,1.684
50.0,0,0.1,2.0,0.31309,0.20289,0.14158,0.08057,0.03149,0.02322,0.37472,0.23934,0.16447,0.09153,0.03437,0.02461,784.405,818.503,769.674,540.032,142.324,46.207,245.593,166.068,108.967,43.512,4.482,1.073,48.34,29.834,17.618,5.918,0.409,0.064,1.712
52.5,0,0.1,2.0,0.33274,0.21444,0.14908,0.08454,0.03302,0.02439,0.39528,0.25124,0.17212,0.09554,0.03591,0.0258,724.444,760.465,719.183,508.062,134.267,43.535,241.051,163.074,107.218,42.95,4.434,1.062,45.31,27.985,16.571,5.588,0.387,0.061,1.699
55.0,0,0.1,2.0,0.35595,0.22795,0.1578,0.08911,0.03478,0.02575,0.41958,0.26516,0.18102,0.10015,0.03766,0.02715,662.984,700.781,667.13,475.03,125.942,40.776,235.99,159.741,105.275,42.329,4.38,1.05,42.185,26.076,15.487,5.247,0.363,0.057,1.748
57.5,0,0.1,2.0,0.38371,0.24392,0.16803,0.09443,0.03681,0.02731,0.44864,0.28161,0.19145,0.10552,0.0397,0.02871,600.288,639.658,613.66,441.006,117.365,37.936,230.337,156.023,103.113,41.642,4.32,1.036,38.975,24.112,14.371,4.895,0.339,0.053,1.836
60.0,0,0.1,2.0,0.4174,0.26304,0.18017,0.10068,0.03917,0.02913,0.4839,0.30132,0.20383,0.11185,0.04207,0.03052,536.66,577.329,558.933,406.066,108.554,35.021,224.003,151.862,100.703,40.884,4.252,1.02,35.689,22.098,13.225,4.533,0.315,0.049,1.81
62.5,0,0.1,2.0,0.45903,0.28631,0.19479,0.10813,0.04196,0.03124,0.52748,0.3253,0.21874,0.11937,0.04486,0.03265,472.456,514.065,503.127,370.29,99.528,32.04,216.872,147.183,98.002,40.041,4.176,1.001,32.339,20.04,12.052,4.161,0.289,0.045,1.843
65.0,0,0.1,2.0,0.51164,0.3152,0.21271,0.11716,0.04529,0.03376,0.58254,0.35506,0.23703,0.12849,0.0482,0.03517,408.107,450.188,446.453,333.764,90.307,28.998,208.802,141.9,94.967,39.105,4.09,0.979,28.938,17.945,10.854,3.781,0.263,0.041,1.843
67.5,0,0.1,2.0,0.58001,0.35195,0.23519,0.12832,0.04934,0.03679,0.65412,0.39293,0.25995,0.13977,0.05227,0.03822,344.141,386.091,389.158,296.586,80.913,25.906,199.606,135.886,91.527,38.059,3.992,0.953,25.503,15.821,9.636,3.394,0.237,0.037,1.871
70.0,0,0.1,2.0,0.6722,0.40023,0.26422,0.14248,0.05438,0.04054,0.75062,0.44267,0.28956,0.15407,0.05732,0.04194,281.229,322.274,331.548,258.864,71.369,22.77,189.041,128.983,87.601,36.883,3.881,0.923,22.055,13.679,8.401,2.999,0.21,0.032,1.901
72.5,0,0.1,2.0,0.8026,0.46632,0.3031,0.16104,0.06081,0.04525,0.88713,0.51078,0.32921,0.17281,0.06378,0.04667,220.247,259.395,274.023,220.728,61.699,19.604,176.771,120.962,83.056,35.546,3.752,0.887,18.617,11.532,7.156,2.599,0.183,0.028,1.943
75.0,0,0.1,2.0,0.99977,0.56212,0.35789,0.18647,0.06934,0.05141,1.09353,0.60948,0.3851,0.1985,0.07232,0.05287,162.379,198.361,217.132,182.344,51.935,16.418,162.341,111.502,77.71,34.001,3.601,0.844,15.226,9.396,5.908,2.194,0.155,0.024,1.919
77.5,0,0.1,2.0,1.32795,0.71262,0.44079,0.2235,0.08126,0.05979,1.43711,0.76456,0.46966,0.23591,0.08427,0.06122,109.271,140.491,161.684,143.943,42.113,13.23,145.106,100.116,71.269,32.171,3.422,0.791,11.928,7.298,4.667,1.786,0.127,0.019,1.982
80.0,0,0.1,2.0,1.96285,0.98028,0.58031,0.28248,0.09912,0.07206,2.1018,1.04039,0.61195,0.29549,0.10219,0.07355,63.261,87.8,108.977,105.89,32.284,10.061,124.172,86.069,63.24,29.912,3.2,0.725,8.79,5.277,3.449,1.377,0.099,0.015,1.951
10.0,500,0.1,2.0,0.19165,0.12964,0.09319,0.05471,0.02149,0.01559,0.24543,0.16262,0.11443,0.06517,0.02431,0.01698,1419.119,1421.127,1287.429,863.195,223.813,73.624,271.968,184.229,119.98,47.222,4.809,1.148,76.32,46.88,27.336,9.03,0.633,0.102,0.772
12.5,500,0.1,2.0,0.19339,0.13074,0.09396,0.05513,0.02166,0.01572,0.24724,0.16376,0.1152,0.0656,0.02448,0.01711,1403.374,1406.168,1274.591,855.164,221.789,72.949,271.393,183.848,119.757,47.149,4.803,1.147,75.583,46.432,27.082,8.95,0.627,0.101,0.865
15.0,500,0.1,2.0,0.19555,0.13212,0.0949,0.05567,0.02187,0.01589,0.24951,0.16518,0.11617,0.06614,0.0247,0.01728,1384.204,1387.951,1258.954,845.381,219.324,72.127,270.681,183.377,119.48,47.059,4.796,1.146,74.685,45.886,26.773,8.852,0.621,0.1,0.888
17.5,500,0.1,2.0,0.19816,0.13378,0.09604,0.0563,0.02212,0.01608,0.25223,0.16689,0.11733,0.06678,0.02495,0.01745,1361.652,1366.512,1240.548,833.864,216.423,71.159,269.827,182.811,119.148,46.95,4.788,1.144,73.628,45.244,26.409,8.737,0.612,0.098,0.983
20.0,500,0.1,2.0,0.20125,0.13574,0.09739,0.05706,0.02242,0.0163,0.25546,0.1689,0.1187,0.06754,0.02525,0.01769,1335.771,1341.901,1219.413,820.635,213.09,70.047,268.825,182.147,118.758,46.822,4.778,1.142,72.413,44.506,25.991,8.604,0.603,0.097,1.078
22.5,500,0.1,2.0,0.20485,0.13802,0.09895,0.05793,0.02277,0.01657,0.25923,0.17125,0.1203,0.06842,0.02561,0.01795,1306.62,1314.169,1195.59,805.72,209.332,68.794,267.667,181.379,118.306,46.674,4.767,1.14,71.045,43.674,25.519,8.455,0.593,0.095,1.123
25.0,500,0.1,2.0,0.20902,0.14065,0.10075,0.05893,0.02317,0.01687,0.26358,0.17395,0.12213,0.06943,0.026,0.01825,1274.269,1283.378,1169.13,789.148,205.157,67.402,266.345,180.501,117.79,46.505,4.754,1.137,69.524,42.749,24.995,8.289,0.581,0.093,1.186
27.5,500,0.1,2.0,0.21379,0.14365,0.1028,0.06007,0.02363,0.01721,0.26857,0.17705,0.12422,0.07059,0.02646,0.0186,1238.795,1249.595,1140.085,770.952,200.573,65.873,264.847,179.506,117.204,46.312,4.739,1.134,67.854,41.734,24.419,8.106,0.568,0.091,1.311
30.0,500,0.1,2.0,0.21925,0.14707,0.10513,0.06136,0.02414,0.01761,0.27427,0.18057,0.1266,0.07189,0.02698,0.019,1200.283,1212.895,1108.518,751.167,195.588,64.211,263.161,178.385,116.543,46.095,4.722,1.131,66.038,40.63,23.793,7.908,0.555,0.089,1.318
32.5,500,0.1,2.0,0.22546,0.15096,0.10777,0.06282,0.02472,0.01806,0.28076,0.18457,0.12929,0.07337,0.02756,0.01943,1158.83,1173.363,1074.494,729.831,190.213,62.419,261.272,177.129,115.802,45.851,4.703,1.127,64.081,39.439,23.118,7.694,0.54,0.086,1.358
35.0,500,0.1,2.0,0.23253,0.15536,0.11076,0.06447,0.02538,0.01856,0.28815,0.1891,0.13233,0.07503,0.02822,0.01995,1114.539,1131.087,1038.086,706.987,184.457,60.501,259.165,175.725,114.974,45.579,4.681,1.123,61.986,38.163,22.394,7.465,0.524,0.084,1.443
37.5,500,0.1,2.0,0.24058,0.16035,0.11412,0.06632,0.02611,0.01912,0.29655,0.19423,0.13576,0.0769,0.02895,0.02051,1067.524,1086.168,999.37,682.678,178.333,58.46,256.82,174.163,114.052,45.276,4.656,1.118,59.756,36.806,21.624,7.221,0.507,0.081,1.483
40.0,500,0.1,2.0,0.24974,0.166,0.11793,0.0684,0.02694,0.01975,0.30613,0.20005,0.13964,0.079,0.02978,0.02114,1017.913,1038.712,958.431,656.954,171.851,56.302,254.215,172.425,113.026,44.938,4.629,1.112,57.398,35.37,20.809,6.962,0.489,0.078,1.526
42.5,500,0.1,2.0,0.26021,0.17242,0.12223,0.07075,0.02787,0.02047,0.31707,0.20666,0.14403,0.08137,0.03072,0.02186,965.839,988.834,915.358,629.865,165.026,54.029,251.323,170.497,111.888,44.565,4.599,1.106,54.916,33.858,19.95,6.69,0.47,0.075,1.571
45.0,500,0.1,2.0,0.27222,0.17974,0.12712,0.07341,0.02891,0.02128,0.32962,0.21419,0.14901,0.08405,0.03176,0.02267,911.456,936.662,870.25,601.466,157.87,51.646,248.115,168.356,110.625,44.151,4.564,1.099,52.315,32.272,19.049,6.404,0.45,0.072,1.67
47.5,500,0.1,2.0,0.28606,0.18812,0.13268,0.07641,0.03009,0.02219,0.34407,0.22282,0.15468,0.08709,0.03295,0.02358,854.925,882.332,823.208,571.812,150.397,49.16,244.556,165.982,109.226,43.693,4.526,1.091,49.602,30.616,18.108,6.105,0.429,0.068,1.643
50.0,500,0.1,2.0,0.3021,0.19776,0.13905,0.07983,0.03143,0.02323,0.36084,0.23274,0.16117,0.09054,0.03429,0.02463,796.43,825.993,774.345,540.966,142.623,46.574,240.605,163.346,107.674,43.187,4.483,1.082,46.782,28.894,17.129,5.794,0.407,0.065,1.763
52.5,500,0.1,2.0,0.32086,0.20893,0.14639,0.08375,0.03297,0.0244,0.38045,0.24424,0.16865,0.0945,0.03583,0.02579,736.171,767.808,723.781,508.989,134.563,43.895,236.211,160.418,105.952,42.628,4.436,1.071,43.863,27.11,16.113,5.471,0.385,0.061,1.751
55.0,500,0.1,2.0,0.34301,0.22199,0.1549,0.08827,0.03471,0.02575,0.40359,0.25768,0.17733,0.09906,0.03758,0.02713,674.376,707.959,671.645,475.949,126.234,41.128,231.317,157.158,104.04,42.01,4.382,1.059,40.852,25.268,15.063,5.138,0.362,0.057,1.765
57.5,500,0.1,2.0,0.36946,0.23741,0.16488,0.09352,0.03674,0.0273,0.43123,0.27355,0.1875,0.10436,0.03961,0.02871,611.3,646.646,618.08,441.916,117.652,38.279,225.852,153.521,101.912,41.327,4.322,1.045,37.758,23.371,13.981,4.793,0.338,0.054,1.788
60.0,500,0.1,2.0,0.40152,0.25587,0.17673,0.09969,0.0391,0.0291,0.46472,0.29255,0.19957,0.1106,0.04197,0.03052,547.24,584.101,563.244,406.966,108.836,35.355,219.727,149.454,99.54,40.572,4.255,1.029,34.589,21.426,12.869,4.439,0.313,0.05,1.818
62.5,500,0.1,2.0,0.44107,0.2783,0.19097,0.10705,0.04187,0.03124,0.50605,0.31564,0.2141,0.11803,0.04476,0.03263,482.545,520.588,507.314,371.177,99.804,32.362,212.834,144.882,96.884,39.734,4.179,1.011,31.358,19.438,11.731,4.076,0.288,0.045,1.817
65.0,500,0.1,2.0,0.49095,0.30612,0.20844,0.11596,0.0452,0.03378,0.55818,0.34427,0.2319,0.12703,0.04809,0.03518,417.63,456.422,450.493,334.638,90.577,29.309,205.035,139.72,93.9,38.805,4.094,0.99,28.076,17.414,10.57,3.704,0.262,0.041,1.864
67.5,500,0.1,2.0,0.55564,0.34146,0.23031,0.12697,0.04924,0.03679,0.62578,0.38065,0.2542,0.13814,0.05215,0.0382,353.012,391.988,393.027,297.442,81.176,26.202,196.149,133.848,90.52,37.765,3.997,0.964,24.759,15.362,9.388,3.325,0.236,0.037,1.891
70.0,500,0.1,2.0,0.64263,0.3878,0.25853,0.14093,0.05426,0.04056,0.71668,0.42835,0.28297,0.15224,0.05718,0.04199,289.342,327.774,335.213,259.698,71.622,23.052,185.94,127.111,86.664,36.598,3.886,0.935,21.426,13.29,8.19,2.939,0.209,0.033,1.915
72.5,500,0.1,2.0,0.76527,0.45112,0.29629,0.15922,0.06067,0.04525,0.84484,0.49353,0.32145,0.17071,0.06361,0.04666,227.477,264.422,277.442,221.535,61.943,19.868,174.081,119.287,82.204,35.272,3.758,0.899,18.1,11.212,6.981,2.547,0.182,0.028,1.924
75.0,500,0.1,2.0,0.94989,0.54266,0.34943,0.18425,0.06918,0.05137,1.03777,0.58774,0.37561,0.196,0.07213,0.05281,168.575,202.819,220.25,183.116,52.167,16.662,160.127,110.061,76.961,33.74,3.609,0.856,14.815,9.144,5.768,2.151,0.154,0.024,1.964
77.5,500,0.1,2.0,1.25537,0.68596,0.42965,0.2207,0.08106,0.05978,1.35702,0.73525,0.45739,0.23281,0.08406,0.06119,114.261,144.26,164.43,144.67,42.329,13.45,143.44,98.957,70.648,31.929,3.431,0.804,11.615,7.11,4.561,1.752,0.127,0.019,1.95
80.0,500,0.1,2.0,1.84129,0.93958,0.5643,0.27869,0.09886,0.07208,1.96939,0.99631,0.59465,0.29137,0.10191,0.07354,66.866,90.73,111.251,106.553,32.48,10.253,123.12,85.248,62.779,29.695,3.211,0.739,8.565,5.147,3.376,1.351,0.099,0.015,1.946
10.0,1000,0.1,2.0,0.18577,0.12677,0.09174,0.05427,0.02145,0.01559,0.2372,0.15849,0.11228,0.0645,0.02426,0.01697,1432.623,1429.171,1292.224,864.104,224.113,74.002,266.14,181.169,118.546,46.892,4.807,1.154,73.683,45.335,26.548,8.842,0.629,0.102,0.755
12.5,1000,0.1,2.0,0.18745,0.12784,0.09249,0.05469,0.02162,0.01572,0.23895,0.1596,0.11305,0.06493,0.02443,0.0171,1416.845,1414.196,1279.379,856.072,222.089,73.326,265.583,180.797,118.326,46.819,4.802,1.153,72.974,44.903,26.302,8.764,0.624,0.101,0.88
15.0,1000,0.1,2.0,0.18953,0.12918,0.09342,0.05522,0.02183,0.01589,0.24112,0.16097,0.11399,0.06546,0.02464,0.01727,1397.633,1395.958,1263.733,846.288,219.624,72.503,264.894,180.336,118.054,46.729,4.795,1.152,72.11,44.377,26.003,8.668,0.617,0.1,0.93
17.5,1000,0.1,2.0,0.19204,0.1308,0.09454,0.05585,0.02209,0.01608,0.24375,0.16263,0.11513,0.0661,0.0249,0.01746,1375.032,1374.497,1245.316,834.77,216.721,71.533,264.068,179.782,117.727,46.621,4.787,1.15,71.093,43.757,25.65,8.555,0.609,0.099,0.986
20.0,1000,0.1,2.0,0.19502,0.1327,0.09585,0.05659,0.02239,0.0163,0.24685,0.16459,0.11648,0.06685,0.0252,0.01768,1349.092,1349.858,1224.167,821.54,213.388,70.42,263.098,179.132,117.342,46.494,4.777,1.148,69.925,43.045,25.245,8.425,0.6,0.097,1.043
22.5,1000,0.1,2.0,0.19849,0.13492,0.09739,0.05746,0.02274,0.01657,0.25047,0.16687,0.11804,0.06772,0.02555,0.01796,1319.874,1322.094,1200.329,806.624,209.629,69.165,261.978,178.381,116.897,46.347,4.766,1.146,68.609,42.243,24.787,8.279,0.59,0.096,1.113
25.0,1000,0.1,2.0,0.20249,0.13748,0.09915,0.05845,0.02313,0.01688,0.25465,0.1695,0.11983,0.06872,0.02595,0.01827,1287.446,1291.266,1173.851,790.051,205.453,67.771,260.698,177.521,116.389,46.178,4.753,1.144,67.145,41.351,24.279,8.117,0.578,0.094,1.225
27.5,1000,0.1,2.0,0.20709,0.1404,0.10116,0.05958,0.02359,0.01723,0.25944,0.17251,0.12189,0.06986,0.0264,0.01861,1251.884,1257.441,1144.787,771.853,200.868,66.24,259.247,176.547,115.811,45.986,4.738,1.141,65.539,40.371,23.722,7.938,0.565,0.092,1.25
30.0,1000,0.1,2.0,0.21233,0.14373,0.10345,0.06086,0.0241,0.01761,0.26491,0.17593,0.12421,0.07116,0.02692,0.01899,1213.273,1220.694,1113.198,752.066,195.882,64.576,257.615,175.449,115.16,45.77,4.721,1.137,63.792,39.306,23.115,7.744,0.552,0.089,1.34
32.5,1000,0.1,2.0,0.2183,0.1475,0.10604,0.0623,0.02468,0.01806,0.27114,0.17981,0.12685,0.07262,0.0275,0.01945,1171.708,1181.108,1079.148,730.728,190.505,62.781,255.787,174.219,114.43,45.528,4.702,1.134,61.909,38.157,22.46,7.535,0.537,0.087,1.386
35.0,1000,0.1,2.0,0.22509,0.15178,0.10896,0.06393,0.02533,0.01855,0.27822,0.18421,0.12983,0.07426,0.02815,0.01993,1127.291,1138.773,1042.711,707.881,184.748,60.86,253.747,172.844,113.614,45.257,4.68,1.129,59.892,36.927,21.759,7.31,0.521,0.084,1.424
37.5,1000,0.1,2.0,0.23282,0.15662,0.11226,0.06577,0.02607,0.01913,0.28628,0.18919,0.13319,0.07611,0.02889,0.02052,1080.137,1093.786,1003.963,683.569,178.621,58.816,251.476,171.314,112.705,44.955,4.656,1.125,57.747,35.618,21.012,7.071,0.504,0.082,1.482
40.0,1000,0.1,2.0,0.24162,0.16211,0.11599,0.06783,0.02689,0.01975,0.29546,0.19483,0.13699,0.07819,0.02971,0.02115,1030.368,1046.254,962.988,657.842,172.138,56.653,248.953,169.612,111.694,44.619,4.629,1.119,55.478,34.232,20.222,6.818,0.486,0.079,1.563
42.5,1000,0.1,2.0,0.25166,0.16835,0.1202,0.07015,0.02782,0.02047,0.30593,0.20124,0.14128,0.08054,0.03065,0.02187,978.12,996.293,919.876,630.75,165.31,54.376,246.153,167.723,110.573,44.247,4.599,1.113,53.088,32.772,19.389,6.552,0.467,0.076,1.572
45.0,1000,0.1,2.0,0.26317,0.17545,0.12499,0.07277,0.02886,0.02127,0.31794,0.20854,0.14615,0.08319,0.03168,0.02266,923.54,944.026,874.721,602.346,158.152,51.99,243.046,165.627,109.328,43.835,4.564,1.106,50.585,31.242,18.516,6.272,0.447,0.072,1.651
47.5,1000,0.1,2.0,0.27642,0.18357,0.13043,0.07575,0.03004,0.02218,0.33177,0.21689,0.1517,0.08619,0.03288,0.02358,866.789,889.589,827.629,572.688,150.676,49.498,239.6,163.302,107.948,43.379,4.527,1.098,47.972,29.644,17.604,5.98,0.427,0.069,1.664
50.0,1000,0.1,2.0,0.29178,0.19291,0.13666,0.07913,0.03138,0.02322,0.34779,0.2265,0.15805,0.0896,0.03421,0.0246,808.047,833.13,778.708,541.836,142.899,46.907,235.773,160.72,106.418,42.876,4.484,1.089,45.257,27.982,16.654,5.675,0.405,0.065,1.706
52.5,1000,0.1,2.0,0.30972,0.20373,0.14383,0.083,0.03291,0.0244,0.3665,0.23762,0.16535,0.09352,0.03575,0.0258,747.511,774.81,728.079,509.853,134.836,44.222,231.519,157.852,104.721,42.319,4.437,1.079,42.446,26.26,15.669,5.36,0.383,0.062,1.761
55.0,1000,0.1,2.0,0.33087,0.21637,0.15216,0.08747,0.03466,0.02574,0.38857,0.25061,0.17383,0.09802,0.0375,0.02714,685.402,714.807,675.869,476.806,126.503,41.448,226.78,154.66,102.837,41.704,4.384,1.067,39.545,24.481,14.651,5.033,0.36,0.058,1.752
57.5,1000,0.1,2.0,0.35611,0.23128,0.16191,0.09265,0.03667,0.02731,0.41489,0.26595,0.18377,0.10326,0.03952,0.02871,621.971,653.32,622.22,442.766,117.917,38.591,221.489,151.1,100.741,41.024,4.324,1.054,36.563,22.65,13.602,4.696,0.336,0.054,1.871
60.0,1000,0.1,2.0,0.38665,0.24911,0.17347,0.09876,0.03902,0.02911,0.44676,0.28428,0.19554,0.10942,0.04188,0.03051,557.507,590.574,567.286,407.806,109.097,35.659,215.561,147.119,98.405,40.274,4.257,1.038,33.509,20.772,12.524,4.349,0.312,0.05,1.83
62.5,1000,0.1,2.0,0.42427,0.27076,0.18737,0.10602,0.04179,0.03123,0.486,0.30655,0.2097,0.11676,0.04466,0.03264,492.349,526.83,511.243,372.006,100.06,32.657,208.891,142.647,95.79,39.44,4.182,1.02,30.393,18.852,11.42,3.994,0.287,0.046,1.842
65.0,1000,0.1,2.0,0.47164,0.29758,0.20439,0.11482,0.04511,0.03376,0.53542,0.33412,0.22705,0.12564,0.04798,0.03518,426.903,462.396,454.291,335.453,90.827,29.593,201.346,137.6,92.853,38.516,4.097,0.999,27.227,16.896,10.293,3.63,0.261,0.042,1.84
67.5,1000,0.1,2.0,0.53294,0.3316,0.2257,0.12568,0.04914,0.03683,0.59937,0.3691,0.24876,0.13661,0.05203,0.03822,361.67,397.649,396.67,298.241,81.418,26.475,192.75,131.86,89.529,37.483,4.001,0.975,24.025,14.912,9.145,3.259,0.235,0.037,1.863
70.0,1000,0.1,2.0,0.61516,0.37614,0.25316,0.13945,0.05415,0.04054,0.68514,0.4149,0.27673,0.15051,0.05704,0.04195,297.285,333.064,338.671,260.478,71.857,23.311,182.877,125.28,85.739,36.324,3.891,0.945,20.805,12.909,7.983,2.881,0.208,0.033,1.902
72.5,1000,0.1,2.0,0.73069,0.43688,0.28987,0.15748,0.06055,0.04525,0.80567,0.47736,0.31413,0.16872,0.06346,0.04669,234.583,269.27,280.677,222.291,62.168,20.112,171.408,117.64,81.359,35.007,3.764,0.91,17.589,10.899,6.809,2.497,0.181,0.029,1.917
75.0,1000,0.1,2.0,0.9039,0.52447,0.34144,0.18216,0.06903,0.0514,0.98638,0.56742,0.36667,0.19363,0.07197,0.05282,174.696,207.134,223.211,183.841,52.38,16.888,157.907,108.636,76.214,33.488,3.616,0.868,14.409,8.896,5.63,2.109,0.154,0.024,1.948
77.5,1000,0.1,2.0,1.18887,0.66116,0.41917,0.21805,0.08086,0.05976,1.28369,0.70797,0.44585,0.22987,0.08383,0.06122,119.226,147.924,167.047,145.352,42.529,13.655,141.744,97.801,70.021,31.694,3.439,0.816,11.305,6.925,4.457,1.718,0.126,0.02,1.95
80.0,1000,0.1,2.0,1.73098,0.90189,0.5493,0.27509,0.09864,0.07208,1.8493,0.95551,0.57841,0.28746,0.10167,0.07352,70.492,93.598,113.429,107.176,32.663,10.433,122.02,84.415,62.306,29.483,3.222,0.752,8.341,5.019,3.303,1.326,0.099,0.015,2.007
10.0,1500,0.1,2.0,0.18022,0.12404,0.09035,0.05385,0.02111,0.0156,0.22941,0.15456,0.11024,0.06386,0.0237,0.01699,1445.62,1436.823,1296.688,864.951,224.394,74.34,260.525,178.229,117.161,46.575,4.736,1.16,71.112,43.84,25.788,8.662,0.582,0.103,0.786
12.5,1500,0.1,2.0,0.18183,0.12509,0.09109,0.05427,0.02128,0.01572,0.23109,0.15564,0.11099,0.06429,0.02387,0.0171,1429.811,1421.834,1283.837,856.919,222.37,73.663,259.985,177.864,116.944,46.503,4.731,1.158,70.43,43.424,25.549,8.585,0.576,0.102,0.838
15.0,1500,0.1,2.0,0.18384,0.1264,0.092,0.05479,0.02148,0.01588,0.23318,0.15698,0.11192,0.06481,0.02407,0.01727,1410.562,1403.578,1268.182,847.134,219.904,72.839,259.318,177.412,116.676,46.414,4.724,1.157,69.6,42.916,25.259,8.492,0.57,0.101,0.915
17.5,1500,0.1,2.0,0.18626,0.12797,0.0931,0.05542,0.02173,0.01608,0.23571,0.15859,0.11304,0.06545,0.02433,0.01746,1387.914,1382.095,1249.756,835.615,217.001,71.869,258.517,176.87,116.353,46.306,4.716,1.156,68.622,42.318,24.917,8.381,0.563,0.099,0.992
20.0,1500,0.1,2.0,0.18913,0.12983,0.0944,0.05615,0.02202,0.01631,0.23869,0.1605,0.11436,0.06619,0.02462,0.0177,1361.92,1357.43,1228.595,822.384,213.667,70.754,257.578,176.233,115.975,46.179,4.706,1.154,67.498,41.631,24.524,8.254,0.554,0.098,1.048
22.5,1500,0.1,2.0,0.19247,0.13199,0.0959,0.05701,0.02237,0.01658,0.24217,0.16272,0.11589,0.06705,0.02496,0.01796,1332.639,1329.637,1204.744,807.467,209.907,69.498,256.492,175.496,115.536,46.033,4.695,1.152,66.232,40.857,24.08,8.111,0.545,0.096,1.12
25.0,1500,0.1,2.0,0.19633,0.13448,0.09763,0.05799,0.02276,0.01687,0.24619,0.16527,0.11765,0.06805,0.02535,0.01825,1300.139,1298.775,1178.25,790.892,205.73,68.102,255.252,174.654,115.034,45.865,4.682,1.149,64.824,39.997,23.588,7.952,0.534,0.094,1.179
27.5,1500,0.1,2.0,0.20075,0.13732,0.09961,0.05911,0.0232,0.01722,0.25079,0.16819,0.11966,0.06917,0.0258,0.0186,1264.495,1264.911,1149.168,772.693,201.144,66.569,253.847,173.699,114.465,45.674,4.667,1.146,63.279,39.052,23.047,7.777,0.522,0.092,1.262
30.0,1500,0.1,2.0,0.2058,0.14056,0.10185,0.06038,0.02371,0.01761,0.25605,0.17152,0.12195,0.07046,0.02631,0.019,1225.792,1228.121,1117.559,752.904,196.157,64.903,252.265,172.623,113.822,45.459,4.65,1.143,61.599,38.024,22.459,7.587,0.51,0.09,1.322
32.5,1500,0.1,2.0,0.21154,0.14423,0.10439,0.06181,0.02427,0.01806,0.26203,0.17529,0.12453,0.0719,0.02687,0.01944,1184.123,1188.486,1083.487,731.563,190.778,63.106,250.493,171.417,113.102,45.218,4.631,1.14,59.787,36.915,21.824,7.382,0.496,0.087,1.376
35.0,1500,0.1,2.0,0.21807,0.14839,0.10725,0.06342,0.02492,0.01855,0.26884,0.17956,0.12745,0.07353,0.02752,0.01994,1139.59,1146.095,1047.024,708.714,185.02,61.183,248.516,170.07,112.298,44.947,4.61,1.135,57.848,35.728,21.144,7.162,0.481,0.085,1.473
37.5,1500,0.1,2.0,0.2255,0.1531,0.11049,0.06524,0.02564,0.01913,0.27657,0.1844,0.13074,0.07536,0.02824,0.02051,1092.304,1101.047,1008.248,684.4,178.892,59.136,246.314,168.57,111.401,44.647,4.586,1.131,55.784,34.465,20.42,6.928,0.466,0.082,1.474
40.0,1500,0.1,2.0,0.23395,0.15843,0.11414,0.06728,0.02644,0.01976,0.28537,0.18988,0.13446,0.07742,0.02905,0.02115,1042.389,1053.446,967.241,658.67,172.406,56.97,243.868,166.901,110.404,44.313,4.559,1.126,53.6,33.128,19.654,6.681,0.449,0.079,1.554
42.5,1500,0.1,2.0,0.24359,0.16449,0.11827,0.06958,0.02735,0.02048,0.29541,0.1961,0.13867,0.07974,0.02996,0.02187,989.977,1003.406,924.093,631.574,165.577,54.69,241.153,165.049,109.297,43.942,4.528,1.12,51.301,31.719,18.847,6.42,0.432,0.076,1.598
45.0,1500,0.1,2.0,0.25464,0.17138,0.12296,0.07217,0.02837,0.02128,0.30692,0.20318,0.14344,0.08236,0.03098,0.02268,935.214,951.052,878.898,603.167,158.416,52.299,238.141,162.994,108.069,43.532,4.495,1.113,48.892,30.243,18.0,6.146,0.413,0.073,1.664
47.5,1500,0.1,2.0,0.26735,0.17926,0.12829,0.07511,0.02953,0.02219,0.32015,0.21128,0.14887,0.08533,0.03214,0.02357,878.258,896.517,831.76,573.505,150.938,49.803,234.799,160.714,106.708,43.078,4.457,1.105,46.377,28.701,17.115,5.86,0.394,0.069,1.659
50.0,1500,0.1,2.0,0.28206,0.18832,0.13439,0.07846,0.03084,0.02322,0.33548,0.22059,0.15508,0.08871,0.03346,0.02461,819.285,839.947,782.789,542.648,143.158,47.208,231.089,158.183,105.198,42.577,4.415,1.096,43.763,27.097,16.194,5.561,0.375,0.066,1.711
52.5,1500,0.1,2.0,0.29923,0.19881,0.14141,0.08229,0.03233,0.0244,0.35336,0.23136,0.16222,0.09257,0.03495,0.02579,758.489,781.501,732.101,510.66,135.092,44.517,226.964,155.372,103.524,42.022,4.367,1.086,41.056,25.434,15.239,5.252,0.354,0.062,1.774
55.0,1500,0.1,2.0,0.31946,0.21105,0.14955,0.08671,0.03404,0.02576,0.37443,0.24393,0.17051,0.09703,0.03667,0.02715,696.087,721.356,679.825,477.606,126.756,41.737,222.371,152.244,101.666,41.411,4.315,1.075,38.263,23.717,14.251,4.932,0.333,0.058,1.792
57.5,1500,0.1,2.0,0.34356,0.22549,0.15908,0.09183,0.03601,0.02732,0.39953,0.25876,0.18021,0.10221,0.03864,0.02871,632.323,659.706,626.099,443.559,118.166,38.875,217.243,148.755,99.599,40.734,4.255,1.062,35.39,21.949,13.233,4.602,0.311,0.054,1.808
60.0,1500,0.1,2.0,0.3727,0.24273,0.17037,0.09787,0.03831,0.02914,0.42988,0.27647,0.19171,0.1083,0.04095,0.03053,567.479,596.775,571.079,408.59,109.341,35.935,211.5,144.856,97.296,39.987,4.189,1.047,32.448,20.135,12.188,4.263,0.288,0.05,1.842
62.5,1500,0.1,2.0,0.40853,0.26365,0.18394,0.10504,0.04102,0.03125,0.4672,0.29796,0.20553,0.11554,0.04366,0.03265,501.887,532.816,514.934,372.781,100.299,32.925,205.038,140.476,94.719,39.157,4.114,1.029,29.444,18.28,11.116,3.915,0.265,0.046,1.827
65.0,1500,0.1,2.0,0.45357,0.28953,0.20056,0.11373,0.04426,0.03377,0.51411,0.32454,0.22245,0.12431,0.0469,0.03517,435.941,468.133,457.864,336.216,91.06,29.853,197.731,135.537,91.828,38.238,4.03,1.008,26.39,16.391,10.022,3.558,0.241,0.042,1.88
67.5,1500,0.1,2.0,0.51174,0.32231,0.22133,0.12446,0.04818,0.03682,0.5747,0.35822,0.2436,0.13514,0.05084,0.03824,370.128,403.093,400.102,298.989,81.645,26.724,189.41,129.922,88.555,37.211,3.934,0.984,23.301,14.473,8.909,3.195,0.217,0.038,1.891
70.0,1500,0.1,2.0,0.58956,0.36517,0.24808,0.13805,0.05307,0.04055,0.65574,0.40225,0.27083,0.14886,0.05575,0.04196,305.066,338.162,341.936,261.208,72.077,23.549,179.854,123.488,84.827,36.059,3.825,0.955,20.191,12.536,7.78,2.825,0.193,0.033,1.895
72.5,1500,0.1,2.0,0.69857,0.42352,0.28379,0.15583,0.05931,0.04524,0.76929,0.46218,0.30719,0.16682,0.06201,0.04667,241.569,273.953,283.738,222.999,62.379,20.336,168.753,116.024,80.522,34.751,3.7,0.92,17.083,10.591,6.64,2.449,0.168,0.029,1.93
75.0,1500,0.1,2.0,0.86135,0.50744,0.3339,0.18016,0.06757,0.05141,0.93884,0.54838,0.35821,0.19138,0.07027,0.05282,180.744,211.315,226.021,184.52,52.581,17.097,155.684,107.229,75.469,33.244,3.553,0.879,14.006,8.652,5.495,2.069,0.142,0.024,1.944
77.5,1500,0.1,2.0,1.12772,0.63799,0.40929,0.21553,0.0791,0.0598,1.21629,0.68249,0.43497,0.22708,0.08184,0.06125,124.166,151.49,169.54,145.992,42.716,13.845,140.024,96.649,69.391,31.466,3.379,0.828,10.998,6.742,4.354,1.686,0.117,0.02,1.943
80.0,1500,0.1,2.0,1.63046,0.86688,0.53517,0.27168,0.09637,0.07208,1.73999,0.91762,0.56314,0.28376,0.09914,0.07349,74.136,96.407,115.517,107.763,32.833,10.6,120.876,83.573,61.821,29.277,3.164,0.764,8.12,4.892,3.231,1.302,0.091,0.015,2.005
10.0,2000,0.1,2.0,0.17498,0.12147,0.08904,0.05345,0.02109,0.0156,0.22204,0.15083,0.1083,0.06326,0.02368,0.01698,1458.087,1444.075,1300.834,865.74,224.654,74.639,255.136,175.411,115.829,46.274,4.739,1.164,68.615,42.399,25.056,8.491,0.581,0.103,0.771
12.5,2000,0.1,2.0,0.17654,0.12249,0.08976,0.05387,0.02126,0.01572,0.22366,0.15188,0.10904,0.06368,0.02385,0.0171,1442.249,1429.073,1287.977,857.708,222.63,73.962,254.613,175.053,115.615,46.202,4.733,1.163,67.96,41.997,24.825,8.415,0.576,0.102,0.83
15.0,2000,0.1,2.0,0.17848,0.12377,0.09066,0.05438,0.02147,0.01589,0.22567,0.15319,0.10995,0.0642,0.02405,0.01727,1422.964,1410.8,1272.314,847.922,220.163,73.137,253.966,174.61,115.351,46.113,4.726,1.162,67.161,41.507,24.543,8.323,0.569,0.101,0.936
17.5,2000,0.1,2.0,0.18081,0.1253,0.09174,0.055,0.02172,0.01609,0.2281,0.15476,0.11105,0.06483,0.0243,0.01747,1400.274,1389.297,1253.88,836.402,217.26,72.166,253.189,174.078,115.032,46.005,4.718,1.161,66.22,40.93,24.211,8.215,0.562,0.1,0.998
20.0,2000,0.1,2.0,0.18358,0.12711,0.09301,0.05573,0.02201,0.01631,0.23098,0.15662,0.11235,0.06556,0.0246,0.01769,1374.23,1364.609,1232.709,823.17,213.925,71.051,252.278,173.454,114.659,45.879,4.709,1.159,65.14,40.267,23.83,8.091,0.554,0.098,1.077
22.5,2000,0.1,2.0,0.1868,0.12921,0.09449,0.05658,0.02235,0.01658,0.23433,0.15878,0.11385,0.06642,0.02494,0.01797,1344.89,1336.789,1208.846,808.252,210.165,69.793,251.225,172.732,114.225,45.733,4.697,1.157,63.922,39.52,23.4,7.95,0.544,0.097,1.121
25.0,2000,0.1,2.0,0.19052,0.13164,0.09619,0.05756,0.02274,0.01687,0.2382,0.16127,0.11558,0.0674,0.02533,0.01826,1312.323,1305.895,1182.338,791.676,205.987,68.396,250.021,171.906,113.73,45.566,4.685,1.154,62.569,38.69,22.923,7.795,0.533,0.095,1.212
27.5,2000,0.1,2.0,0.19478,0.13441,0.09813,0.05867,0.02319,0.01723,0.24263,0.16411,0.11755,0.06852,0.02578,0.01862,1276.604,1271.997,1153.241,773.475,201.399,66.862,248.658,170.969,113.168,45.376,4.67,1.152,61.083,37.778,22.398,7.623,0.522,0.093,1.208
30.0,2000,0.1,2.0,0.19964,0.13756,0.10033,0.05992,0.02369,0.01761,0.24769,0.16735,0.11979,0.06979,0.02628,0.01899,1237.814,1235.166,1121.614,753.685,196.411,65.194,247.123,169.913,112.534,45.162,4.653,1.148,59.467,36.786,21.827,7.437,0.509,0.09,1.309
32.5,2000,0.1,2.0,0.20518,0.14114,0.10282,0.06134,0.02426,0.01806,0.25344,0.17102,0.12233,0.07122,0.02685,0.01945,1196.048,1195.486,1087.522,732.343,191.032,63.396,245.403,168.73,111.823,44.921,4.634,1.145,57.724,35.717,21.211,7.236,0.495,0.088,1.374
35.0,2000,0.1,2.0,0.21147,0.14519,0.10564,0.06294,0.0249,0.01856,0.25998,0.17517,0.12519,0.07283,0.02749,0.01994,1151.407,1153.044,1051.036,709.491,185.271,61.47,243.483,167.408,111.028,44.652,4.613,1.141,55.858,34.571,20.552,7.021,0.481,0.085,1.452
37.5,2000,0.1,2.0,0.21861,0.14977,0.10881,0.06473,0.02562,0.01912,0.26741,0.17987,0.12842,0.07465,0.02821,0.0205,1104.0,1107.939,1012.235,685.175,179.142,59.421,241.347,165.935,110.143,44.353,4.589,1.136,53.873,33.352,19.85,6.792,0.465,0.082,1.493
40.0,2000,0.1,2.0,0.22674,0.15496,0.1124,0.06675,0.02642,0.01975,0.27586,0.1852,0.13207,0.07668,0.02902,0.02115,1053.949,1060.274,971.199,659.442,172.655,57.252,238.972,164.298,109.158,44.02,4.562,1.131,51.772,32.061,19.107,6.549,0.449,0.08,1.512
42.5,2000,0.1,2.0,0.23601,0.16085,0.11645,0.06903,0.02733,0.02047,0.2855,0.19124,0.13619,0.07898,0.02993,0.02185,1001.384,1010.162,928.019,632.344,165.823,54.969,236.336,162.48,108.066,43.651,4.532,1.125,49.56,30.702,18.323,6.293,0.431,0.076,1.587
45.0,2000,0.1,2.0,0.24662,0.16755,0.12104,0.0716,0.02836,0.02128,0.29653,0.19811,0.14087,0.08158,0.03096,0.02267,946.45,957.727,882.789,603.933,158.66,52.576,233.411,160.463,106.853,43.242,4.499,1.119,47.241,29.277,17.502,6.025,0.413,0.073,1.603
47.5,2000,0.1,2.0,0.25882,0.1752,0.12627,0.07451,0.02951,0.02219,0.30922,0.20597,0.14618,0.08452,0.03211,0.02358,889.303,903.102,835.61,574.267,151.18,50.077,230.167,158.225,105.509,42.791,4.461,1.111,44.822,27.788,16.643,5.745,0.394,0.07,1.721
50.0,2000,0.1,2.0,0.27293,0.184,0.13224,0.07783,0.03082,0.02323,0.3239,0.215,0.15226,0.08786,0.03342,0.02462,830.116,846.43,786.593,543.406,143.398,47.477,226.565,155.742,104.019,42.291,4.419,1.103,42.306,26.24,15.75,5.453,0.374,0.066,1.694
52.5,2000,0.1,2.0,0.28939,0.19417,0.13911,0.08162,0.03231,0.02441,0.34101,0.22544,0.15926,0.09169,0.03492,0.02579,769.077,787.868,735.853,511.412,135.329,44.782,222.562,152.983,102.366,41.739,4.372,1.093,39.7,24.634,14.823,5.15,0.354,0.062,1.734
55.0,2000,0.1,2.0,0.30875,0.20604,0.14708,0.08598,0.03402,0.02576,0.36115,0.23762,0.16737,0.09609,0.03663,0.02717,706.4,727.592,683.518,478.353,126.989,41.998,218.104,149.914,100.532,41.13,4.32,1.082,37.01,22.976,13.865,4.836,0.332,0.059,1.717
57.5,2000,0.1,2.0,0.33181,0.22003,0.1564,0.09106,0.03599,0.02732,0.38512,0.25197,0.17685,0.10121,0.03862,0.02872,642.325,665.792,629.725,444.299,118.396,39.13,213.128,146.493,98.491,40.456,4.261,1.069,34.244,21.269,12.877,4.513,0.311,0.055,1.792
60.0,2000,0.1,2.0,0.35964,0.23672,0.16745,0.09702,0.03829,0.02913,0.41406,0.2691,0.18809,0.10723,0.04092,0.03054,577.127,602.688,574.626,409.323,109.567,36.184,207.556,142.669,96.22,39.712,4.195,1.054,31.409,19.517,11.862,4.18,0.288,0.051,1.798
62.5,2000,0.1,2.0,0.39382,0.25695,0.18071,0.10411,0.04099,0.03123,0.4496,0.28986,0.20159,0.11439,0.04362,0.03265,511.128,538.531,518.39,373.504,100.52,33.168,201.29,138.376,93.678,38.886,4.12,1.036,28.514,17.725,10.822,3.839,0.265,0.047,1.808
65.0,2000,0.1,2.0,0.4367,0.28195,0.19693,0.1127,0.04423,0.03377,0.4942,0.31552,0.21809,0.12306,0.04687,0.03516,444.713,473.616,461.214,336.928,91.277,30.088,194.207,133.537,90.827,37.972,4.037,1.016,25.57,15.899,9.761,3.49,0.241,0.042,1.879
67.5,2000,0.1,2.0,0.49198,0.31359,0.2172,0.12329,0.04816,0.03681,0.55168,0.34799,0.23872,0.13375,0.05081,0.03822,378.355,408.305,403.325,299.689,81.856,26.951,186.142,128.039,87.603,36.95,3.942,0.992,22.589,14.046,8.679,3.134,0.217,0.038,1.851
70.0,2000,0.1,2.0,0.56574,0.35488,0.24328,0.13672,0.05303,0.04056,0.6284,0.39037,0.26526,0.1473,0.0557,0.04199,312.655,343.051,345.007,261.891,72.28,23.765,176.883,121.743,83.933,35.805,3.833,0.964,19.588,12.173,7.583,2.771,0.193,0.034,1.909
72.5,2000,0.1,2.0,0.66879,0.41099,0.27806,0.15427,0.05926,0.04528,0.73555,0.44795,0.30065,0.16502,0.06194,0.04669,248.407,278.455,286.625,223.661,62.574,20.541,166.131,114.442,79.698,34.505,3.708,0.93,16.585,10.291,6.475,2.403,0.168,0.029,1.911
75.0,2000,0.1,2.0,0.82205,0.49152,0.32679,0.17828,0.06752,0.05142,0.89494,0.53059,0.35024,0.18925,0.07023,0.05287,186.692,215.346,228.678,185.156,52.766,17.288,153.47,105.847,74.73,33.009,3.563,0.889,13.609,8.414,5.363,2.031,0.143,0.025,1.958
77.5,2000,0.1,2.0,1.07156,0.6164,0.39999,0.21314,0.07904,0.05977,1.15443,0.65875,0.42473,0.22444,0.08177,0.0612,129.055,154.944,171.907,146.593,42.89,14.02,138.29,95.508,68.761,31.245,3.39,0.838,10.695,6.562,4.253,1.656,0.117,0.02,1.956
80.0,2000,0.1,2.0,1.53895,0.83442,0.52191,0.26845,0.0963,0.07206,1.64053,0.8825,0.5488,0.28026,0.09909,0.07355,77.779,99.144,117.509,108.315,32.991,10.755,119.698,82.728,61.329,29.077,3.177,0.775,7.901,4.767,3.16,1.279,0.092,0.016,1.953
10.0,2500,0.1,2.0,0.17003,0.11903,0.0878,0.05307,0.02108,0.01559,0.21506,0.14729,0.10646,0.06268,0.02366,0.01698,1470.061,1450.956,1304.68,866.475,224.899,74.902,249.957,172.708,114.546,45.985,4.741,1.168,66.188,41.007,24.351,8.326,0.58,0.104,0.769
12.5,2500,0.1,2.0,0.17154,0.12003,0.08851,0.05349,0.02125,0.01572,0.21662,0.14832,0.10718,0.0631,0.02383,0.01711,1454.197,1435.941,1291.817,858.443,222.874,74.225,249.449,172.356,114.335,45.914,4.735,1.167,65.558,40.619,24.127,8.252,0.575,0.103,0.869
15.0,2500,0.1,2.0,0.17341,0.12127,0.08939,0.054,0.02146,0.01589,0.21856,0.14959,0.10808,0.06361,0.02404,0.01728,1434.878,1417.654,1276.148,848.657,220.407,73.399,248.82,171.922,114.073,45.825,4.729,1.166,64.79,40.146,23.854,8.162,0.569,0.102,0.924
17.5,2500,0.1,2.0,0.17567,0.12277,0.09045,0.05461,0.02171,0.01609,0.22091,0.15112,0.10916,0.06424,0.02428,0.01747,1412.148,1396.132,1257.705,837.136,217.503,72.427,248.066,171.399,113.759,45.718,4.721,1.165,63.885,39.59,23.532,8.056,0.561,0.1,0.991
20.0,2500,0.1,2.0,0.17833,0.12453,0.0917,0.05534,0.022,0.01631,0.22368,0.15293,0.11043,0.06497,0.02458,0.0177,1386.057,1371.423,1236.526,823.903,214.167,71.311,247.182,170.787,113.39,45.593,4.711,1.163,62.847,38.95,23.162,7.934,0.553,0.099,1.041
22.5,2500,0.1,2.0,0.18144,0.12659,0.09315,0.05618,0.02234,0.01657,0.22691,0.15504,0.11191,0.06582,0.02492,0.01796,1356.664,1343.577,1212.652,808.984,210.407,70.053,246.159,170.077,112.962,45.447,4.7,1.161,61.676,38.229,22.745,7.797,0.543,0.097,1.106
25.0,2500,0.1,2.0,0.18503,0.12895,0.09482,0.05714,0.02273,0.01688,0.23063,0.15746,0.11361,0.06679,0.02531,0.01827,1324.035,1312.655,1186.132,792.407,206.228,68.655,244.99,169.266,112.473,45.281,4.687,1.159,60.374,37.428,22.281,7.644,0.533,0.095,1.164
27.5,2500,0.1,2.0,0.18914,0.13165,0.09673,0.05824,0.02318,0.01722,0.2349,0.16023,0.11555,0.0679,0.02576,0.01861,1288.245,1278.724,1157.021,774.205,201.639,67.119,243.665,168.346,111.917,45.091,4.673,1.156,58.945,36.548,21.772,7.476,0.521,0.093,1.234
30.0,2500,0.1,2.0,0.19384,0.13473,0.09889,0.05949,0.02368,0.01762,0.23977,0.16339,0.11775,0.06916,0.02626,0.01901,1249.375,1241.857,1125.378,754.413,196.65,65.45,242.173,167.31,111.291,44.878,4.656,1.153,57.391,35.591,21.218,7.294,0.509,0.091,1.325
32.5,2500,0.1,2.0,0.19917,0.13821,0.10134,0.06089,0.02424,0.01807,0.24531,0.16696,0.12024,0.07057,0.02683,0.01945,1207.519,1202.135,1091.268,733.069,191.269,63.65,240.502,166.147,110.589,44.638,4.637,1.15,55.715,34.558,20.621,7.097,0.495,0.088,1.424
35.0,2500,0.1,2.0,0.20523,0.14215,0.1041,0.06247,0.02488,0.01857,0.2516,0.171,0.12305,0.07217,0.02747,0.01996,1162.777,1159.646,1054.763,710.216,185.508,61.723,238.637,164.849,109.803,44.37,4.616,1.146,53.921,33.452,19.981,6.886,0.48,0.086,1.454
37.5,2500,0.1,2.0,0.21211,0.14662,0.10722,0.06425,0.0256,0.01912,0.25875,0.17558,0.12622,0.07397,0.02819,0.02051,1115.257,1114.488,1015.939,685.897,179.377,59.672,236.56,163.402,108.929,44.072,4.592,1.141,52.011,32.275,19.3,6.661,0.465,0.083,1.476
40.0,2500,0.1,2.0,0.21994,0.15167,0.11074,0.06626,0.02641,0.01976,0.26687,0.18076,0.12979,0.07599,0.029,0.02115,1065.079,1066.764,974.879,660.162,172.888,57.501,234.251,161.794,107.955,43.74,4.566,1.136,49.99,31.03,18.578,6.423,0.448,0.08,1.544
42.5,2500,0.1,2.0,0.22886,0.1574,0.11471,0.06851,0.02732,0.02047,0.27614,0.18663,0.13384,0.07826,0.02991,0.02186,1012.373,1016.587,931.67,633.061,166.055,55.216,231.69,160.008,106.875,43.373,4.536,1.13,47.863,29.717,17.818,6.173,0.431,0.077,1.628
45.0,2500,0.1,2.0,0.23906,0.16391,0.11922,0.07106,0.02833,0.02128,0.28673,0.19331,0.13842,0.08083,0.03093,0.02266,957.28,964.077,886.408,604.647,158.89,52.82,228.847,158.026,105.676,42.965,4.502,1.124,45.632,28.341,17.021,5.91,0.413,0.073,1.641
47.5,2500,0.1,2.0,0.25078,0.17136,0.12434,0.07394,0.02949,0.0222,0.2989,0.20094,0.14363,0.08374,0.03209,0.02359,899.954,909.368,839.193,574.977,151.408,50.318,225.694,155.828,104.348,42.515,4.465,1.117,43.304,26.904,16.188,5.635,0.394,0.07,1.687
50.0,2500,0.1,2.0,0.26434,0.17991,0.1302,0.07722,0.0308,0.02322,0.31298,0.20971,0.14959,0.08705,0.0334,0.02463,840.565,852.601,790.135,544.112,143.623,47.715,222.193,153.388,102.875,42.017,4.423,1.108,40.883,25.409,15.321,5.349,0.374,0.067,1.76
52.5,2500,0.1,2.0,0.28013,0.18979,0.13693,0.08097,0.03228,0.02441,0.32937,0.21984,0.15644,0.09084,0.03489,0.02581,779.3,793.933,739.349,512.114,135.551,45.017,218.303,150.679,101.242,41.467,4.376,1.099,38.375,23.859,14.421,5.052,0.354,0.063,1.759
55.0,2500,0.1,2.0,0.29869,0.20131,0.14474,0.08529,0.03399,0.02576,0.34864,0.23165,0.16438,0.0952,0.0366,0.02716,716.368,733.535,686.96,479.05,127.208,42.229,213.971,147.665,99.43,40.86,4.324,1.088,35.785,22.258,13.491,4.744,0.332,0.059,1.804
57.5,2500,0.1,2.0,0.32076,0.21487,0.15387,0.09031,0.03597,0.02731,0.37156,0.24556,0.17366,0.10026,0.03858,0.02871,652.002,671.597,633.107,444.99,118.612,39.357,209.137,144.306,97.414,40.189,4.266,1.075,33.122,20.609,12.532,4.427,0.31,0.055,1.824
60.0,2500,0.1,2.0,0.34738,0.23105,0.16467,0.09621,0.03826,0.02912,0.3992,0.26214,0.18465,0.10622,0.04088,0.03052,586.471,608.333,577.937,410.006,109.779,36.406,203.726,140.553,95.171,39.448,4.2,1.06,30.391,18.917,11.547,4.101,0.288,0.051,1.83
62.5,2500,0.1,2.0,0.38001,0.25063,0.17764,0.10323,0.04096,0.03124,0.43308,0.28222,0.19784,0.1133,0.04359,0.03265,520.091,543.991,521.62,374.179,100.728,33.384,197.641,136.341,92.662,38.626,4.126,1.043,27.602,17.186,10.537,3.767,0.265,0.047,1.823
65.0,2500,0.1,2.0,0.4209,0.27481,0.1935,0.11172,0.0442,0.03376,0.47554,0.30701,0.21397,0.12187,0.04683,0.03518,453.234,478.862,464.347,337.594,91.479,30.298,190.767,131.596,89.849,37.716,4.043,1.023,24.765,15.421,9.506,3.425,0.241,0.043,1.826
67.5,2500,0.1,2.0,0.4735,0.30537,0.21329,0.12219,0.04812,0.03683,0.53016,0.33834,0.2341,0.13243,0.05076,0.03823,386.363,413.297,406.345,300.342,82.053,27.154,182.943,126.207,86.67,36.699,3.948,1.0,21.89,13.629,8.456,3.076,0.217,0.038,1.911
70.0,2500,0.1,2.0,0.54354,0.3452,0.23874,0.13545,0.053,0.04057,0.60288,0.37919,0.25998,0.14581,0.05566,0.04199,320.062,347.742,347.889,262.53,72.471,23.96,173.966,120.041,83.054,35.56,3.841,0.972,18.994,11.818,7.391,2.72,0.193,0.034,1.963
72.5,2500,0.1,2.0,0.64108,0.39923,0.27264,0.15279,0.05923,0.04526,0.70417,0.43458,0.29446,0.16331,0.06191,0.0467,255.103,282.784,289.339,224.281,62.757,20.726,163.542,112.895,78.884,34.269,3.717,0.938,16.094,9.997,6.315,2.359,0.168,0.03,2.032
75.0,2500,0.1,2.0,0.78565,0.4766,0.32008,0.17648,0.06747,0.05143,0.85429,0.51391,0.34272,0.18722,0.07017,0.05286,192.541,219.234,231.183,185.752,52.94,17.461,151.269,104.486,73.997,32.782,3.572,0.898,13.216,8.18,5.233,1.994,0.143,0.025,1.928
77.5,2500,0.1,2.0,1.01981,0.59624,0.39121,0.21088,0.07897,0.05981,1.09745,0.63658,0.41507,0.22193,0.08169,0.06122,133.894,158.287,174.148,147.157,43.052,14.179,136.546,94.377,68.129,31.032,3.4,0.848,10.396,6.386,4.154,1.626,0.117,0.02,1.997
80.0,2500,0.1,2.0,1.45532,0.80422,0.50944,0.26538,0.0962,0.07204,1.54971,0.84984,0.53531,0.27693,0.09898,0.07351,81.418,101.81,119.404,108.833,33.139,10.897,118.489,81.878,60.829,28.882,3.188,0.785,7.685,4.644,3.089,1.257,0.092,0.016,2.037
10.0,3000,0.1,2.0,0.16537,0.11673,0.08662,0.05271,0.02107,0.0156,0.20846,0.14394,0.10471,0.06214,0.02364,0.01698,1481.518,1457.452,1308.229,867.16,225.125,75.128,245.0,170.122,113.315,45.711,4.743,1.172,63.839,39.669,23.676,8.17,0.58,0.104,0.728
12.5,3000,0.1,2.0,0.16683,0.1177,0.08732,0.05312,0.02123,0.01573,0.20997,0.14494,0.10543,0.06255,0.02381,0.01711,1465.629,1442.426,1295.362,859.127,223.1,74.45,244.506,169.777,113.106,45.64,4.737,1.171,63.232,39.294,23.458,8.097,0.574,0.103,0.817
15.0,3000,0.1,2.0,0.16864,0.11892,0.08818,0.05363,0.02144,0.01589,0.21185,0.14619,0.10631,0.06306,0.02402,0.01728,1446.28,1424.124,1279.687,849.34,220.633,73.624,243.895,169.35,112.848,45.551,4.731,1.17,62.494,38.838,23.192,8.009,0.568,0.102,0.947
17.5,3000,0.1,2.0,0.17082,0.12038,0.08923,0.05424,0.02169,0.01608,0.21411,0.14768,0.10737,0.06368,0.02427,0.01747,1423.513,1402.586,1261.238,837.819,217.728,72.652,243.161,168.837,112.537,45.445,4.723,1.168,61.625,38.301,22.88,7.905,0.561,0.101,0.968
20.0,3000,0.1,2.0,0.1734,0.1221,0.09046,0.05496,0.02198,0.01631,0.21678,0.14945,0.10862,0.0644,0.02456,0.0177,1397.379,1377.857,1240.05,824.585,214.392,71.535,242.301,168.235,112.172,45.32,4.713,1.167,60.626,37.683,22.521,7.785,0.552,0.099,1.078
22.5,3000,0.1,2.0,0.1764,0.1241,0.09189,0.05579,0.02232,0.01658,0.2199,0.1515,0.11007,0.06524,0.0249,0.01796,1367.935,1349.988,1216.166,809.665,210.63,70.276,241.306,167.538,111.749,45.175,4.702,1.165,59.5,36.987,22.116,7.651,0.543,0.097,1.109
25.0,3000,0.1,2.0,0.17987,0.12641,0.09353,0.05675,0.02272,0.01687,0.22349,0.15387,0.11174,0.06621,0.02529,0.01825,1335.248,1319.04,1189.636,793.087,206.451,68.877,240.169,166.741,111.265,45.009,4.69,1.162,58.249,36.214,21.666,7.501,0.532,0.095,1.177
27.5,3000,0.1,2.0,0.18384,0.12905,0.0954,0.05784,0.02316,0.01723,0.22761,0.15657,0.11365,0.06731,0.02574,0.01861,1299.392,1285.079,1160.512,774.884,201.861,67.341,238.88,165.836,110.716,44.82,4.675,1.16,56.874,35.364,21.172,7.336,0.521,0.093,1.238
30.0,3000,0.1,2.0,0.18837,0.13205,0.09753,0.05908,0.02366,0.01762,0.23231,0.15964,0.11581,0.06855,0.02624,0.019,1260.449,1248.177,1128.856,755.09,196.871,65.67,237.429,164.817,110.097,44.607,4.658,1.157,55.38,34.44,20.634,7.157,0.508,0.091,1.313
32.5,3000,0.1,2.0,0.19352,0.13545,0.09994,0.06047,0.02423,0.01807,0.23764,0.16312,0.11825,0.06996,0.02681,0.01946,1218.51,1208.418,1094.73,733.745,191.489,63.869,235.803,163.675,109.402,44.369,4.64,1.154,53.768,33.443,20.054,6.964,0.494,0.089,1.346
35.0,3000,0.1,2.0,0.19936,0.13929,0.10265,0.06204,0.02487,0.01857,0.24371,0.16706,0.12101,0.07154,0.02745,0.01995,1173.674,1165.886,1058.208,710.89,185.727,61.941,233.988,162.398,108.625,44.102,4.619,1.15,52.043,32.375,19.432,6.757,0.48,0.086,1.425
37.5,3000,0.1,2.0,0.206,0.14364,0.10571,0.0638,0.02559,0.01912,0.25059,0.17152,0.12413,0.07332,0.02817,0.0205,1126.049,1120.68,1019.363,686.57,179.594,59.888,231.967,160.976,107.76,43.805,4.595,1.145,50.206,31.239,18.771,6.537,0.464,0.083,1.458
40.0,3000,0.1,2.0,0.21354,0.14856,0.10917,0.06579,0.02639,0.01975,0.25841,0.17656,0.12764,0.07532,0.02898,0.02114,1075.753,1072.901,978.28,660.832,173.104,57.716,229.721,159.394,106.797,43.474,4.568,1.14,48.262,30.036,18.071,6.303,0.448,0.08,1.545
42.5,3000,0.1,2.0,0.22214,0.15414,0.11307,0.06802,0.0273,0.02048,0.26732,0.18228,0.13161,0.07758,0.02989,0.02187,1022.915,1022.663,935.047,633.728,166.269,55.429,227.228,157.638,105.728,43.108,4.539,1.135,46.215,28.769,17.333,6.057,0.431,0.077,1.594
45.0,3000,0.1,2.0,0.23196,0.16049,0.1175,0.07054,0.02832,0.02129,0.2775,0.18878,0.1361,0.08012,0.03091,0.02268,967.674,970.085,889.756,605.312,159.102,53.031,224.461,155.689,104.542,42.701,4.506,1.129,44.07,27.44,16.558,5.799,0.412,0.074,1.622
47.5,3000,0.1,2.0,0.24324,0.16774,0.12252,0.0734,0.02947,0.02219,0.2892,0.1962,0.14122,0.08301,0.03206,0.02357,910.182,915.299,842.509,575.639,151.618,50.527,221.392,153.528,103.228,42.253,4.468,1.121,41.829,26.052,15.749,5.53,0.393,0.07,1.742
50.0,3000,0.1,2.0,0.25627,0.17605,0.12827,0.07665,0.03078,0.02323,0.30271,0.20471,0.14706,0.08628,0.03338,0.02462,850.607,858.445,793.414,544.77,143.831,47.922,217.985,151.128,101.772,41.756,4.427,1.113,39.5,24.608,14.907,5.249,0.374,0.067,1.753
52.5,3000,0.1,2.0,0.27144,0.18565,0.13487,0.08036,0.03226,0.02441,0.31843,0.21455,0.15377,0.09003,0.03486,0.02581,789.131,799.679,742.587,512.768,135.756,45.221,214.199,148.464,100.156,41.208,4.38,1.104,37.086,23.111,14.034,4.958,0.353,0.063,1.713
55.0,3000,0.1,2.0,0.28925,0.19685,0.14253,0.08464,0.03397,0.02576,0.3369,0.22602,0.16155,0.09435,0.03657,0.02715,725.96,739.169,690.152,479.699,127.411,42.43,209.985,145.502,98.364,40.604,4.328,1.093,34.593,21.564,13.13,4.656,0.332,0.059,1.773
57.5,3000,0.1,2.0,0.31041,0.21001,0.15147,0.08961,0.03594,0.0273,0.35884,0.23951,0.17064,0.09936,0.03855,0.02869,661.322,677.102,636.243,445.633,118.811,39.554,205.283,142.201,96.371,39.934,4.27,1.08,32.029,19.971,12.199,4.346,0.31,0.055,1.757
60.0,3000,0.1,2.0,0.3359,0.22571,0.16205,0.09545,0.03824,0.02913,0.38527,0.25558,0.1814,0.10525,0.04085,0.03052,595.482,613.691,581.011,410.643,109.975,36.6,200.021,138.514,94.154,39.196,4.205,1.066,29.399,18.336,11.242,4.026,0.288,0.051,1.826
62.5,3000,0.1,2.0,0.36711,0.24469,0.17475,0.10239,0.04093,0.03124,0.41763,0.27503,0.19431,0.11226,0.04356,0.03264,528.745,549.179,524.621,374.809,100.92,33.574,194.107,134.377,91.675,38.378,4.131,1.049,26.712,16.663,10.262,3.698,0.265,0.047,1.867
65.0,3000,0.1,2.0,0.40615,0.2681,0.19025,0.11079,0.04417,0.03379,0.45811,0.29901,0.21007,0.12073,0.0468,0.0352,461.475,483.85,467.262,338.214,91.667,30.482,187.428,129.719,88.898,37.471,4.049,1.03,23.978,14.958,9.26,3.362,0.241,0.043,1.848
67.5,3000,0.1,2.0,0.45628,0.29765,0.2096,0.12115,0.04808,0.03681,0.51008,0.32928,0.22974,0.13118,0.05072,0.03823,394.123,418.051,409.157,300.951,82.235,27.332,179.829,124.432,85.76,36.459,3.954,1.006,21.207,13.225,8.24,3.02,0.217,0.039,1.814
70.0,3000,0.1,2.0,0.52287,0.33612,0.23445,0.13426,0.05295,0.04057,0.57914,0.3687,0.255,0.14441,0.05561,0.04198,327.257,352.217,350.578,263.125,72.647,24.131,171.114,118.387,82.193,35.326,3.847,0.979,18.412,11.474,7.205,2.671,0.193,0.034,1.943
72.5,3000,0.1,2.0,0.61537,0.38821,0.26752,0.15139,0.05918,0.04529,0.67505,0.42206,0.28862,0.16169,0.06185,0.04672,261.628,286.922,291.876,224.86,62.926,20.889,160.999,111.385,78.084,34.041,3.724,0.946,15.613,9.712,6.158,2.317,0.168,0.03,1.944
75.0,3000,0.1,2.0,0.75198,0.46265,0.31376,0.17479,0.06742,0.05138,0.8167,0.49831,0.33563,0.18531,0.07011,0.0528,198.266,222.961,233.531,186.308,53.1,17.615,149.092,103.152,73.272,32.565,3.58,0.905,12.831,7.952,5.107,1.959,0.143,0.025,1.964
77.5,3000,0.1,2.0,0.9722,0.57744,0.38296,0.20874,0.07891,0.05977,1.04505,0.61592,0.40598,0.21956,0.08162,0.06124,138.658,161.505,176.254,147.683,43.202,14.321,134.804,93.26,67.499,30.827,3.409,0.856,10.101,6.214,4.057,1.598,0.117,0.021,1.969
80.0,3000,0.1,2.0,1.379,0.77621,0.49773,0.26248,0.09611,0.07202,1.46688,0.81955,0.52265,0.27378,0.09887,0.07348,85.032,104.39,121.195,109.317,33.276,11.024,117.259,81.029,60.322,28.694,3.198,0.794,7.473,4.524,3.02,1.235,0.092,0.016,1.991
10.0,3500,0.1,2.0,0.16097,0.11454,0.0855,0.05237,0.02106,0.0156,0.20221,0.14077,0.10305,0.06162,0.02363,0.01698,1492.5,1463.603,1311.517,867.798,225.338,75.321,240.243,167.647,112.132,45.45,4.745,1.175,61.561,38.381,23.026,8.02,0.579,0.104,0.755
12.5,3500,0.1,2.0,0.16238,0.1155,0.08619,0.05278,0.02122,0.01573,0.20367,0.14175,0.10375,0.06203,0.02379,0.01711,1476.588,1448.566,1298.646,859.765,223.312,74.643,239.763,167.308,111.925,45.378,4.739,1.174,60.978,38.019,22.815,7.949,0.574,0.103,0.826
15.0,3500,0.1,2.0,0.16413,0.11668,0.08704,0.05328,0.02143,0.01589,0.20549,0.14296,0.10462,0.06253,0.024,0.01727,1457.21,1430.252,1282.966,849.977,220.845,73.817,239.168,166.888,111.67,45.29,4.733,1.173,60.268,37.578,22.557,7.862,0.568,0.102,0.902
17.5,3500,0.1,2.0,0.16624,0.11811,0.08807,0.05389,0.02168,0.01609,0.20767,0.14442,0.10567,0.06314,0.02425,0.01748,1434.409,1408.699,1264.51,838.456,217.94,72.844,238.454,166.383,111.362,45.184,4.725,1.172,59.432,37.059,22.254,7.76,0.56,0.101,0.949
20.0,3500,0.1,2.0,0.16873,0.1198,0.08928,0.0546,0.02197,0.01631,0.21025,0.14614,0.1069,0.06387,0.02454,0.01769,1408.235,1383.951,1243.315,825.221,214.603,71.727,237.616,165.791,111.001,45.06,4.715,1.17,58.472,36.463,21.905,7.643,0.552,0.099,1.065
22.5,3500,0.1,2.0,0.17164,0.12175,0.09068,0.05543,0.02231,0.01658,0.21326,0.14815,0.10832,0.0647,0.02488,0.01797,1378.744,1356.062,1219.424,810.3,210.841,70.467,236.648,165.105,110.582,44.915,4.704,1.168,57.389,35.791,21.512,7.511,0.542,0.098,1.155
25.0,3500,0.1,2.0,0.17499,0.12401,0.0923,0.05638,0.0227,0.01688,0.21674,0.15045,0.10997,0.06566,0.02528,0.01827,1346.004,1325.089,1192.884,793.722,206.66,69.068,235.541,164.321,110.104,44.75,4.692,1.166,56.186,35.044,21.074,7.364,0.532,0.096,1.209
27.5,3500,0.1,2.0,0.17883,0.12658,0.09414,0.05746,0.02315,0.01722,0.22071,0.15309,0.11184,0.06675,0.02572,0.01861,1310.087,1291.1,1163.749,775.517,202.07,67.531,234.285,163.431,109.56,44.562,4.677,1.163,54.865,34.223,20.594,7.202,0.52,0.094,1.215
30.0,3500,0.1,2.0,0.18321,0.12951,0.09624,0.05869,0.02365,0.01761,0.22524,0.15609,0.11397,0.06798,0.02623,0.01899,1271.075,1254.168,1132.08,755.722,197.079,65.86,232.872,162.428,108.947,44.35,4.661,1.16,53.428,33.331,20.072,7.026,0.508,0.091,1.332
32.5,3500,0.1,2.0,0.18818,0.13283,0.0986,0.06007,0.02422,0.01806,0.23039,0.15948,0.11637,0.06938,0.02679,0.01945,1229.058,1214.372,1097.94,734.376,191.696,64.058,231.288,161.304,108.26,44.112,4.642,1.157,51.878,32.368,19.509,6.837,0.494,0.089,1.406
35.0,3500,0.1,2.0,0.19383,0.13658,0.10127,0.06162,0.02485,0.01856,0.23624,0.16332,0.11908,0.07095,0.02743,0.01994,1184.135,1171.801,1061.401,711.519,185.932,62.128,229.52,160.047,107.491,43.846,4.621,1.153,50.219,31.337,18.905,6.634,0.479,0.086,1.43
37.5,3500,0.1,2.0,0.20024,0.14083,0.10428,0.06337,0.02557,0.01913,0.24287,0.16767,0.12214,0.07271,0.02815,0.02051,1136.412,1126.55,1022.539,687.197,179.799,60.075,227.551,158.648,106.634,43.55,4.598,1.149,48.452,30.239,18.263,6.417,0.464,0.083,1.486
40.0,3500,0.1,2.0,0.20751,0.14563,0.10768,0.06534,0.02638,0.01976,0.25041,0.17258,0.12559,0.0747,0.02896,0.02114,1086.007,1078.722,981.436,661.458,173.307,57.902,225.362,157.091,105.681,43.22,4.571,1.144,46.583,29.078,17.582,6.189,0.448,0.08,1.536
42.5,3500,0.1,2.0,0.2158,0.15107,0.11152,0.06756,0.02728,0.02048,0.25899,0.17815,0.12949,0.07693,0.02987,0.02187,1033.046,1028.427,938.18,634.351,166.471,55.613,222.932,155.363,104.623,42.855,4.542,1.139,44.614,27.854,16.865,5.947,0.43,0.077,1.572
45.0,3500,0.1,2.0,0.22527,0.15725,0.11586,0.07006,0.0283,0.02127,0.26879,0.18448,0.13391,0.07945,0.03089,0.02266,977.667,975.787,892.864,605.932,159.302,53.214,220.236,153.444,103.449,42.45,4.509,1.132,42.55,26.57,16.113,5.694,0.412,0.074,1.658
47.5,3500,0.1,2.0,0.23613,0.16431,0.1208,0.07289,0.02946,0.02219,0.28004,0.19171,0.13893,0.08231,0.03205,0.02359,920.021,920.929,845.588,576.257,151.816,50.708,217.246,151.317,102.148,42.002,4.472,1.125,40.395,25.23,15.327,5.43,0.393,0.071,1.698
50.0,3500,0.1,2.0,0.24867,0.1724,0.12644,0.07611,0.03076,0.02322,0.29302,0.19999,0.14466,0.08556,0.03335,0.02461,860.272,863.995,796.461,545.385,144.026,48.101,213.927,148.955,100.706,41.507,4.43,1.117,38.153,23.835,14.509,5.154,0.373,0.067,1.708
52.5,3500,0.1,2.0,0.26326,0.18175,0.13292,0.07979,0.03225,0.02441,0.30813,0.20956,0.15125,0.08927,0.03484,0.02579,798.599,805.137,745.596,513.379,135.95,45.398,210.238,146.334,99.107,40.961,4.384,1.108,35.831,22.388,13.661,4.868,0.353,0.063,1.756
55.0,3500,0.1,2.0,0.28038,0.19263,0.14043,0.08403,0.03395,0.02575,0.32585,0.2207,0.15887,0.09354,0.03655,0.02716,735.205,744.524,693.118,480.305,127.601,42.604,206.134,143.419,97.333,40.358,4.332,1.097,33.432,20.894,12.783,4.572,0.332,0.06,1.792
57.5,3500,0.1,2.0,0.30069,0.20543,0.1492,0.08895,0.03592,0.02731,0.34688,0.23379,0.16778,0.09851,0.03852,0.02872,670.314,682.339,639.161,446.234,118.999,39.725,201.555,140.171,95.361,39.691,4.274,1.085,30.963,19.354,11.878,4.267,0.31,0.056,1.786
60.0,3500,0.1,2.0,0.32512,0.22067,0.15957,0.09473,0.03821,0.02913,0.37218,0.24939,0.17832,0.10434,0.04082,0.03054,604.184,618.791,583.873,411.239,110.159,36.768,196.432,136.546,93.168,38.956,4.209,1.071,28.431,17.774,10.948,3.954,0.288,0.052,1.812
62.5,3500,0.1,2.0,0.355,0.23908,0.172,0.1016,0.04091,0.03124,0.40312,0.26824,0.19095,0.11127,0.04353,0.03263,537.113,554.121,527.417,375.397,101.101,33.738,190.676,132.48,90.717,38.14,4.136,1.054,25.843,16.157,9.995,3.632,0.265,0.047,1.833
65.0,3500,0.1,2.0,0.39233,0.26177,0.18718,0.10991,0.04414,0.03378,0.44176,0.29146,0.20638,0.11966,0.04676,0.03518,469.456,488.607,469.98,338.794,91.843,30.642,184.18,127.903,87.972,37.237,4.054,1.035,23.208,14.508,9.022,3.302,0.241,0.043,1.862
67.5,3500,0.1,2.0,0.44016,0.29038,0.20611,0.12015,0.04805,0.03682,0.49129,0.32075,0.22561,0.12999,0.05069,0.03823,401.652,422.59,411.782,301.521,82.406,27.488,176.792,122.712,84.872,36.229,3.96,1.012,20.537,12.833,8.03,2.966,0.217,0.039,1.918
70.0,3500,0.1,2.0,0.50358,0.32758,0.2304,0.13312,0.05293,0.04057,0.55696,0.35882,0.25029,0.14307,0.05558,0.04197,334.254,356.495,353.091,263.683,72.812,24.282,168.324,116.779,81.351,35.101,3.854,0.985,17.842,11.138,7.024,2.624,0.193,0.034,1.853
72.5,3500,0.1,2.0,0.59144,0.37786,0.26269,0.15006,0.05914,0.04526,0.64793,0.41029,0.28311,0.16015,0.06181,0.04669,267.992,290.886,294.252,225.401,63.085,21.033,158.5,109.913,77.298,33.823,3.731,0.952,15.14,9.434,6.007,2.276,0.168,0.03,1.948
75.0,3500,0.1,2.0,0.72073,0.44957,0.30779,0.17318,0.06736,0.05138,0.78181,0.48369,0.32892,0.18348,0.07005,0.05279,203.873,226.54,235.735,186.829,53.251,17.75,146.938,101.846,72.556,32.355,3.587,0.912,12.452,7.73,4.983,1.925,0.143,0.025,1.956
77.5,3500,0.1,2.0,0.92825,0.55986,0.37519,0.20671,0.07884,0.0598,0.99669,0.59659,0.39742,0.2173,0.08156,0.06126,143.35,164.606,178.237,148.177,43.343,14.447,133.064,92.157,66.873,30.629,3.417,0.864,9.811,6.045,3.962,1.57,0.118,0.021,1.964
80.0,3500,0.1,2.0,1.30904,0.75012,0.48672,0.25974,0.09604,0.0721,1.39101,0.79134,0.51075,0.2708,0.09879,0.07353,88.622,106.889,122.887,109.773,33.404,11.138,116.01,80.18,59.812,28.512,3.208,0.803,7.264,4.406,2.952,1.214,0.092,0.016,1.998
10.0,4000,0.1,2.0,0.15682,0.11248,0.08444,0.05205,0.02087,0.01561,0.19632,0.13776,0.10148,0.06112,0.02334,0.01698,1502.987,1469.413,1314.568,868.395,225.535,75.488,235.703,165.286,111.001,45.201,4.707,1.178,59.363,37.145,22.406,7.878,0.556,0.104,0.732
12.5,4000,0.1,2.0,0.15819,0.11342,0.08512,0.05245,0.02104,0.01573,0.19773,0.13872,0.10217,0.06153,0.0235,0.01712,1487.054,1454.368,1301.693,860.361,223.51,74.809,235.234,164.952,110.797,45.13,4.702,1.177,58.802,36.795,22.2,7.808,0.551,0.104,0.841
15.0,4000,0.1,2.0,0.15988,0.11458,0.08596,0.05295,0.02124,0.0159,0.19948,0.1399,0.10303,0.06203,0.02371,0.01727,1467.65,1436.042,1286.009,850.573,221.041,73.983,234.654,164.539,110.544,45.042,4.696,1.176,58.12,36.37,21.95,7.723,0.545,0.102,0.923
17.5,4000,0.1,2.0,0.16193,0.11597,0.08697,0.05356,0.02149,0.01608,0.2016,0.14133,0.10405,0.06264,0.02396,0.01746,1444.817,1414.474,1267.547,839.051,218.136,73.01,233.959,164.042,110.239,44.936,4.688,1.174,57.316,35.868,21.655,7.623,0.538,0.101,0.952
20.0,4000,0.1,2.0,0.16435,0.11762,0.08816,0.05426,0.02178,0.01632,0.2041,0.14302,0.10527,0.06335,0.02425,0.01771,1418.605,1389.71,1246.346,825.816,214.799,71.892,233.142,163.459,109.882,44.812,4.678,1.173,56.393,35.292,21.316,7.507,0.53,0.1,1.072
22.5,4000,0.1,2.0,0.16716,0.11954,0.08955,0.05508,0.02211,0.01658,0.20701,0.14498,0.10667,0.06418,0.02458,0.01797,1389.072,1361.8,1222.447,810.894,211.036,70.632,232.198,162.784,109.467,44.668,4.667,1.171,55.352,34.643,20.933,7.378,0.521,0.098,1.127
25.0,4000,0.1,2.0,0.17041,0.12174,0.09114,0.05603,0.0225,0.01689,0.21036,0.14723,0.10829,0.06513,0.02497,0.01827,1356.282,1330.806,1195.898,794.314,206.855,69.232,231.118,162.012,108.993,44.503,4.655,1.169,54.195,33.921,20.509,7.233,0.51,0.096,1.217
27.5,4000,0.1,2.0,0.17412,0.12426,0.09295,0.0571,0.02294,0.01722,0.21421,0.1498,0.11013,0.06622,0.02541,0.01861,1320.309,1296.791,1166.753,776.109,202.264,67.695,229.894,161.135,108.455,44.316,4.64,1.166,52.924,33.129,20.042,7.075,0.499,0.094,1.276
30.0,4000,0.1,2.0,0.17836,0.12712,0.09501,0.05832,0.02344,0.01762,0.21859,0.15273,0.11222,0.06744,0.02591,0.01901,1281.233,1259.83,1135.073,756.313,197.272,66.023,228.516,160.148,107.848,44.105,4.624,1.163,51.543,32.266,19.534,6.902,0.487,0.092,1.327
32.5,4000,0.1,2.0,0.18317,0.13036,0.09734,0.05969,0.024,0.01806,0.22356,0.15605,0.11459,0.06882,0.02647,0.01945,1239.144,1220.002,1100.921,734.965,191.888,64.22,226.971,159.04,107.166,43.867,4.605,1.16,50.052,31.336,18.987,6.716,0.474,0.089,1.405
35.0,4000,0.1,2.0,0.18863,0.13403,0.09997,0.06123,0.02463,0.01856,0.2292,0.1598,0.11726,0.07038,0.0271,0.01994,1194.14,1177.395,1064.368,712.107,186.123,62.29,225.246,157.803,106.405,43.602,4.584,1.156,48.456,30.34,18.4,6.516,0.46,0.086,1.452
37.5,4000,0.1,2.0,0.19482,0.13817,0.10293,0.06297,0.02534,0.01912,0.23561,0.16403,0.12027,0.07213,0.02781,0.02052,1146.327,1132.102,1025.49,687.784,179.988,60.236,223.325,156.424,105.556,43.307,4.561,1.152,46.757,29.28,17.776,6.304,0.445,0.084,1.483
40.0,4000,0.1,2.0,0.20185,0.14286,0.10627,0.06492,0.02614,0.01975,0.24288,0.16883,0.12366,0.0741,0.02862,0.02115,1095.82,1084.228,984.369,662.042,173.496,58.062,221.19,154.89,104.611,42.978,4.535,1.147,44.959,28.157,17.115,6.079,0.43,0.081,1.503
42.5,4000,0.1,2.0,0.20985,0.14817,0.11005,0.06712,0.02703,0.02048,0.25115,0.17426,0.12749,0.07632,0.02951,0.02187,1042.745,1033.882,941.091,634.934,166.657,55.772,218.82,153.187,103.564,42.614,4.505,1.142,43.065,26.975,16.418,5.842,0.413,0.078,1.585
45.0,4000,0.1,2.0,0.21898,0.1542,0.11432,0.06959,0.02804,0.02128,0.26059,0.18043,0.13183,0.07882,0.03052,0.02267,987.239,981.182,895.752,606.512,159.487,53.371,216.189,151.297,102.4,42.21,4.472,1.136,41.08,25.734,15.687,5.594,0.396,0.074,1.655
47.5,4000,0.1,2.0,0.22946,0.16108,0.11917,0.0724,0.02918,0.0222,0.27143,0.18746,0.13676,0.08165,0.03166,0.02359,929.449,926.259,848.451,576.834,151.999,50.864,213.272,149.201,101.112,41.764,4.435,1.129,39.006,24.439,14.923,5.334,0.378,0.071,1.657
50.0,4000,0.1,2.0,0.24155,0.16897,0.12471,0.07559,0.03047,0.02323,0.28392,0.19553,0.14239,0.08487,0.03296,0.02462,869.538,869.251,799.294,545.959,144.208,48.255,210.033,146.875,99.683,41.27,4.394,1.121,36.85,23.091,14.128,5.064,0.359,0.067,1.727
52.5,4000,0.1,2.0,0.25559,0.17807,0.13108,0.07924,0.03194,0.02441,0.29845,0.20484,0.14885,0.08855,0.03443,0.02582,807.682,810.309,748.396,513.949,136.129,45.55,206.436,144.293,98.099,40.725,4.348,1.112,34.614,21.693,13.303,4.783,0.339,0.064,1.719
55.0,4000,0.1,2.0,0.27206,0.18866,0.13845,0.08344,0.03362,0.02575,0.31547,0.21568,0.15634,0.09278,0.03612,0.02715,744.081,749.599,695.88,480.872,127.778,42.755,202.432,141.422,96.342,40.124,4.296,1.101,32.305,20.248,12.45,4.493,0.319,0.06,1.77
57.5,4000,0.1,2.0,0.29158,0.20111,0.14705,0.08832,0.03557,0.02731,0.33566,0.22841,0.16508,0.0977,0.03807,0.02872,678.954,687.305,641.879,446.796,119.173,39.874,197.967,138.225,94.39,39.46,4.239,1.089,29.929,18.76,11.57,4.193,0.298,0.056,1.781
60.0,4000,0.1,2.0,0.31503,0.21592,0.15723,0.09404,0.03783,0.02912,0.35991,0.24356,0.17541,0.10348,0.04033,0.03053,612.553,623.631,586.539,411.795,110.33,36.914,192.974,134.656,92.219,38.726,4.174,1.075,27.491,17.233,10.666,3.885,0.276,0.052,1.84
62.5,4000,0.1,2.0,0.34368,0.23381,0.16941,0.10085,0.0405,0.03126,0.38954,0.26185,0.18779,0.11034,0.043,0.03267,545.17,558.814,530.023,375.947,101.268,33.882,187.366,130.655,89.793,37.913,4.101,1.059,24.998,15.669,9.739,3.569,0.254,0.048,1.829
65.0,4000,0.1,2.0,0.37941,0.25582,0.18428,0.10907,0.04368,0.03378,0.42649,0.28436,0.20289,0.11864,0.0462,0.03518,477.153,493.129,472.516,339.336,92.006,30.783,181.039,126.154,87.077,37.013,4.019,1.04,22.46,14.074,8.793,3.245,0.232,0.043,1.867
67.5,4000,0.1,2.0,0.42513,0.28355,0.20282,0.11921,0.04755,0.03682,0.47376,0.31273,0.22171,0.12886,0.05008,0.03823,408.926,426.909,414.234,302.054,82.565,27.624,173.848,121.052,84.013,36.009,3.926,1.017,19.885,12.454,7.828,2.915,0.209,0.039,1.893
70.0,4000,0.1,2.0,0.48562,0.31956,0.22657,0.13204,0.05235,0.04055,0.53631,0.34955,0.24585,0.1418,0.05489,0.04199,341.028,360.572,355.441,264.204,72.965,24.413,165.61,115.225,80.534,34.886,3.82,0.99,17.286,10.814,6.85,2.579,0.185,0.035,1.912
72.5,4000,0.1,2.0,0.5692,0.36816,0.25814,0.1488,0.05848,0.04528,0.62274,0.39926,0.27791,0.15871,0.06105,0.04669,274.172,294.671,296.477,225.908,63.232,21.159,156.059,108.486,76.533,33.615,3.698,0.958,14.678,9.164,5.86,2.238,0.162,0.03,1.911
75.0,4000,0.1,2.0,0.69182,0.43734,0.30217,0.17166,0.06659,0.05143,0.74953,0.47002,0.32262,0.18176,0.06915,0.05288,209.337,229.965,237.802,187.317,53.39,17.87,144.823,100.573,71.856,32.154,3.555,0.919,12.082,7.514,4.864,1.892,0.137,0.026,1.933
77.5,4000,0.1,2.0,0.88775,0.54347,0.36788,0.20478,0.07791,0.05976,0.95215,0.57857,0.38936,0.21517,0.08051,0.0612,147.947,167.583,180.103,148.64,43.473,14.559,131.34,91.077,66.256,30.439,3.387,0.87,9.527,5.881,3.869,1.544,0.113,0.021,1.957
80.0,4000,0.1,2.0,1.24504,0.72589,0.47639,0.25715,0.09483,0.07207,1.32163,0.76514,0.49957,0.26799,0.09749,0.07349,92.169,109.3,124.486,110.2,33.523,11.239,114.754,79.34,59.304,28.338,3.179,0.81,7.059,4.29,2.886,1.195,0.089,0.016,2.025
10.0,4500,0.1,2.0,0.15291,0.11054,0.08344,0.05175,0.02088,0.0156,0.19074,0.13491,0.09999,0.06066,0.02334,0.01699,1513.022,1474.922,1317.41,868.954,225.722,75.631,231.358,163.031,109.919,44.965,4.712,1.18,57.238,35.958,21.811,7.742,0.556,0.105,0.78
12.5,4500,0.1,2.0,0.15424,0.11145,0.0841,0.05215,0.02104,0.01573,0.19211,0.13585,0.10067,0.06106,0.0235,0.01712,1497.069,1459.867,1304.531,860.92,223.696,74.952,230.901,162.702,109.717,44.894,4.706,1.179,56.7,35.62,21.611,7.673,0.551,0.104,0.829
15.0,4500,0.1,2.0,0.15588,0.11259,0.08493,0.05264,0.02125,0.01589,0.19381,0.13701,0.10151,0.06156,0.02371,0.01728,1477.64,1441.53,1288.843,851.131,221.228,74.126,230.335,162.295,109.466,44.807,4.7,1.178,56.043,35.209,21.368,7.59,0.545,0.103,0.952
17.5,4500,0.1,2.0,0.15786,0.11395,0.08593,0.05324,0.02149,0.01609,0.19586,0.13841,0.10252,0.06216,0.02396,0.01747,1454.778,1419.949,1270.377,839.608,218.322,73.152,229.656,161.806,109.164,44.701,4.692,1.177,55.27,34.724,21.081,7.491,0.538,0.101,0.991
20.0,4500,0.1,2.0,0.16021,0.11556,0.08711,0.05394,0.02178,0.01631,0.19827,0.14005,0.10372,0.06287,0.02424,0.0177,1428.532,1395.169,1249.169,826.373,214.984,72.034,228.859,161.231,108.81,44.578,4.682,1.175,54.383,34.168,20.751,7.378,0.53,0.1,1.065
22.5,4500,0.1,2.0,0.16293,0.11744,0.08847,0.05476,0.02212,0.01657,0.20109,0.14197,0.1051,0.06369,0.02459,0.01796,1398.958,1367.242,1225.263,811.451,211.22,70.774,227.937,160.566,108.399,44.434,4.672,1.173,53.382,33.54,20.38,7.25,0.521,0.098,1.154
25.0,4500,0.1,2.0,0.16608,0.11959,0.09004,0.05569,0.0225,0.01688,0.20434,0.14417,0.1067,0.06464,0.02497,0.01826,1366.122,1336.227,1198.707,794.87,207.039,69.374,226.884,159.805,107.93,44.269,4.659,1.171,52.269,32.843,19.967,7.109,0.511,0.096,1.188
27.5,4500,0.1,2.0,0.16968,0.12206,0.09183,0.05676,0.02294,0.01723,0.20806,0.14669,0.10851,0.06571,0.02541,0.01862,1330.097,1302.189,1169.553,776.664,202.447,67.836,225.689,158.941,107.396,44.083,4.645,1.169,51.047,32.077,19.513,6.953,0.5,0.094,1.304
30.0,4500,0.1,2.0,0.17378,0.12486,0.09385,0.05797,0.02344,0.01762,0.21229,0.14955,0.11057,0.06693,0.02591,0.01901,1290.962,1265.201,1137.862,756.867,197.454,66.164,224.343,157.968,106.794,43.872,4.628,1.166,49.718,31.243,19.019,6.783,0.488,0.092,1.317
32.5,4500,0.1,2.0,0.17844,0.12803,0.09615,0.05933,0.024,0.01807,0.2171,0.15279,0.1129,0.0683,0.02647,0.01945,1248.806,1225.343,1103.699,735.518,192.069,64.36,222.835,156.876,106.119,43.635,4.61,1.163,48.285,30.345,18.487,6.6,0.475,0.089,1.393
35.0,4500,0.1,2.0,0.18372,0.13161,0.09874,0.06086,0.02463,0.01857,0.22256,0.15645,0.11552,0.06984,0.02711,0.01996,1203.726,1182.701,1067.133,712.658,186.304,62.429,221.15,155.656,105.364,43.37,4.589,1.159,46.75,29.382,17.916,6.405,0.461,0.087,1.421
37.5,4500,0.1,2.0,0.18971,0.13566,0.10165,0.06258,0.02534,0.01913,0.22874,0.16059,0.11849,0.07158,0.02782,0.02052,1155.829,1137.371,1028.24,688.333,180.168,60.374,219.274,154.297,104.523,43.076,4.566,1.155,45.116,28.357,17.309,6.196,0.446,0.084,1.503
40.0,4500,0.1,2.0,0.19651,0.14024,0.10494,0.06452,0.02614,0.01976,0.23577,0.16527,0.12182,0.07353,0.02861,0.02115,1105.228,1089.454,987.102,662.59,173.673,58.199,217.188,152.784,103.586,42.748,4.539,1.15,43.387,27.272,16.666,5.975,0.43,0.081,1.558
42.5,4500,0.1,2.0,0.20424,0.14542,0.10865,0.0667,0.02703,0.02048,0.24375,0.17057,0.12559,0.07573,0.02951,0.02187,1052.047,1039.059,943.807,635.48,166.834,55.909,214.873,151.105,102.547,42.385,4.51,1.145,41.565,26.129,15.988,5.742,0.414,0.078,1.604
45.0,4500,0.1,2.0,0.21307,0.15131,0.11285,0.06916,0.02804,0.02129,0.25286,0.17659,0.12986,0.07821,0.03052,0.02267,996.422,986.306,898.447,607.056,159.662,53.507,212.304,149.242,101.394,41.982,4.477,1.139,39.655,24.93,15.278,5.498,0.396,0.074,1.629
47.5,4500,0.1,2.0,0.22318,0.15803,0.11763,0.07194,0.02918,0.0222,0.26331,0.18345,0.13471,0.08102,0.03167,0.02359,938.498,931.321,851.122,577.375,152.172,50.999,209.454,147.175,100.116,41.537,4.441,1.132,37.66,23.678,14.535,5.243,0.378,0.071,1.67
50.0,4500,0.1,2.0,0.23484,0.16572,0.12308,0.07511,0.03048,0.02323,0.27535,0.19131,0.14024,0.08421,0.03296,0.02461,878.436,874.245,801.938,546.497,144.379,48.389,206.291,144.882,98.7,41.045,4.4,1.124,35.585,22.374,13.761,4.977,0.359,0.067,1.732
52.5,4500,0.1,2.0,0.24838,0.1746,0.12933,0.07872,0.03194,0.02441,0.28933,0.20039,0.14659,0.08786,0.03444,0.02581,816.411,815.224,751.009,514.485,136.298,45.683,202.777,142.336,97.13,40.501,4.354,1.115,33.434,21.023,12.959,4.701,0.34,0.064,1.754
55.0,4500,0.1,2.0,0.26424,0.18492,0.13657,0.08289,0.03362,0.02577,0.30571,0.21093,0.15394,0.09206,0.03612,0.02717,752.616,754.426,698.458,481.404,127.945,42.886,198.868,139.507,95.389,39.902,4.302,1.105,31.211,19.626,12.129,4.416,0.319,0.06,1.809
57.5,4500,0.1,2.0,0.28302,0.19704,0.14502,0.08772,0.03557,0.02732,0.3251,0.22332,0.16252,0.09693,0.03807,0.02872,687.268,692.029,644.417,447.323,119.337,40.003,194.51,136.355,93.454,39.239,4.245,1.093,28.924,18.187,11.274,4.122,0.298,0.056,1.792
60.0,4500,0.1,2.0,0.30556,0.21145,0.15501,0.09339,0.03783,0.02913,0.34839,0.23805,0.17265,0.10266,0.04034,0.03053,620.615,628.238,589.031,412.317,110.491,37.041,189.637,132.84,91.303,38.508,4.18,1.079,26.576,16.71,10.394,3.819,0.277,0.052,1.786
62.5,4500,0.1,2.0,0.33307,0.22884,0.16696,0.10013,0.0405,0.03126,0.37679,0.25582,0.18479,0.10945,0.04302,0.03267,552.941,563.284,532.46,376.463,101.426,34.006,184.167,128.9,88.901,37.697,4.108,1.063,24.176,15.198,9.493,3.508,0.255,0.048,1.815
65.0,4500,0.1,2.0,0.36732,0.25022,0.18154,0.10828,0.04368,0.03378,0.41216,0.27767,0.19959,0.11767,0.0462,0.0352,484.585,497.439,474.889,339.845,92.16,30.905,177.998,124.469,86.213,36.8,4.026,1.044,21.73,13.655,8.572,3.191,0.232,0.044,1.876
67.5,4500,0.1,2.0,0.41107,0.27713,0.1997,0.11833,0.04755,0.03684,0.45735,0.30517,0.21803,0.1278,0.05008,0.03824,415.961,431.031,416.53,302.554,82.715,27.743,170.991,119.45,83.181,35.8,3.933,1.022,19.249,12.087,7.634,2.866,0.209,0.039,1.911
70.0,4500,0.1,2.0,0.46885,0.31202,0.22296,0.13102,0.05236,0.04056,0.51701,0.34083,0.24164,0.1406,0.0549,0.04199,347.595,364.469,357.645,264.694,73.11,24.529,162.969,113.721,79.742,34.681,3.828,0.995,16.742,10.5,6.681,2.536,0.186,0.035,1.963
72.5,4500,0.1,2.0,0.54848,0.35905,0.25384,0.1476,0.05848,0.04528,0.59926,0.38889,0.27299,0.15733,0.06104,0.04669,280.179,298.293,298.565,226.384,63.371,21.27,153.673,107.101,75.788,33.415,3.706,0.963,14.226,8.903,5.718,2.201,0.162,0.03,1.95
75.0,4500,0.1,2.0,0.66495,0.42587,0.29686,0.17021,0.06659,0.0514,0.71954,0.45718,0.31667,0.18012,0.06917,0.05285,214.668,233.251,239.747,187.776,53.522,17.976,142.744,99.334,71.172,31.962,3.564,0.924,11.719,7.304,4.749,1.861,0.138,0.026,1.984
77.5,4500,0.1,2.0,0.85029,0.52813,0.36099,0.20296,0.0779,0.05977,0.91096,0.5617,0.38178,0.21315,0.08049,0.0612,152.456,170.448,181.861,149.075,43.596,14.657,129.632,90.019,65.65,30.257,3.396,0.876,9.249,5.721,3.78,1.519,0.113,0.021,1.944
80.0,4500,0.1,2.0,1.18625,0.70331,0.46667,0.25469,0.09484,0.07203,1.25794,0.74074,0.48906,0.26532,0.09749,0.07353,95.673,111.631,125.998,110.602,33.635,11.329,113.492,78.511,58.8,28.169,3.19,0.816,6.859,4.178,2.821,1.176,0.089,0.017,1.877
10.0,5000,0.1,2.0,0.14923,0.1087,0.08249,0.05146,0.02087,0.0156,0.18548,0.13222,0.09858,0.06021,0.02334,0.01699,1522.586,1480.13,1320.059,869.478,225.895,75.754,227.217,160.886,108.889,44.741,4.715,1.182,55.194,34.823,21.244,7.613,0.557,0.105,0.756
12.5,5000,0.1,2.0,0.15052,0.10959,0.08315,0.05186,0.02104,0.01573,0.18681,0.13314,0.09925,0.06062,0.0235,0.01712,1506.615,1465.067,1307.177,861.443,223.869,75.075,226.77,160.561,108.688,44.671,4.71,1.181,54.676,34.497,21.05,7.546,0.552,0.104,0.821
15.0,5000,0.1,2.0,0.15211,0.11071,0.08396,0.05235,0.02125,0.01589,0.18845,0.13428,0.10008,0.06111,0.02371,0.01728,1487.163,1446.719,1291.485,851.654,221.4,74.248,226.218,160.16,108.439,44.583,4.704,1.18,54.044,34.099,20.813,7.463,0.546,0.103,0.907
17.5,5000,0.1,2.0,0.15404,0.11204,0.08495,0.05294,0.02149,0.01609,0.19044,0.13564,0.10108,0.06171,0.02396,0.01747,1464.274,1425.126,1273.014,840.131,218.494,73.275,225.555,159.678,108.141,44.478,4.696,1.179,53.301,33.63,20.534,7.366,0.539,0.101,0.973
20.0,5000,0.1,2.0,0.15631,0.11362,0.08611,0.05364,0.02178,0.01631,0.19278,0.13726,0.10225,0.06241,0.02425,0.0177,1437.996,1400.332,1251.801,826.895,215.156,72.157,224.776,159.111,107.789,44.355,4.686,1.177,52.447,33.092,20.213,7.255,0.531,0.1,1.076
22.5,5000,0.1,2.0,0.15896,0.11546,0.08745,0.05445,0.02212,0.01657,0.19551,0.13913,0.10362,0.06323,0.02459,0.01796,1408.385,1372.389,1227.889,811.972,211.392,70.896,223.875,158.455,107.382,44.212,4.676,1.175,51.485,32.485,19.851,7.13,0.522,0.098,1.152
25.0,5000,0.1,2.0,0.16201,0.11757,0.089,0.05538,0.0225,0.01688,0.19866,0.14129,0.10519,0.06417,0.02497,0.01826,1375.506,1341.354,1201.325,795.391,207.21,69.495,222.845,157.705,106.916,44.048,4.663,1.173,50.415,31.811,19.45,6.99,0.512,0.096,1.18
27.5,5000,0.1,2.0,0.1655,0.11998,0.09076,0.05644,0.02294,0.01723,0.20226,0.14375,0.10698,0.06523,0.02542,0.01861,1339.432,1307.294,1172.163,777.183,202.617,67.957,221.677,156.853,106.387,43.861,4.649,1.171,49.24,31.07,19.008,6.837,0.501,0.094,1.266
30.0,5000,0.1,2.0,0.16948,0.12272,0.09276,0.05763,0.02344,0.01762,0.20636,0.14655,0.10901,0.06644,0.02591,0.01901,1300.242,1270.281,1140.463,757.385,197.624,66.284,220.362,155.892,105.791,43.651,4.633,1.168,47.961,30.265,18.528,6.67,0.488,0.092,1.304
32.5,5000,0.1,2.0,0.17399,0.12583,0.09502,0.05898,0.024,0.01807,0.21102,0.14972,0.1113,0.0678,0.02647,0.01945,1258.025,1230.395,1106.289,736.035,192.238,64.481,218.887,154.815,105.121,43.415,4.614,1.165,46.583,29.395,18.01,6.491,0.475,0.089,1.356
35.0,5000,0.1,2.0,0.17911,0.12933,0.09757,0.06051,0.02463,0.01856,0.2163,0.1533,0.11389,0.06934,0.0271,0.01995,1212.876,1187.723,1069.711,713.174,186.471,62.549,217.24,153.611,104.372,43.151,4.593,1.161,45.106,28.464,17.455,6.298,0.461,0.087,1.425
37.5,5000,0.1,2.0,0.18491,0.13329,0.10044,0.06222,0.02534,0.01913,0.22228,0.15734,0.1168,0.07106,0.02782,0.02051,1164.9,1142.357,1030.805,688.848,180.334,60.493,215.405,152.27,103.537,42.857,4.57,1.157,43.534,27.473,16.864,6.093,0.447,0.084,1.5
40.0,5000,0.1,2.0,0.1915,0.13777,0.10368,0.06414,0.02614,0.01975,0.22907,0.16192,0.12009,0.073,0.02862,0.02114,1114.211,1094.4,989.652,663.103,173.839,58.318,213.366,150.778,102.608,42.53,4.544,1.152,41.871,26.424,16.238,5.876,0.431,0.081,1.526
42.5,5000,0.1,2.0,0.19898,0.14284,0.10734,0.0663,0.02704,0.02047,0.23679,0.16709,0.1238,0.07518,0.02952,0.02186,1060.932,1043.961,946.34,635.991,166.998,56.027,211.102,149.121,101.578,42.167,4.515,1.147,40.118,25.319,15.579,5.647,0.414,0.078,1.581
45.0,5000,0.1,2.0,0.20751,0.1486,0.11147,0.06874,0.02804,0.02128,0.24559,0.17297,0.128,0.07764,0.03053,0.02268,1005.197,991.158,900.961,607.565,159.825,53.624,208.589,147.282,100.433,41.766,4.482,1.141,38.28,24.159,14.887,5.407,0.397,0.075,1.628
47.5,5000,0.1,2.0,0.21729,0.15515,0.11617,0.07151,0.02919,0.0222,0.25568,0.17967,0.13276,0.08043,0.03167,0.02359,947.149,936.117,853.614,577.882,152.333,51.115,205.802,145.243,99.166,41.322,4.446,1.135,36.361,22.948,14.164,5.156,0.379,0.071,1.673
50.0,5000,0.1,2.0,0.22855,0.16267,0.12153,0.07465,0.03048,0.02324,0.26729,0.18734,0.1382,0.08359,0.03297,0.02464,886.947,878.976,804.406,547.002,144.538,48.504,202.708,142.98,97.761,40.831,4.405,1.127,34.364,21.688,13.411,4.895,0.36,0.068,1.729
52.5,5000,0.1,2.0,0.24161,0.17133,0.12768,0.07823,0.03194,0.02441,0.28077,0.19619,0.14445,0.08721,0.03444,0.02581,824.764,819.883,753.45,514.986,136.455,45.797,199.273,140.468,96.203,40.289,4.359,1.118,32.293,20.381,12.63,4.624,0.34,0.064,1.72
55.0,5000,0.1,2.0,0.25691,0.18139,0.1348,0.08236,0.03363,0.02577,0.29654,0.20646,0.15167,0.09138,0.03613,0.02716,760.789,759.002,700.867,481.902,128.1,42.998,195.451,137.677,94.477,39.691,4.308,1.108,30.154,19.03,11.823,4.343,0.32,0.06,1.807
57.5,5000,0.1,2.0,0.275,0.1932,0.1431,0.08715,0.03557,0.02732,0.31521,0.21853,0.1601,0.09621,0.03807,0.02872,695.237,696.51,646.789,447.817,119.489,40.115,191.191,134.569,92.558,39.029,4.25,1.096,27.952,17.638,10.99,4.054,0.299,0.056,1.812
60.0,5000,0.1,2.0,0.2967,0.20724,0.15291,0.09278,0.03783,0.02912,0.33759,0.23286,0.17005,0.10188,0.04034,0.03052,628.348,632.61,591.36,412.806,110.641,37.151,186.431,131.102,90.426,38.3,4.186,1.082,25.691,16.208,10.134,3.756,0.277,0.052,1.852
62.5,5000,0.1,2.0,0.32314,0.22416,0.16465,0.09946,0.0405,0.03125,0.36486,0.25014,0.18196,0.10862,0.04301,0.03266,560.402,567.53,534.74,376.947,101.572,34.114,181.088,127.219,88.045,37.492,4.114,1.066,23.379,14.745,9.257,3.451,0.255,0.048,1.819
65.0,5000,0.1,2.0,0.35602,0.24496,0.17896,0.10754,0.04369,0.0338,0.39877,0.27138,0.19648,0.11676,0.04622,0.03521,491.731,501.536,477.109,340.322,92.303,31.01,175.066,122.854,85.383,36.598,4.033,1.048,21.023,13.252,8.361,3.139,0.233,0.044,1.878
67.5,5000,0.1,2.0,0.39796,0.27109,0.19676,0.11748,0.04755,0.03681,0.44203,0.29807,0.21455,0.12679,0.05009,0.03821,422.737,434.952,418.681,303.023,82.854,27.846,168.231,117.912,82.381,35.6,3.94,1.025,18.631,11.734,7.447,2.82,0.21,0.039,1.852
70.0,5000,0.1,2.0,0.45322,0.30495,0.21956,0.13006,0.05236,0.04056,0.49903,0.33264,0.23769,0.13947,0.0549,0.04198,353.932,368.18,359.71,265.153,73.245,24.629,160.41,112.275,78.978,34.486,3.835,0.999,16.214,10.198,6.52,2.495,0.186,0.035,1.912
72.5,5000,0.1,2.0,0.52922,0.35051,0.24979,0.14647,0.05849,0.04526,0.57743,0.37918,0.26837,0.15602,0.06104,0.04666,285.99,301.749,300.525,226.831,63.5,21.366,151.353,105.766,75.069,33.225,3.714,0.967,13.786,8.65,5.582,2.166,0.162,0.03,1.905
75.0,5000,0.1,2.0,0.64005,0.41514,0.29187,0.16885,0.06661,0.05142,0.69175,0.44518,0.31107,0.17859,0.06918,0.05286,219.844,236.392,241.574,188.206,53.644,18.068,140.712,98.136,70.509,31.779,3.573,0.929,11.365,7.102,4.637,1.832,0.138,0.026,1.952
77.5,5000,0.1,2.0,0.81572,0.51382,0.35451,0.20125,0.0779,0.05983,0.87295,0.54597,0.37464,0.21125,0.08051,0.06125,156.854,173.194,183.517,149.483,43.711,14.743,127.949,88.991,65.059,30.083,3.405,0.882,8.977,5.567,3.693,1.495,0.114,0.021,1.943
80.0,5000,0.1,2.0,1.13234,0.6823,0.45756,0.25237,0.09484,0.07205,1.19955,0.71803,0.47921,0.2628,0.09748,0.07354,99.116,113.875,127.426,110.98,33.74,11.408,112.233,77.697,58.305,28.008,3.2,0.822,6.662,4.069,2.759,1.157,0.089,0.017,2.068
10.0,5500,0.1,2.0,0.14576,0.10696,0.08159,0.05118,0.02087,0.01561,0.18051,0.12968,0.09724,0.05979,0.02334,0.01699,1531.72,1485.07,1322.539,869.97,226.06,75.86,223.263,158.842,107.906,44.528,4.719,1.184,53.223,33.736,20.703,7.49,0.557,0.105,0.771
12.5,5500,0.1,2.0,0.14701,0.10784,0.08224,0.05158,0.02104,0.01574,0.18179,0.13057,0.0979,0.06019,0.02351,0.01712,1515.732,1470.0,1309.655,861.935,224.033,75.182,222.826,158.522,107.707,44.458,4.714,1.183,52.725,33.42,20.514,7.424,0.553,0.104,0.825
15.0,5500,0.1,2.0,0.14856,0.10893,0.08305,0.05207,0.02124,0.0159,0.18339,0.13169,0.09872,0.06069,0.02371,0.01728,1496.259,1451.643,1293.959,852.146,221.564,74.355,222.286,158.126,107.46,44.371,4.707,1.182,52.118,33.035,20.283,7.343,0.547,0.103,0.923
17.5,5500,0.1,2.0,0.15043,0.11024,0.08402,0.05266,0.02149,0.01608,0.18532,0.13303,0.09971,0.06128,0.02396,0.01747,1473.345,1430.039,1275.484,840.622,218.658,73.381,221.637,157.65,107.164,44.266,4.699,1.18,51.403,32.582,20.011,7.248,0.54,0.102,0.992
20.0,5500,0.1,2.0,0.15264,0.11179,0.08516,0.05335,0.02178,0.01632,0.1876,0.13461,0.10087,0.06198,0.02425,0.0177,1447.037,1405.231,1254.266,827.385,215.319,72.263,220.875,157.091,106.816,44.143,4.69,1.179,50.582,32.062,19.699,7.138,0.531,0.1,1.081
22.5,5500,0.1,2.0,0.15521,0.11359,0.08649,0.05416,0.02212,0.01658,0.19024,0.13644,0.10221,0.06279,0.02458,0.01796,1417.392,1377.272,1230.348,812.462,211.555,71.002,219.994,156.443,106.411,44.0,4.679,1.177,49.655,31.475,19.347,7.015,0.522,0.098,1.125
25.0,5500,0.1,2.0,0.15817,0.11566,0.08801,0.05508,0.02251,0.01688,0.1933,0.13855,0.10376,0.06372,0.02497,0.01826,1384.474,1346.22,1203.778,795.88,207.372,69.601,218.986,155.702,105.949,43.837,4.667,1.175,48.626,30.822,18.956,6.878,0.512,0.096,1.197
27.5,5500,0.1,2.0,0.16156,0.11802,0.08975,0.05613,0.02295,0.01722,0.19679,0.14097,0.10552,0.06478,0.02542,0.0186,1348.354,1312.14,1174.609,777.671,202.779,68.062,217.843,154.862,105.424,43.651,4.653,1.172,47.496,30.106,18.526,6.727,0.501,0.094,1.289
30.0,5500,0.1,2.0,0.16542,0.12071,0.09172,0.05732,0.02344,0.01762,0.20076,0.14371,0.10752,0.06598,0.02591,0.01901,1309.114,1275.104,1142.9,757.873,197.784,66.389,216.556,153.914,104.832,43.441,4.636,1.17,46.266,29.326,18.058,6.563,0.489,0.092,1.313
32.5,5500,0.1,2.0,0.1698,0.12375,0.09395,0.05866,0.024,0.01807,0.20528,0.14681,0.10979,0.06733,0.02648,0.01946,1266.839,1235.192,1108.716,736.522,192.398,64.585,215.113,152.85,104.168,43.205,4.618,1.167,44.94,28.485,17.554,6.386,0.476,0.09,1.352
35.0,5500,0.1,2.0,0.17477,0.12718,0.09647,0.06017,0.02464,0.01856,0.21039,0.15031,0.11233,0.06885,0.02711,0.01995,1221.625,1192.49,1072.127,713.66,186.63,62.653,213.5,151.661,103.424,42.942,4.598,1.163,43.519,27.585,17.013,6.197,0.462,0.087,1.4
37.5,5500,0.1,2.0,0.18039,0.13106,0.0993,0.06187,0.02534,0.01913,0.21619,0.15427,0.11521,0.07057,0.02782,0.02051,1173.577,1147.092,1033.209,689.332,180.492,60.597,211.705,150.337,102.596,42.649,4.574,1.159,42.007,26.626,16.438,5.995,0.447,0.084,1.498
40.0,5500,0.1,2.0,0.18677,0.13544,0.10249,0.06378,0.02614,0.01977,0.22276,0.15874,0.11845,0.07249,0.02862,0.02116,1122.806,1099.098,992.043,663.586,173.996,58.421,209.707,148.863,101.674,42.322,4.548,1.155,40.407,25.611,15.829,5.782,0.431,0.081,1.572
42.5,5500,0.1,2.0,0.19402,0.1404,0.10609,0.06593,0.02704,0.02047,0.23023,0.16381,0.1221,0.07466,0.02952,0.02186,1069.436,1048.617,948.715,636.472,167.153,56.129,207.491,147.228,100.651,41.961,4.519,1.149,38.72,24.542,15.187,5.557,0.415,0.078,1.567
45.0,5500,0.1,2.0,0.20228,0.14603,0.11017,0.06835,0.02805,0.02129,0.23874,0.16955,0.12623,0.0771,0.03053,0.02269,1013.598,995.767,903.318,608.044,159.979,53.726,205.03,145.411,99.515,41.56,4.487,1.144,36.952,23.42,14.513,5.321,0.397,0.075,1.636
47.5,5500,0.1,2.0,0.21174,0.15244,0.11479,0.07109,0.02918,0.0222,0.24848,0.17609,0.13093,0.07987,0.03167,0.02359,955.435,940.674,855.951,578.359,152.486,51.216,202.302,143.397,98.257,41.117,4.45,1.137,35.105,22.248,13.809,5.074,0.379,0.071,1.689
50.0,5500,0.1,2.0,0.22263,0.15978,0.12007,0.07421,0.03048,0.02323,0.2597,0.18358,0.13628,0.08301,0.03297,0.02463,895.103,883.473,806.721,547.476,144.689,48.605,199.273,141.162,96.863,40.627,4.41,1.129,33.183,21.029,13.076,4.817,0.36,0.068,1.71
52.5,5500,0.1,2.0,0.23525,0.16824,0.12612,0.07777,0.03195,0.0244,0.2727,0.19222,0.14242,0.08659,0.03444,0.0258,832.772,824.313,755.739,515.458,136.604,45.896,195.91,138.682,95.317,40.086,4.364,1.12,31.19,19.764,12.316,4.55,0.341,0.064,1.739
55.0,5500,0.1,2.0,0.25002,0.17807,0.13313,0.08187,0.03363,0.02576,0.28792,0.20224,0.14952,0.09073,0.03613,0.02715,768.63,763.355,703.126,482.37,128.247,43.097,192.17,135.927,93.604,39.49,4.313,1.11,29.131,18.456,11.53,4.274,0.32,0.06,1.753
57.5,5500,0.1,2.0,0.26747,0.18959,0.14129,0.08662,0.03558,0.02733,0.3059,0.214,0.15781,0.09552,0.03807,0.02872,702.886,700.775,649.015,448.282,119.634,40.212,188.002,132.859,91.7,38.83,4.256,1.099,27.01,17.109,10.719,3.99,0.299,0.056,1.785
60.0,5500,0.1,2.0,0.28838,0.20327,0.15093,0.0922,0.03784,0.02913,0.32744,0.22797,0.16759,0.10115,0.04035,0.03053,635.778,636.773,593.547,413.267,110.783,37.247,183.345,129.438,89.585,38.103,4.192,1.085,24.833,15.726,9.885,3.697,0.278,0.052,1.835
62.5,5500,0.1,2.0,0.31383,0.21976,0.16246,0.09882,0.04051,0.03125,0.35365,0.24479,0.17929,0.10782,0.04302,0.03265,567.579,571.574,536.881,377.402,101.711,34.209,178.121,125.608,87.224,37.296,4.12,1.069,22.606,14.309,9.031,3.397,0.256,0.048,1.789
65.0,5500,0.1,2.0,0.34543,0.24,0.17651,0.10683,0.04369,0.03379,0.38622,0.26545,0.19354,0.1159,0.04621,0.03521,498.612,505.442,479.196,340.771,92.439,31.103,172.237,121.304,84.585,36.405,4.039,1.051,20.336,12.864,8.158,3.089,0.233,0.044,1.86
67.5,5500,0.1,2.0,0.38568,0.26541,0.19399,0.11669,0.04756,0.03683,0.42768,0.29139,0.21127,0.12584,0.05009,0.03823,429.272,438.694,420.702,303.465,82.985,27.936,165.561,116.434,81.612,35.411,3.947,1.029,18.031,11.395,7.268,2.776,0.21,0.039,1.94
70.0,5500,0.1,2.0,0.43862,0.2983,0.21635,0.12915,0.05236,0.04058,0.48223,0.32494,0.23394,0.1384,0.05491,0.042,360.055,371.725,361.653,265.585,73.372,24.717,157.928,110.884,78.242,34.3,3.842,1.003,15.7,9.906,6.364,2.456,0.187,0.035,1.91
72.5,5500,0.1,2.0,0.51127,0.34249,0.24597,0.14541,0.05849,0.04527,0.55708,0.37005,0.264,0.15479,0.06105,0.04671,291.619,305.054,302.371,227.251,63.622,21.451,149.096,104.479,74.375,33.044,3.721,0.971,13.358,8.407,5.45,2.132,0.163,0.031,1.958
75.0,5500,0.1,2.0,0.6169,0.40508,0.28717,0.16756,0.06661,0.05141,0.66591,0.43392,0.30579,0.17713,0.0692,0.05284,224.874,239.402,243.297,188.611,53.76,18.149,138.725,96.976,69.867,31.604,3.581,0.933,11.02,6.906,4.53,1.804,0.139,0.026,1.966
77.5,5500,0.1,2.0,0.7837,0.50042,0.34842,0.19962,0.07791,0.05978,0.83775,0.53123,0.36792,0.20944,0.08051,0.0612,161.148,175.833,185.081,149.868,43.819,14.82,126.291,87.991,64.485,29.916,3.414,0.886,8.711,5.417,3.61,1.473,0.114,0.021,1.967
80.0,5500,0.1,2.0,1.08271,0.66271,0.44899,0.25018,0.09483,0.07205,1.14583,0.69686,0.46994,0.26042,0.09746,0.07353,102.501,116.041,128.779,111.336,33.838,11.478,110.979,76.901,57.82,27.854,3.209,0.827,6.47,3.963,2.698,1.14,0.089,0.017,1.693
10.0,0,0.1,4.0,0.19788,0.1327,0.09472,0.05517,0.02152,0.0156,0.25412,0.16703,0.11668,0.06587,0.02437,0.01697,1405.068,1408.552,1275.404,861.296,223.215,71.876,278.028,186.919,120.812,47.516,4.804,1.121,79.027,48.353,28.0,9.217,0.636,0.099,0.795
12.5,0,0.1,4.0,0.19968,0.13384,0.0955,0.0556,0.0217,0.01571,0.25601,0.16821,0.11747,0.06631,0.02454,0.01709,1389.359,1393.625,1262.596,853.267,221.192,71.207,277.432,186.527,120.581,47.442,4.799,1.119,78.261,47.889,27.738,9.135,0.63,0.098,0.828
15.0,0,0.1,4.0,0.20193,0.13526,0.09647,0.05614,0.02191,0.01588,0.25837,0.16967,0.11846,0.06685,0.02476,0.01726,1370.234,1375.447,1246.995,843.486,218.728,70.392,276.695,186.042,120.296,47.351,4.792,1.118,77.327,47.324,27.42,9.035,0.623,0.097,0.934
17.5,0,0.1,4.0,0.20465,0.13697,0.09763,0.05678,0.02216,0.01607,0.26121,0.17142,0.11964,0.0675,0.02501,0.01746,1347.735,1354.057,1228.633,831.972,215.828,69.433,275.811,185.46,119.953,47.241,4.783,1.116,76.228,46.658,27.045,8.917,0.615,0.096,1.001
20.0,0,0.1,4.0,0.20786,0.13898,0.099,0.05754,0.02246,0.0163,0.26457,0.1735,0.12104,0.06827,0.02531,0.01768,1321.916,1329.501,1207.548,818.746,212.496,68.332,274.775,184.777,119.551,47.112,4.773,1.114,74.966,45.893,26.614,8.781,0.606,0.094,1.082
22.5,0,0.1,4.0,0.21161,0.14133,0.1006,0.05842,0.02281,0.01656,0.2685,0.17592,0.12267,0.06916,0.02566,0.01795,1292.838,1301.834,1183.784,803.835,208.74,67.09,273.577,183.987,119.085,46.963,4.762,1.111,73.544,45.031,26.127,8.628,0.595,0.093,1.135
25.0,0,0.1,4.0,0.21594,0.14403,0.10243,0.05943,0.02322,0.01686,0.27303,0.17871,0.12454,0.07018,0.02607,0.01825,1260.57,1271.116,1157.391,787.268,204.566,65.711,272.209,183.084,118.553,46.791,4.749,1.108,71.963,44.073,25.587,8.459,0.584,0.091,1.155
27.5,0,0.1,4.0,0.22091,0.14713,0.10453,0.06059,0.02367,0.01721,0.27823,0.1819,0.12668,0.07134,0.02652,0.0186,1225.191,1237.417,1128.423,769.077,199.984,64.197,270.659,182.061,117.949,46.597,4.733,1.105,70.228,43.022,24.994,8.272,0.571,0.089,1.258
30.0,0,0.1,4.0,0.22659,0.15065,0.1069,0.0619,0.02418,0.0176,0.28418,0.18553,0.1291,0.07266,0.02704,0.01899,1186.786,1200.812,1096.942,749.297,195.001,62.552,268.915,180.908,117.268,46.378,4.716,1.101,68.341,41.878,24.349,8.069,0.557,0.087,1.297
32.5,0,0.1,4.0,0.23306,0.15466,0.1096,0.06337,0.02476,0.01805,0.29095,0.18965,0.13185,0.07416,0.02762,0.01943,1145.452,1161.385,1063.014,727.967,189.627,60.779,266.963,179.616,116.506,46.132,4.696,1.097,66.307,40.644,23.653,7.851,0.542,0.084,1.364
35.0,0,0.1,4.0,0.24043,0.15919,0.11264,0.06503,0.02542,0.01855,0.29866,0.19433,0.13496,0.07583,0.02828,0.01994,1101.296,1119.228,1026.713,705.13,183.874,58.881,264.783,178.174,115.653,45.857,4.674,1.092,64.13,39.323,22.908,7.616,0.526,0.082,1.439
37.5,0,0.1,4.0,0.24881,0.16433,0.11608,0.06691,0.02616,0.01912,0.30744,0.19963,0.13846,0.07773,0.02902,0.02051,1054.432,1074.441,988.117,680.83,177.752,56.863,262.358,176.568,114.704,45.551,4.65,1.087,61.814,37.918,22.114,7.367,0.509,0.079,1.46
40.0,0,0.1,4.0,0.25838,0.17017,0.11997,0.06901,0.02699,0.01975,0.31744,0.20563,0.14243,0.07985,0.02985,0.02114,1004.988,1027.131,947.311,655.115,171.274,54.728,259.664,174.783,113.649,45.21,4.622,1.081,59.364,36.431,21.275,7.102,0.491,0.076,1.541
42.5,0,0.1,4.0,0.2693,0.17679,0.12437,0.07139,0.02792,0.02046,0.32888,0.21247,0.14692,0.08225,0.03078,0.02186,953.104,977.417,904.387,628.036,164.452,52.482,256.675,172.802,112.479,44.833,4.591,1.074,56.786,34.865,20.39,6.824,0.471,0.073,1.573
45.0,0,0.1,4.0,0.28184,0.18435,0.12936,0.07407,0.02896,0.02127,0.34201,0.22025,0.15201,0.08496,0.03183,0.02266,898.931,925.427,859.443,599.648,157.3,50.128,253.358,170.603,111.18,44.415,4.556,1.066,54.085,33.223,19.462,6.532,0.451,0.07,1.622
47.5,0,0.1,4.0,0.29631,0.193,0.13505,0.07711,0.03015,0.02217,0.35715,0.22917,0.15781,0.08803,0.03302,0.02356,842.636,871.3,812.585,570.008,149.831,47.673,249.679,168.165,109.741,43.953,4.517,1.057,51.267,31.509,18.494,6.226,0.43,0.066,1.662
50.0,0,0.1,4.0,0.31309,0.20297,0.14157,0.08057,0.03149,0.0232,0.37472,0.23944,0.16445,0.09153,0.03437,0.0246,784.405,815.187,763.927,539.176,142.062,45.122,245.593,165.458,108.146,43.442,4.474,1.047,48.34,29.727,17.485,5.909,0.409,0.063,1.743
52.5,0,0.1,4.0,0.33274,0.21453,0.14907,0.08453,0.03303,0.02439,0.39528,0.25134,0.17211,0.09553,0.03591,0.02578,724.444,757.255,713.591,507.216,134.007,42.48,241.051,162.451,106.377,42.877,4.426,1.036,45.31,27.881,16.44,5.579,0.386,0.059,1.704
55.0,0,0.1,4.0,0.35595,0.22804,0.15779,0.08911,0.03478,0.02573,0.41958,0.26527,0.18101,0.10015,0.03767,0.02712,662.984,697.689,661.711,474.195,125.684,39.754,235.99,159.104,104.413,42.254,4.371,1.023,42.185,25.975,15.36,5.237,0.363,0.055,1.776
57.5,0,0.1,4.0,0.38371,0.24403,0.16802,0.09442,0.03681,0.02731,0.44864,0.28174,0.19143,0.10552,0.03971,0.02872,600.288,636.695,608.433,440.185,117.109,36.949,230.337,155.37,102.227,41.563,4.311,1.009,38.975,24.014,14.248,4.886,0.339,0.052,1.771
60.0,0,0.1,4.0,0.4174,0.26317,0.18016,0.10068,0.03917,0.02911,0.4839,0.30147,0.20381,0.11184,0.04207,0.03052,536.66,574.51,553.92,405.26,108.3,34.073,224.003,151.193,99.792,40.801,4.242,0.992,35.689,22.004,13.105,4.524,0.314,0.048,1.806
62.5,0,0.1,4.0,0.45903,0.28646,0.19477,0.10813,0.04195,0.03122,0.52748,0.32547,0.21872,0.11937,0.04485,0.03263,472.456,511.406,498.356,369.501,99.278,31.134,216.872,146.498,97.064,39.954,4.165,0.972,32.339,19.949,11.936,4.152,0.288,0.044,1.812
65.0,0,0.1,4.0,0.51164,0.31538,0.21269,0.11716,0.04529,0.03376,0.58254,0.35527,0.237,0.12849,0.04821,0.03518,408.107,447.707,441.953,332.997,90.06,28.138,208.802,141.197,94.001,39.014,4.079,0.95,28.938,17.859,10.743,3.773,0.263,0.04,1.85
67.5,0,0.1,4.0,0.58001,0.35217,0.23517,0.12831,0.04934,0.03678,0.65412,0.39318,0.25992,0.13976,0.05226,0.03817,344.141,383.809,384.964,295.843,80.671,25.096,199.606,135.166,90.531,37.961,3.98,0.923,25.503,15.74,9.53,3.385,0.236,0.035,1.917
70.0,0,0.1,4.0,0.6722,0.4005,0.26418,0.14248,0.05438,0.04052,0.75062,0.44298,0.28952,0.15406,0.05732,0.04192,281.229,320.215,327.701,258.15,71.131,22.016,189.041,128.247,86.573,36.78,3.868,0.892,22.055,13.603,8.302,2.991,0.209,0.031,1.964
72.5,0,0.1,4.0,0.8026,0.46668,0.30306,0.16103,0.06081,0.04521,0.88713,0.51118,0.32917,0.1728,0.06377,0.04664,220.247,257.585,270.571,220.051,61.469,18.91,176.771,120.211,81.998,35.434,3.738,0.855,18.617,11.462,7.065,2.591,0.182,0.027,1.911
75.0,0,0.1,4.0,0.99977,0.56261,0.35784,0.18645,0.06934,0.05136,1.09353,0.61004,0.38504,0.19848,0.07232,0.05281,162.379,196.831,214.131,181.712,51.713,15.792,162.341,110.74,76.624,33.88,3.586,0.811,15.226,9.334,5.825,2.186,0.154,0.023,1.969
77.5,0,0.1,4.0,1.32795,0.71337,0.4407,0.22348,0.08124,0.05971,1.43711,0.76538,0.46956,0.23589,0.08424,0.06112,109.271,139.273,159.2,143.368,41.902,12.679,145.106,99.353,70.16,32.04,3.404,0.757,11.928,7.244,4.594,1.779,0.126,0.018,1.935
80.0,0,0.1,4.0,1.96285,0.98158,0.58015,0.28245,0.09911,0.07202,2.1018,1.04177,0.61179,0.29545,0.10216,0.07348,63.261,86.923,107.082,105.39,32.087,9.595,124.172,85.322,62.124,29.767,3.18,0.691,8.79,5.232,3.388,1.37,0.098,0.014,1.953
10.0,500,0.1,4.0,0.19165,0.12966,0.09319,0.05471,0.02149,0.01559,0.24543,0.16266,0.11442,0.06517,0.02431,0.01697,1419.119,1417.663,1281.692,862.447,223.595,72.482,271.968,183.819,119.442,47.181,4.804,1.13,76.32,46.779,27.213,9.022,0.632,0.1,0.77
12.5,500,0.1,4.0,0.19339,0.13077,0.09395,0.05513,0.02166,0.01572,0.24724,0.1638,0.1152,0.0656,0.02449,0.0171,1403.374,1402.716,1268.87,854.418,221.572,71.811,271.393,183.436,119.215,47.107,4.799,1.129,75.583,46.331,26.959,8.942,0.627,0.099,0.814
15.0,500,0.1,4.0,0.19555,0.13215,0.0949,0.05567,0.02187,0.01589,0.24951,0.16522,0.11617,0.06614,0.0247,0.01727,1384.204,1384.512,1253.253,844.635,219.107,70.994,270.681,182.962,118.935,47.017,4.792,1.128,74.685,45.786,26.65,8.844,0.62,0.098,0.937
17.5,500,0.1,4.0,0.19816,0.13381,0.09604,0.0563,0.02212,0.01608,0.25223,0.16693,0.11733,0.06678,0.02495,0.01746,1361.652,1363.092,1234.871,833.119,216.206,70.032,269.827,182.394,118.599,46.907,4.783,1.126,73.628,45.144,26.287,8.729,0.612,0.097,0.988
20.0,500,0.1,4.0,0.20125,0.13577,0.09739,0.05706,0.02242,0.01631,0.25546,0.16894,0.1187,0.06754,0.02525,0.01769,1335.771,1338.501,1213.763,819.892,212.873,68.927,268.825,181.727,118.204,46.779,4.773,1.124,72.413,44.406,25.869,8.596,0.603,0.095,1.114
22.5,500,0.1,4.0,0.20485,0.13805,0.09895,0.05793,0.02277,0.01656,0.25923,0.17129,0.12029,0.06842,0.0256,0.01795,1306.62,1310.792,1189.973,804.979,209.116,67.681,267.667,180.954,117.746,46.63,4.762,1.121,71.045,43.575,25.398,8.447,0.592,0.094,1.12
25.0,500,0.1,4.0,0.20902,0.14068,0.10075,0.05893,0.02317,0.01686,0.26358,0.174,0.12212,0.06943,0.02601,0.01825,1274.269,1280.028,1163.549,788.409,204.941,66.298,266.345,180.072,117.224,46.46,4.749,1.118,69.524,42.651,24.874,8.281,0.581,0.092,1.192
27.5,500,0.1,4.0,0.21379,0.14368,0.1028,0.06007,0.02363,0.01721,0.26857,0.17709,0.12422,0.07058,0.02646,0.0186,1238.795,1246.275,1134.547,770.216,200.357,64.779,264.847,179.071,116.63,46.267,4.734,1.115,67.854,41.636,24.299,8.098,0.568,0.09,1.252
30.0,500,0.1,4.0,0.21925,0.14711,0.10513,0.06136,0.02414,0.01762,0.27427,0.18062,0.12659,0.07189,0.02698,0.01899,1200.283,1209.61,1103.027,750.433,195.373,63.128,263.161,177.945,115.961,46.049,4.717,1.112,66.038,40.532,23.674,7.9,0.554,0.087,1.319
32.5,500,0.1,4.0,0.22546,0.151,0.10777,0.06282,0.02472,0.01806,0.28076,0.18462,0.12928,0.07337,0.02756,0.01945,1158.83,1170.115,1069.056,729.1,189.998,61.349,261.272,176.682,115.212,45.805,4.697,1.108,64.081,39.342,23.0,7.686,0.539,0.085,1.355
35.0,500,0.1,4.0,0.23253,0.1554,0.11075,0.06447,0.02537,0.01856,0.28815,0.18915,0.13232,0.07503,0.02821,0.01993,1114.539,1127.882,1032.706,706.259,184.243,59.444,259.165,175.272,114.374,45.531,4.675,1.103,61.986,38.068,22.277,7.457,0.523,0.082,1.486
37.5,500,0.1,4.0,0.24058,0.16039,0.11412,0.06632,0.02611,0.01912,0.29655,0.19429,0.13576,0.0769,0.02895,0.02052,1067.524,1083.01,994.055,681.954,178.119,57.418,256.82,173.702,113.441,45.227,4.651,1.098,59.756,36.712,21.508,7.213,0.506,0.08,1.479
40.0,500,0.1,4.0,0.24974,0.16604,0.11792,0.0684,0.02693,0.01976,0.30613,0.20011,0.13963,0.079,0.02978,0.02115,1017.913,1035.605,953.189,656.234,171.638,55.275,254.215,171.956,112.403,44.888,4.623,1.092,57.398,35.277,20.694,6.954,0.488,0.077,1.514
42.5,500,0.1,4.0,0.26021,0.17247,0.12223,0.07075,0.02787,0.02046,0.31707,0.20672,0.14402,0.08137,0.03071,0.02186,965.839,985.786,910.197,629.15,164.813,53.02,251.323,170.019,111.253,44.513,4.593,1.085,54.916,33.765,19.836,6.682,0.469,0.074,1.62
45.0,500,0.1,4.0,0.27222,0.17979,0.12711,0.0734,0.02891,0.02128,0.32962,0.21426,0.149,0.08405,0.03176,0.02266,911.456,933.677,865.178,600.756,157.658,50.657,248.115,167.869,109.976,44.098,4.558,1.078,52.315,32.181,18.937,6.396,0.449,0.07,1.739
47.5,500,0.1,4.0,0.28606,0.18817,0.13268,0.07641,0.0301,0.02218,0.34407,0.22289,0.15467,0.08709,0.03295,0.02357,854.925,879.418,818.236,571.108,150.186,48.192,244.556,165.484,108.561,43.638,4.52,1.069,49.602,30.527,17.998,6.097,0.428,0.067,1.69
50.0,500,0.1,4.0,0.3021,0.19782,0.13904,0.07983,0.03144,0.02321,0.36084,0.23282,0.16116,0.09054,0.03429,0.02461,796.43,823.156,769.484,540.268,142.413,45.629,240.605,162.837,106.992,43.13,4.477,1.059,46.782,28.807,17.02,5.786,0.407,0.064,1.697
52.5,500,0.1,4.0,0.32086,0.209,0.14638,0.08375,0.03297,0.02439,0.38045,0.24432,0.16864,0.0945,0.03582,0.02578,736.171,765.058,719.043,508.299,134.354,42.974,236.211,159.897,105.253,42.569,4.429,1.048,43.863,27.025,16.006,5.464,0.384,0.06,1.71
55.0,500,0.1,4.0,0.34301,0.22207,0.15489,0.08826,0.03471,0.02575,0.40359,0.25777,0.17732,0.09906,0.03758,0.02714,674.376,705.304,667.045,475.268,126.027,40.234,231.317,156.624,103.321,41.949,4.375,1.036,40.852,25.184,14.958,5.13,0.361,0.056,1.722
57.5,500,0.1,4.0,0.36946,0.2375,0.16487,0.09351,0.03674,0.02732,0.43123,0.27366,0.18749,0.10436,0.03961,0.02871,611.3,644.097,613.634,441.246,117.447,37.415,225.852,152.974,101.172,41.263,4.315,1.022,37.758,23.29,13.879,4.786,0.337,0.052,1.796
60.0,500,0.1,4.0,0.40152,0.25597,0.17671,0.09969,0.0391,0.02911,0.46472,0.29267,0.19956,0.1106,0.04198,0.0305,547.24,581.67,558.97,406.307,108.632,34.523,219.727,148.892,98.778,40.505,4.247,1.005,34.589,21.348,12.771,4.432,0.313,0.048,1.81
62.5,500,0.1,4.0,0.44107,0.27843,0.19096,0.10705,0.04188,0.03124,0.50605,0.31579,0.21408,0.11802,0.04476,0.03263,482.545,518.289,503.234,370.532,99.603,31.566,212.834,144.305,96.098,39.664,4.171,0.986,31.358,19.363,11.636,4.068,0.287,0.044,1.839
65.0,500,0.1,4.0,0.49095,0.30626,0.20842,0.11596,0.0452,0.03376,0.55818,0.34444,0.23188,0.12702,0.0481,0.03517,417.63,454.27,446.634,334.008,90.379,28.551,205.035,139.127,93.088,38.73,4.085,0.964,28.076,17.342,10.478,3.697,0.262,0.04,1.866
67.5,500,0.1,4.0,0.55564,0.34164,0.2303,0.12696,0.04923,0.0368,0.62578,0.38085,0.25418,0.13814,0.05214,0.03822,353.012,390.002,389.417,296.831,80.98,25.487,196.149,133.239,89.681,37.686,3.987,0.938,24.759,15.294,9.3,3.318,0.235,0.036,1.888
70.0,500,0.1,4.0,0.64263,0.38803,0.25851,0.14092,0.05426,0.04052,0.71668,0.4286,0.28293,0.15224,0.05717,0.04195,289.342,325.974,331.889,259.11,71.431,22.383,185.94,126.487,85.796,36.514,3.876,0.907,21.426,13.227,8.107,2.932,0.208,0.032,1.972
72.5,500,0.1,4.0,0.76527,0.45142,0.29626,0.15921,0.06067,0.04524,0.84484,0.49385,0.32142,0.17071,0.0636,0.04665,227.477,262.832,274.445,220.975,61.757,19.251,174.081,118.647,81.307,35.181,3.747,0.871,18.1,11.153,6.904,2.541,0.181,0.027,1.934
75.0,500,0.1,4.0,0.94989,0.54307,0.34938,0.18424,0.06917,0.05136,1.03777,0.58819,0.37556,0.19599,0.07213,0.05279,168.575,201.467,217.631,182.592,51.986,16.103,160.127,109.41,76.036,33.641,3.596,0.827,14.815,9.091,5.698,2.145,0.154,0.023,1.914
77.5,500,0.1,4.0,1.25537,0.68659,0.42958,0.22069,0.08105,0.05974,1.35702,0.73592,0.45732,0.2328,0.08404,0.06121,114.261,143.175,162.246,144.19,42.157,12.956,143.44,98.302,69.698,31.821,3.417,0.774,11.615,7.064,4.5,1.746,0.126,0.019,2.052
80.0,500,0.1,4.0,1.84129,0.94065,0.56418,0.27866,0.09886,0.072,1.96939,0.99745,0.59452,0.29134,0.10189,0.07342,66.866,89.94,109.569,106.133,32.32,9.834,123.12,84.602,61.817,29.575,3.195,0.708,8.565,5.109,3.324,1.346,0.098,0.014,1.976
10.0,1000,0.1,4.0,0.18577,0.12679,0.09174,0.05427,0.02145,0.0156,0.2372,0.15852,0.11228,0.0645,0.02426,0.01698,1432.623,1426.276,1287.49,863.506,223.941,73.031,266.14,180.834,118.109,46.859,4.804,1.139,73.683,45.254,26.45,8.836,0.629,0.101,0.798
12.5,1000,0.1,4.0,0.18745,0.12787,0.09248,0.05469,0.02162,0.01573,0.23895,0.15963,0.11304,0.06493,0.02443,0.01711,1416.845,1411.31,1274.657,855.475,221.918,72.359,265.583,180.46,117.886,46.786,4.798,1.138,72.974,44.822,26.204,8.758,0.623,0.1,0.843
15.0,1000,0.1,4.0,0.18953,0.12921,0.09341,0.05522,0.02183,0.01588,0.24112,0.161,0.11399,0.06546,0.02464,0.01726,1397.633,1393.084,1259.026,845.692,219.452,71.539,264.894,179.997,117.611,46.696,4.791,1.136,72.11,44.296,25.905,8.662,0.617,0.099,0.909
17.5,1000,0.1,4.0,0.19204,0.13082,0.09453,0.05585,0.02209,0.01608,0.24375,0.16266,0.11513,0.0661,0.0249,0.01747,1375.032,1371.637,1240.627,834.175,216.55,70.575,264.068,179.44,117.28,46.587,4.783,1.135,71.093,43.677,25.552,8.549,0.609,0.098,0.973
20.0,1000,0.1,4.0,0.19502,0.13273,0.09585,0.05659,0.02239,0.01631,0.24685,0.16463,0.11647,0.06685,0.02519,0.01769,1349.092,1347.014,1219.5,820.946,213.217,69.467,263.098,178.788,116.892,46.46,4.773,1.133,69.925,42.965,25.147,8.419,0.599,0.096,1.033
22.5,1000,0.1,4.0,0.19849,0.13495,0.09739,0.05746,0.02273,0.01656,0.25047,0.16691,0.11804,0.06772,0.02555,0.01794,1319.874,1319.268,1195.687,806.031,209.458,68.218,261.978,178.032,116.442,46.312,4.762,1.13,68.609,42.163,24.691,8.273,0.589,0.094,1.152
25.0,1000,0.1,4.0,0.20249,0.1375,0.09915,0.05845,0.02313,0.01688,0.25465,0.16954,0.11983,0.06872,0.02595,0.01826,1287.446,1288.461,1169.237,789.46,205.283,66.831,260.698,177.169,115.928,46.143,4.749,1.128,67.145,41.271,24.183,8.111,0.578,0.092,1.197
27.5,1000,0.1,4.0,0.20709,0.14043,0.10116,0.05958,0.02359,0.01721,0.25944,0.17254,0.12188,0.06986,0.0264,0.01859,1251.884,1254.66,1140.205,771.263,200.697,65.308,259.247,176.19,115.344,45.951,4.734,1.124,65.539,40.292,23.626,7.932,0.565,0.09,1.258
30.0,1000,0.1,4.0,0.21233,0.14376,0.10345,0.06086,0.0241,0.01761,0.26491,0.17597,0.12421,0.07116,0.02692,0.01899,1213.273,1217.94,1108.651,751.478,195.712,63.652,257.615,175.088,114.686,45.734,4.717,1.121,63.792,39.228,23.019,7.738,0.551,0.088,1.305
32.5,1000,0.1,4.0,0.2183,0.14753,0.10603,0.0623,0.02468,0.01805,0.27114,0.17985,0.12685,0.07261,0.0275,0.01944,1171.708,1178.384,1074.643,730.142,190.335,61.867,255.787,173.852,113.949,45.491,4.698,1.117,61.909,38.079,22.365,7.528,0.536,0.086,1.384
35.0,1000,0.1,4.0,0.22509,0.15181,0.10896,0.06393,0.02533,0.01856,0.27822,0.18425,0.12982,0.07426,0.02815,0.01995,1127.291,1136.082,1038.25,707.298,184.578,59.957,253.747,172.472,113.124,45.219,4.676,1.113,59.892,36.85,21.665,7.304,0.52,0.083,1.436
37.5,1000,0.1,4.0,0.23282,0.15666,0.11226,0.06576,0.02607,0.01911,0.28628,0.18923,0.13319,0.07611,0.02889,0.02049,1080.137,1091.132,999.553,682.989,178.453,57.924,251.476,170.935,112.207,44.916,4.652,1.107,57.747,35.541,20.919,7.065,0.503,0.08,1.507
40.0,1000,0.1,4.0,0.24162,0.16215,0.11598,0.06783,0.02689,0.01976,0.29546,0.19488,0.13698,0.07819,0.02971,0.02114,1030.368,1043.642,958.634,657.265,171.97,55.775,248.953,169.226,111.185,44.579,4.624,1.102,55.478,34.156,20.13,6.812,0.486,0.077,1.547
42.5,1000,0.1,4.0,0.25166,0.16839,0.1202,0.07015,0.02782,0.02046,0.30593,0.20129,0.14128,0.08054,0.03065,0.02185,978.12,993.726,915.584,630.176,165.143,53.512,246.153,167.33,110.053,44.206,4.594,1.095,53.088,32.698,19.298,6.546,0.467,0.074,1.576
45.0,1000,0.1,4.0,0.26317,0.17549,0.12498,0.07277,0.02886,0.02127,0.31794,0.20859,0.14615,0.08319,0.03169,0.02266,923.54,941.51,870.499,601.776,157.985,51.141,243.046,165.225,108.796,43.793,4.56,1.088,50.585,31.169,18.426,6.266,0.447,0.071,1.628
47.5,1000,0.1,4.0,0.27642,0.18362,0.13043,0.07575,0.03004,0.02219,0.33177,0.21695,0.15169,0.08619,0.03287,0.02359,866.789,887.129,823.484,572.123,150.51,48.666,239.6,162.891,107.403,43.336,4.522,1.08,47.972,29.572,17.515,5.974,0.426,0.068,1.67
50.0,1000,0.1,4.0,0.29178,0.19296,0.13665,0.07913,0.03138,0.02321,0.34779,0.22656,0.15804,0.0896,0.03422,0.0246,808.047,830.732,774.65,541.276,142.734,46.093,235.773,160.299,105.859,42.83,4.479,1.07,45.257,27.911,16.566,5.669,0.405,0.064,1.736
52.5,1000,0.1,4.0,0.30972,0.20379,0.14383,0.083,0.0329,0.02441,0.3665,0.23769,0.16535,0.09351,0.03574,0.02581,747.511,772.481,724.117,509.298,134.672,43.428,231.519,157.421,104.147,42.272,4.431,1.06,42.446,26.191,15.583,5.354,0.382,0.061,1.768
55.0,1000,0.1,4.0,0.33087,0.21643,0.15215,0.08747,0.03465,0.02574,0.38857,0.25069,0.17382,0.09802,0.03749,0.02714,685.402,712.554,672.015,476.258,126.339,40.676,226.78,154.218,102.246,41.656,4.378,1.047,39.545,24.413,14.566,5.027,0.359,0.057,1.758
57.5,1000,0.1,4.0,0.35611,0.23135,0.1619,0.09265,0.03667,0.0273,0.41489,0.26604,0.18376,0.10326,0.03952,0.0287,621.971,651.153,618.486,442.225,117.755,37.844,221.489,150.646,100.131,40.973,4.318,1.033,36.563,22.584,13.519,4.69,0.336,0.053,1.811
60.0,1000,0.1,4.0,0.38665,0.2492,0.17346,0.09875,0.03902,0.02911,0.44676,0.28438,0.19553,0.10942,0.04188,0.03051,557.507,588.502,563.689,407.274,108.936,34.938,215.561,146.653,97.776,40.22,4.251,1.017,33.509,20.708,12.443,4.343,0.311,0.049,1.791
62.5,1000,0.1,4.0,0.42427,0.27086,0.18735,0.10602,0.04179,0.03125,0.486,0.30666,0.20969,0.11675,0.04465,0.03266,492.349,524.865,507.801,371.485,99.901,31.965,208.891,142.166,95.139,39.384,4.175,0.999,30.393,18.79,11.342,3.988,0.286,0.045,1.831
65.0,1000,0.1,4.0,0.47164,0.2977,0.20438,0.11481,0.04511,0.03377,0.53542,0.33426,0.22703,0.12563,0.04799,0.03518,426.903,460.552,451.025,334.944,90.669,28.933,201.346,137.105,92.18,38.456,4.09,0.977,27.227,16.837,10.218,3.624,0.261,0.041,1.902
67.5,1000,0.1,4.0,0.53294,0.33174,0.22569,0.12567,0.04914,0.03679,0.59937,0.36926,0.24874,0.1366,0.05202,0.03818,361.67,395.941,393.603,297.746,81.263,25.85,192.75,131.351,88.831,37.419,3.993,0.951,24.025,14.856,9.074,3.253,0.234,0.036,1.92
70.0,1000,0.1,4.0,0.61516,0.37633,0.25314,0.13945,0.05415,0.04053,0.68514,0.41511,0.27671,0.1505,0.05705,0.04194,297.285,331.51,335.835,260.001,71.705,22.725,182.877,124.756,85.014,36.256,3.883,0.921,20.805,12.857,7.915,2.875,0.208,0.032,1.932
72.5,1000,0.1,4.0,0.73069,0.43713,0.28984,0.15748,0.06054,0.04522,0.80567,0.47763,0.3141,0.16871,0.06346,0.04666,234.583,267.89,278.108,221.835,62.02,19.569,171.408,117.102,80.607,34.934,3.755,0.885,17.589,10.85,6.746,2.492,0.181,0.028,1.902
75.0,1000,0.1,4.0,0.9039,0.5248,0.3414,0.18215,0.06903,0.05136,0.98638,0.56778,0.36663,0.19362,0.07198,0.05276,174.696,205.953,220.952,183.412,52.237,16.395,157.907,108.085,75.434,33.408,3.606,0.842,14.409,8.852,5.573,2.104,0.154,0.023,1.968
77.5,1000,0.1,4.0,1.18887,0.66166,0.41912,0.21804,0.08086,0.05977,1.28369,0.70851,0.44579,0.22986,0.08384,0.06121,119.226,146.969,165.15,144.958,42.392,13.217,141.744,97.243,69.217,31.606,3.428,0.79,11.305,6.886,4.406,1.714,0.126,0.019,1.975
80.0,1000,0.1,4.0,1.73098,0.90276,0.54919,0.27507,0.09864,0.07198,1.8493,0.95645,0.5783,0.28744,0.10165,0.07347,70.492,92.895,111.956,106.829,32.534,10.059,122.02,83.862,61.485,29.385,3.209,0.724,8.341,4.987,3.259,1.322,0.098,0.015,1.995
10.0,1500,0.1,4.0,0.18022,0.12406,0.09035,0.05385,0.0211,0.0156,0.22941,0.15458,0.11024,0.06386,0.0237,0.01699,1445.62,1434.438,1292.835,864.478,224.26,73.526,260.525,177.958,116.811,46.55,4.733,1.147,71.112,43.776,25.71,8.658,0.581,0.102,0.753
12.5,1500,0.1,4.0,0.18183,0.12511,0.09109,0.05427,0.02127,0.01573,0.23109,0.15566,0.11099,0.06429,0.02387,0.01712,1429.811,1419.456,1279.992,856.447,222.236,72.852,259.985,177.591,116.592,46.477,4.728,1.146,70.43,43.359,25.472,8.581,0.576,0.101,0.843
15.0,1500,0.1,4.0,0.18384,0.12642,0.092,0.05479,0.02148,0.01588,0.23318,0.157,0.11192,0.06481,0.02408,0.01727,1410.562,1401.209,1264.349,846.662,219.77,72.031,259.318,177.138,116.321,46.387,4.721,1.144,69.6,42.852,25.182,8.487,0.57,0.1,0.923
17.5,1500,0.1,4.0,0.18626,0.12799,0.0931,0.05541,0.02173,0.01608,0.23571,0.15862,0.11304,0.06544,0.02432,0.01746,1387.914,1379.737,1245.936,835.144,216.868,71.064,258.517,176.594,115.995,46.279,4.713,1.143,68.622,42.254,24.84,8.376,0.562,0.098,0.979
20.0,1500,0.1,4.0,0.18913,0.12985,0.09439,0.05615,0.02202,0.01631,0.23869,0.16052,0.11435,0.06619,0.02462,0.0177,1361.92,1355.084,1224.792,821.914,213.533,69.953,257.578,175.954,115.613,46.153,4.703,1.141,67.498,41.568,24.447,8.249,0.554,0.097,1.047
22.5,1500,0.1,4.0,0.19247,0.13201,0.0959,0.05701,0.02237,0.01656,0.24217,0.16274,0.11589,0.06705,0.02496,0.01795,1332.639,1327.305,1200.959,806.998,209.774,68.702,256.492,175.215,115.17,46.005,4.692,1.138,66.232,40.794,24.004,8.106,0.544,0.095,1.155
25.0,1500,0.1,4.0,0.19633,0.1345,0.09763,0.05799,0.02276,0.01688,0.24619,0.1653,0.11765,0.06804,0.02536,0.01826,1300.139,1296.459,1174.487,790.424,205.597,67.311,255.252,174.37,114.664,45.837,4.679,1.136,64.824,39.933,23.512,7.947,0.534,0.093,1.197
27.5,1500,0.1,4.0,0.20075,0.13734,0.0996,0.05911,0.0232,0.01722,0.25079,0.16822,0.11966,0.06917,0.0258,0.01861,1264.495,1262.614,1145.429,772.226,201.011,65.785,253.847,173.411,114.089,45.646,4.664,1.133,63.279,38.989,22.971,7.772,0.522,0.091,1.222
30.0,1500,0.1,4.0,0.2058,0.14058,0.10185,0.06038,0.02371,0.01761,0.25605,0.17155,0.12194,0.07045,0.0263,0.01899,1225.792,1225.845,1113.847,752.439,196.024,64.125,252.265,172.331,113.442,45.43,4.647,1.129,61.599,37.961,22.383,7.582,0.509,0.089,1.312
32.5,1500,0.1,4.0,0.21154,0.14426,0.10438,0.06181,0.02428,0.01806,0.26203,0.17532,0.12453,0.0719,0.02688,0.01944,1184.123,1186.232,1079.806,731.1,190.646,62.336,250.493,171.12,112.715,45.188,4.628,1.126,59.787,36.853,21.749,7.377,0.496,0.086,1.36
35.0,1500,0.1,4.0,0.21807,0.14842,0.10725,0.06342,0.02491,0.01855,0.26884,0.1796,0.12745,0.07353,0.02751,0.01994,1139.59,1143.868,1043.377,708.252,184.888,60.421,248.516,169.768,111.904,44.918,4.606,1.121,57.848,35.667,21.07,7.157,0.481,0.084,1.41
37.5,1500,0.1,4.0,0.2255,0.15313,0.11049,0.06524,0.02563,0.01912,0.27657,0.18444,0.13074,0.07536,0.02823,0.0205,1092.304,1098.848,1004.639,683.941,178.76,58.383,246.314,168.263,110.999,44.617,4.582,1.116,55.784,34.404,20.346,6.924,0.465,0.081,1.495
40.0,1500,0.1,4.0,0.23395,0.15846,0.11414,0.06727,0.02644,0.01976,0.28537,0.18992,0.13446,0.07742,0.02905,0.02115,1042.389,1051.279,963.675,658.213,172.275,56.227,243.868,166.588,109.994,44.281,4.555,1.111,53.6,33.067,19.581,6.676,0.449,0.078,1.536
42.5,1500,0.1,4.0,0.24359,0.16452,0.11827,0.06957,0.02735,0.02046,0.29541,0.19614,0.13867,0.07974,0.02996,0.02185,989.977,1001.275,920.574,631.12,165.446,53.958,241.153,164.73,108.878,43.91,4.525,1.104,51.301,31.66,18.774,6.415,0.431,0.075,1.597
45.0,1500,0.1,4.0,0.25464,0.17142,0.12296,0.07217,0.02837,0.02127,0.30692,0.20322,0.14343,0.08236,0.03098,0.02266,935.214,948.96,875.432,602.715,158.285,51.579,238.141,162.667,107.639,43.499,4.491,1.097,48.892,30.184,17.928,6.141,0.413,0.072,1.636
47.5,1500,0.1,4.0,0.26735,0.1793,0.12829,0.07511,0.02953,0.02218,0.32015,0.21132,0.14886,0.08533,0.03214,0.02357,878.258,894.469,828.353,573.056,150.808,49.097,234.799,160.38,106.268,43.044,4.453,1.089,46.377,28.643,17.044,5.855,0.394,0.068,1.698
50.0,1500,0.1,4.0,0.28206,0.18837,0.13438,0.07846,0.03084,0.02322,0.33548,0.22063,0.15507,0.08871,0.03345,0.02462,819.285,837.947,779.448,542.203,143.029,46.516,231.089,157.84,104.746,42.541,4.411,1.08,43.763,27.04,16.124,5.557,0.374,0.065,1.744
52.5,1500,0.1,4.0,0.29923,0.19886,0.1414,0.08229,0.03233,0.02441,0.35336,0.23141,0.16222,0.09257,0.03495,0.0258,758.489,779.556,728.834,510.219,134.963,43.841,226.964,155.02,103.059,41.985,4.363,1.07,41.056,25.378,15.17,5.248,0.354,0.061,1.731
55.0,1500,0.1,4.0,0.31946,0.2111,0.14954,0.0867,0.03404,0.02576,0.37443,0.24399,0.17051,0.09703,0.03666,0.02714,696.087,719.471,676.641,477.171,126.627,41.079,222.371,151.883,101.187,41.372,4.31,1.058,38.263,23.662,14.184,4.928,0.332,0.057,1.737
57.5,1500,0.1,4.0,0.34356,0.22555,0.15907,0.09183,0.03601,0.0273,0.39953,0.25883,0.18021,0.10221,0.03864,0.02869,632.323,657.89,623.009,443.129,118.039,38.236,217.243,148.384,99.103,40.693,4.251,1.044,35.39,21.896,13.167,4.598,0.31,0.053,1.773
60.0,1500,0.1,4.0,0.3727,0.2428,0.17037,0.09786,0.03831,0.02911,0.42988,0.27655,0.19171,0.10829,0.04095,0.0305,567.479,595.034,568.094,408.167,109.215,35.317,211.5,144.473,96.784,39.944,4.184,1.028,32.448,20.083,12.123,4.258,0.288,0.049,1.811
62.5,1500,0.1,4.0,0.40853,0.26373,0.18394,0.10504,0.04102,0.03124,0.4672,0.29805,0.20552,0.11554,0.04366,0.03263,501.887,531.16,512.07,372.365,100.174,32.331,205.038,140.081,94.188,39.113,4.109,1.01,29.444,18.23,11.054,3.91,0.265,0.045,1.834
65.0,1500,0.1,4.0,0.45357,0.28962,0.20055,0.11373,0.04426,0.03377,0.51411,0.32465,0.22243,0.12431,0.04691,0.03517,435.941,466.574,455.138,335.809,90.937,29.284,197.731,135.129,91.276,38.191,4.025,0.989,26.39,16.343,9.962,3.554,0.241,0.041,1.879
67.5,1500,0.1,4.0,0.51174,0.32243,0.22132,0.12445,0.04818,0.03682,0.5747,0.35835,0.24358,0.13514,0.05084,0.03823,370.128,401.644,397.534,298.593,81.524,26.184,189.41,129.501,87.982,37.16,3.928,0.964,23.301,14.428,8.851,3.191,0.217,0.037,1.87
70.0,1500,0.1,4.0,0.58956,0.36532,0.24806,0.13804,0.05307,0.04054,0.65574,0.40241,0.27081,0.14886,0.05574,0.04197,305.066,336.838,339.551,260.825,71.957,23.041,179.854,123.054,84.23,36.005,3.819,0.934,20.191,12.493,7.725,2.821,0.192,0.033,1.914
72.5,1500,0.1,4.0,0.69857,0.42371,0.28377,0.15583,0.05931,0.04526,0.76929,0.46239,0.30717,0.16681,0.062,0.04667,241.569,272.772,281.567,222.632,62.262,19.864,168.753,115.576,79.9,34.693,3.693,0.899,17.083,10.551,6.588,2.445,0.167,0.028,1.958
75.0,1500,0.1,4.0,0.86135,0.50771,0.33387,0.18016,0.06757,0.05136,0.93884,0.54868,0.35818,0.19137,0.07027,0.0528,180.744,210.297,224.1,184.174,52.467,16.666,155.684,106.77,74.821,33.181,3.545,0.856,14.006,8.616,5.448,2.065,0.142,0.024,1.949
77.5,1500,0.1,4.0,1.12772,0.63839,0.40924,0.21552,0.07909,0.05973,1.21629,0.68293,0.43492,0.22707,0.08184,0.06114,124.166,150.661,167.916,145.673,42.607,13.461,140.024,96.181,68.718,31.395,3.37,0.804,10.998,6.71,4.312,1.683,0.117,0.019,1.947
80.0,1500,0.1,4.0,1.63046,0.86758,0.53509,0.27166,0.09636,0.07205,1.73999,0.91836,0.56305,0.28375,0.09914,0.07351,74.136,95.791,114.243,107.48,32.731,10.271,120.876,83.106,61.13,29.198,3.154,0.74,8.12,4.865,3.195,1.299,0.091,0.015,2.046
10.0,2000,0.1,4.0,0.17498,0.12148,0.08904,0.05345,0.02109,0.0156,0.22204,0.15085,0.1083,0.06326,0.02368,0.01698,1458.087,1442.139,1297.747,865.372,224.552,73.968,255.136,175.195,115.553,46.254,4.736,1.154,68.615,42.348,24.996,8.487,0.581,0.102,0.77
12.5,2000,0.1,4.0,0.17654,0.12251,0.08976,0.05387,0.02126,0.01573,0.22366,0.1519,0.10904,0.06368,0.02384,0.01711,1442.249,1427.142,1284.897,857.341,222.527,73.293,254.613,174.837,115.337,46.182,4.731,1.153,67.96,41.946,24.765,8.412,0.575,0.101,0.818
15.0,2000,0.1,4.0,0.17848,0.12378,0.09066,0.05438,0.02147,0.01588,0.22567,0.15321,0.10995,0.0642,0.02405,0.01726,1422.964,1408.876,1269.243,847.555,220.061,72.47,253.966,174.392,115.07,46.092,4.724,1.151,67.161,41.457,24.483,8.32,0.569,0.1,0.924
17.5,2000,0.1,4.0,0.18081,0.12531,0.09174,0.055,0.02172,0.01608,0.2281,0.15478,0.11105,0.06482,0.0243,0.01747,1400.274,1387.382,1250.818,836.036,217.158,71.502,253.189,173.858,114.749,45.985,4.716,1.15,66.22,40.88,24.152,8.211,0.562,0.099,0.978
20.0,2000,0.1,4.0,0.18358,0.12712,0.09301,0.05573,0.02201,0.01631,0.23098,0.15664,0.11234,0.06556,0.0246,0.01769,1374.23,1362.703,1229.659,822.805,213.823,70.39,252.278,173.232,114.373,45.859,4.706,1.148,65.14,40.217,23.771,8.087,0.553,0.097,1.049
22.5,2000,0.1,4.0,0.1868,0.12923,0.09449,0.05658,0.02235,0.01658,0.23433,0.1588,0.11385,0.06642,0.02494,0.01796,1344.89,1334.893,1205.81,807.887,210.063,69.136,251.225,172.507,113.937,45.712,4.695,1.146,63.922,39.471,23.341,7.947,0.544,0.096,1.075
25.0,2000,0.1,4.0,0.19052,0.13165,0.09619,0.05756,0.02274,0.01687,0.2382,0.16129,0.11558,0.0674,0.02533,0.01826,1312.323,1304.012,1179.318,791.312,205.885,67.742,250.021,171.679,113.438,45.545,4.682,1.143,62.569,38.64,22.863,7.791,0.533,0.094,1.144
27.5,2000,0.1,4.0,0.19478,0.13443,0.09813,0.05866,0.02319,0.01722,0.24263,0.16413,0.11755,0.06852,0.02578,0.01861,1276.604,1270.127,1150.239,773.112,201.297,66.213,248.658,170.739,112.871,45.354,4.668,1.14,61.083,37.729,22.339,7.62,0.522,0.092,1.263
30.0,2000,0.1,4.0,0.19964,0.13758,0.10033,0.05992,0.02369,0.01761,0.24769,0.16737,0.11979,0.06979,0.02629,0.01899,1237.814,1233.312,1118.632,753.323,196.309,64.55,247.123,169.68,112.233,45.14,4.651,1.137,59.467,36.737,21.769,7.433,0.509,0.089,1.302
32.5,2000,0.1,4.0,0.20518,0.14116,0.10282,0.06134,0.02426,0.01805,0.25344,0.17104,0.12233,0.07122,0.02685,0.01944,1196.048,1193.65,1084.562,731.982,190.93,62.757,245.403,168.493,111.517,44.899,4.632,1.133,57.724,35.668,21.153,7.233,0.495,0.087,1.35
35.0,2000,0.1,4.0,0.21147,0.14521,0.10563,0.06293,0.0249,0.01856,0.25998,0.17519,0.12519,0.07283,0.02749,0.01994,1151.407,1151.228,1048.103,709.132,185.17,60.838,243.483,167.166,110.716,44.629,4.61,1.129,55.858,34.523,20.494,7.017,0.481,0.084,1.406
37.5,2000,0.1,4.0,0.21861,0.14979,0.10881,0.06473,0.02561,0.01912,0.26741,0.1799,0.12842,0.07464,0.02821,0.02051,1104.0,1106.144,1009.329,684.817,179.041,58.795,241.347,165.69,109.825,44.33,4.586,1.124,53.873,33.304,19.792,6.788,0.465,0.082,1.473
40.0,2000,0.1,4.0,0.22674,0.15498,0.11239,0.06675,0.02643,0.01976,0.27586,0.18522,0.13207,0.07668,0.02902,0.02115,1053.949,1058.503,968.326,659.086,172.554,56.635,238.972,164.047,108.833,43.996,4.56,1.119,51.772,32.014,19.049,6.545,0.448,0.079,1.547
42.5,2000,0.1,4.0,0.23601,0.16087,0.11645,0.06903,0.02733,0.02047,0.2855,0.19127,0.13619,0.07898,0.02993,0.02187,1001.384,1008.419,925.181,631.989,165.723,54.36,236.336,162.224,107.733,43.627,4.529,1.113,49.56,30.655,18.267,6.29,0.431,0.076,1.599
45.0,2000,0.1,4.0,0.24662,0.16757,0.12104,0.0716,0.02836,0.02128,0.29653,0.19815,0.14086,0.08158,0.03096,0.02266,946.45,956.014,879.99,603.58,158.56,51.976,233.411,160.201,106.512,43.217,4.496,1.106,47.241,29.23,17.446,6.021,0.413,0.072,1.689
47.5,2000,0.1,4.0,0.25882,0.17523,0.12626,0.07451,0.02951,0.02219,0.30922,0.20601,0.14618,0.08452,0.03212,0.02358,889.303,901.422,832.856,573.917,151.08,49.487,230.167,157.957,105.159,42.764,4.458,1.098,44.822,27.742,16.588,5.741,0.394,0.069,1.71
50.0,2000,0.1,4.0,0.27293,0.18403,0.13224,0.07782,0.03082,0.02322,0.3239,0.21504,0.15226,0.08786,0.03343,0.02461,830.116,844.788,783.888,543.058,143.298,46.898,226.565,155.466,103.658,42.263,4.416,1.089,42.306,26.194,15.695,5.449,0.374,0.065,1.704
52.5,2000,0.1,4.0,0.28939,0.19421,0.13911,0.08161,0.03231,0.0244,0.34101,0.22548,0.15925,0.09168,0.03492,0.02581,769.077,786.269,733.204,511.068,135.23,44.216,222.562,152.7,101.995,41.71,4.369,1.079,39.7,24.59,14.769,5.146,0.353,0.062,1.715
55.0,2000,0.1,4.0,0.30875,0.20608,0.14707,0.08598,0.03401,0.02574,0.36115,0.23767,0.16736,0.09609,0.03663,0.02714,706.4,726.039,680.932,478.013,126.891,41.445,218.104,149.623,100.148,41.1,4.316,1.067,37.01,22.933,13.812,4.833,0.332,0.058,1.774
57.5,2000,0.1,4.0,0.33181,0.22007,0.1564,0.09105,0.03599,0.02731,0.38512,0.25203,0.17685,0.10121,0.03861,0.02871,642.325,664.292,627.209,443.962,118.298,38.592,213.128,146.193,98.095,40.424,4.257,1.054,34.244,21.227,12.825,4.509,0.31,0.054,1.785
60.0,2000,0.1,4.0,0.35964,0.23677,0.16744,0.09702,0.03828,0.02913,0.41406,0.26917,0.18808,0.10723,0.04092,0.03054,577.127,601.248,572.191,408.991,109.47,35.663,207.556,142.359,95.809,39.679,4.191,1.039,31.409,19.476,11.811,4.177,0.288,0.05,1.795
62.5,2000,0.1,4.0,0.39382,0.25701,0.1807,0.10411,0.04099,0.03126,0.4496,0.28994,0.20158,0.11439,0.04363,0.03266,511.128,537.157,516.048,373.178,100.424,32.665,201.29,138.056,93.251,38.852,4.116,1.021,28.514,17.685,10.773,3.836,0.265,0.046,1.793
65.0,2000,0.1,4.0,0.4367,0.28203,0.19692,0.1127,0.04423,0.03378,0.4942,0.31561,0.21809,0.12306,0.04687,0.0352,444.713,472.319,458.977,336.609,91.181,29.605,194.207,133.206,90.383,37.935,4.033,1.0,25.57,15.861,9.713,3.487,0.241,0.042,1.871
67.5,2000,0.1,4.0,0.49198,0.31368,0.21719,0.12329,0.04815,0.0368,0.55168,0.34809,0.23871,0.13375,0.05081,0.0382,378.355,407.094,401.21,299.377,81.762,26.491,186.142,127.696,87.14,36.911,3.937,0.975,22.589,14.009,8.633,3.131,0.217,0.037,1.897
70.0,2000,0.1,4.0,0.56574,0.355,0.24327,0.13671,0.05303,0.04055,0.6284,0.3905,0.26524,0.1473,0.05569,0.04196,312.655,341.94,343.035,261.59,72.188,23.332,176.883,121.388,83.449,35.763,3.828,0.946,19.588,12.138,7.539,2.768,0.192,0.033,1.886
72.5,2000,0.1,4.0,0.66879,0.41114,0.27804,0.15427,0.05926,0.04524,0.73555,0.44812,0.30063,0.16502,0.06195,0.04668,248.407,277.458,284.82,223.372,62.484,20.136,166.131,114.075,79.191,34.46,3.703,0.911,16.585,10.259,6.434,2.4,0.168,0.029,1.946
75.0,2000,0.1,4.0,0.82205,0.49173,0.32677,0.17827,0.06752,0.05137,0.89494,0.53083,0.35022,0.18924,0.07022,0.05279,186.692,214.483,227.071,184.882,52.678,16.917,153.47,105.468,74.2,32.959,3.557,0.869,13.609,8.385,5.324,2.028,0.142,0.024,1.924
77.5,2000,0.1,4.0,1.07156,0.61673,0.39995,0.21314,0.07903,0.05976,1.15443,0.6591,0.42469,0.22443,0.08177,0.06122,129.055,154.234,170.538,146.339,42.805,13.688,138.29,95.12,68.207,31.19,3.383,0.818,10.695,6.536,4.219,1.653,0.117,0.02,1.983
80.0,2000,0.1,4.0,1.53895,0.83498,0.52185,0.26843,0.09629,0.07203,1.64053,0.8831,0.54874,0.28023,0.09906,0.07346,77.779,98.611,116.424,108.088,32.911,10.468,119.698,82.338,60.756,29.014,3.169,0.754,7.901,4.745,3.13,1.276,0.091,0.015,1.99
10.0,2500,0.1,4.0,0.17003,0.11904,0.0878,0.05307,0.02108,0.0156,0.21506,0.14731,0.10646,0.06268,0.02366,0.01699,1470.061,1449.406,1302.241,866.193,224.821,74.357,249.957,172.538,114.331,45.97,4.739,1.16,66.188,40.968,24.305,8.324,0.58,0.103,0.765
12.5,2500,0.1,4.0,0.17154,0.12004,0.08851,0.05348,0.02125,0.01573,0.21662,0.14833,0.10718,0.0631,0.02383,0.01711,1454.197,1434.396,1289.383,858.16,222.796,73.68,249.449,172.186,114.118,45.898,4.734,1.159,65.558,40.58,24.081,8.25,0.575,0.102,0.811
15.0,2500,0.1,4.0,0.17341,0.12128,0.08939,0.054,0.02145,0.01589,0.21856,0.14961,0.10808,0.06361,0.02404,0.01728,1434.878,1416.113,1273.721,848.374,220.329,72.856,248.82,171.75,113.855,45.809,4.727,1.158,64.79,40.108,23.808,8.16,0.569,0.101,0.905
17.5,2500,0.1,4.0,0.17567,0.12278,0.09045,0.05461,0.0217,0.01608,0.22091,0.15114,0.10916,0.06423,0.02428,0.01746,1412.148,1394.597,1255.285,836.854,217.425,71.887,248.066,171.227,113.539,45.702,4.719,1.156,63.885,39.551,23.486,8.053,0.561,0.099,0.94
20.0,2500,0.1,4.0,0.17833,0.12454,0.0917,0.05534,0.022,0.01631,0.22368,0.15295,0.11043,0.06497,0.02458,0.01769,1386.057,1369.895,1234.114,823.622,214.09,70.773,247.182,170.612,113.167,45.577,4.709,1.154,62.847,38.912,23.116,7.932,0.553,0.098,1.04
22.5,2500,0.1,4.0,0.18144,0.1266,0.09315,0.05618,0.02234,0.01657,0.22691,0.15505,0.11191,0.06582,0.02492,0.01795,1356.664,1342.058,1210.25,808.703,210.329,69.517,246.159,169.901,112.737,45.431,4.698,1.152,61.676,38.191,22.699,7.794,0.543,0.096,1.111
25.0,2500,0.1,4.0,0.18503,0.12896,0.09482,0.05714,0.02273,0.01688,0.23063,0.15748,0.11361,0.06679,0.02531,0.01826,1324.035,1311.145,1183.742,792.127,206.151,68.122,244.99,169.088,112.245,45.264,4.685,1.15,60.374,37.39,22.236,7.641,0.533,0.094,1.19
27.5,2500,0.1,4.0,0.18914,0.13166,0.09673,0.05824,0.02317,0.01722,0.2349,0.16025,0.11554,0.0679,0.02576,0.01861,1288.245,1277.224,1154.644,773.925,201.562,66.59,243.665,168.165,111.686,45.075,4.671,1.147,58.945,36.51,21.727,7.474,0.521,0.092,1.272
30.0,2500,0.1,4.0,0.19384,0.13474,0.09889,0.05949,0.02368,0.01762,0.23977,0.1634,0.11774,0.06915,0.02626,0.01901,1249.375,1240.368,1123.016,754.134,196.573,64.924,242.173,167.126,111.056,44.861,4.654,1.144,57.391,35.553,21.173,7.291,0.508,0.09,1.302
32.5,2500,0.1,4.0,0.19917,0.13822,0.10134,0.06089,0.02424,0.01806,0.24531,0.16697,0.12023,0.07057,0.02683,0.01945,1207.519,1200.66,1088.922,732.791,191.192,63.128,240.502,165.96,110.349,44.621,4.635,1.14,55.715,34.52,20.576,7.094,0.495,0.088,1.384
35.0,2500,0.1,4.0,0.20523,0.14217,0.1041,0.06247,0.02488,0.01856,0.2516,0.17102,0.12304,0.07217,0.02747,0.01995,1162.777,1158.186,1052.436,709.939,185.431,61.206,238.637,164.659,109.559,44.353,4.614,1.136,53.921,33.415,19.936,6.883,0.48,0.085,1.444
37.5,2500,0.1,4.0,0.21211,0.14663,0.10722,0.06425,0.0256,0.01912,0.25875,0.1756,0.12621,0.07396,0.02819,0.0205,1115.257,1113.044,1013.633,685.622,179.3,59.16,236.56,163.209,108.68,44.054,4.59,1.131,52.011,32.238,19.255,6.658,0.465,0.082,1.478
40.0,2500,0.1,4.0,0.21994,0.15169,0.11073,0.06626,0.0264,0.01976,0.26687,0.18078,0.12979,0.07599,0.029,0.02114,1065.079,1065.339,972.595,659.888,172.812,56.995,234.251,161.596,107.7,43.722,4.563,1.126,49.99,30.993,18.534,6.421,0.448,0.079,1.54
42.5,2500,0.1,4.0,0.22886,0.15742,0.11471,0.06851,0.02732,0.02047,0.27614,0.18665,0.13384,0.07826,0.02991,0.02186,1012.373,1015.182,929.413,632.787,165.979,54.716,231.69,159.806,106.614,43.354,4.534,1.12,47.863,29.681,17.775,6.17,0.431,0.076,1.656
45.0,2500,0.1,4.0,0.23906,0.16393,0.11922,0.07106,0.02834,0.02127,0.28673,0.19334,0.13842,0.08083,0.03094,0.02267,957.28,962.695,884.18,604.375,158.814,52.327,228.847,157.819,105.409,42.946,4.5,1.113,45.632,28.305,16.978,5.907,0.413,0.073,1.609
47.5,2500,0.1,4.0,0.25078,0.17138,0.12434,0.07394,0.02949,0.02219,0.2989,0.20097,0.14363,0.08374,0.03209,0.02358,899.954,908.011,836.998,574.707,151.332,49.832,225.694,155.616,104.073,42.495,4.463,1.106,43.304,26.869,16.145,5.632,0.394,0.069,1.666
50.0,2500,0.1,4.0,0.26434,0.17993,0.1302,0.07722,0.0308,0.02322,0.31298,0.20974,0.14959,0.08705,0.0334,0.02462,840.565,851.273,787.976,543.844,143.547,47.238,222.193,153.17,102.592,41.996,4.421,1.097,40.883,25.374,15.278,5.346,0.374,0.066,1.645
52.5,2500,0.1,4.0,0.28013,0.18981,0.13693,0.08097,0.03229,0.0244,0.32937,0.21987,0.15644,0.09084,0.03489,0.02579,779.3,792.637,737.231,511.849,135.476,44.549,218.303,150.454,100.95,41.445,4.374,1.087,38.375,23.825,14.379,5.049,0.353,0.062,1.716
55.0,2500,0.1,4.0,0.29869,0.20134,0.14474,0.08529,0.034,0.02576,0.34864,0.23169,0.16437,0.0952,0.03661,0.02715,716.368,732.274,684.89,478.787,127.133,41.771,213.971,147.434,99.128,40.838,4.322,1.076,35.785,22.224,13.45,4.742,0.332,0.058,1.843
57.5,2500,0.1,4.0,0.32076,0.2149,0.15386,0.09031,0.03596,0.02732,0.37156,0.2456,0.17366,0.10026,0.03858,0.02871,652.002,670.376,631.089,444.729,118.537,38.91,209.137,144.067,97.101,40.165,4.263,1.063,33.122,20.576,12.492,4.425,0.31,0.054,1.781
60.0,2500,0.1,4.0,0.34738,0.23109,0.16467,0.09621,0.03826,0.02913,0.3992,0.26219,0.18465,0.10622,0.04088,0.03052,586.471,607.158,575.98,409.75,109.705,35.973,203.726,140.307,94.846,39.423,4.197,1.048,30.391,18.884,11.507,4.099,0.288,0.05,1.791
62.5,2500,0.1,4.0,0.38001,0.25068,0.17764,0.10323,0.04096,0.03125,0.43308,0.28228,0.19784,0.11329,0.04359,0.03264,520.091,542.868,519.732,373.927,100.655,32.965,197.641,136.086,92.324,38.599,4.123,1.03,27.602,17.154,10.499,3.764,0.265,0.046,1.828
65.0,2500,0.1,4.0,0.4209,0.27487,0.19349,0.11172,0.0442,0.03379,0.47554,0.30708,0.21396,0.12186,0.04683,0.03519,453.234,477.797,462.539,337.346,91.407,29.894,190.767,131.331,89.497,37.688,4.04,1.01,24.765,15.391,9.469,3.422,0.241,0.042,1.873
67.5,2500,0.1,4.0,0.4735,0.30544,0.21329,0.12219,0.04812,0.0368,0.53016,0.33842,0.2341,0.13243,0.05077,0.03822,386.363,412.3,404.629,300.1,81.981,26.768,182.943,125.932,86.302,36.669,3.945,0.985,21.89,13.6,8.42,3.073,0.217,0.038,1.856
70.0,2500,0.1,4.0,0.54354,0.34529,0.23873,0.13545,0.053,0.04056,0.60288,0.37929,0.25997,0.14581,0.05566,0.04196,320.062,346.824,346.283,262.295,72.4,23.594,173.966,119.755,82.667,35.528,3.837,0.957,18.994,11.791,7.356,2.718,0.193,0.033,1.917
72.5,2500,0.1,4.0,0.64108,0.39935,0.27262,0.15279,0.05921,0.04528,0.70417,0.43471,0.29444,0.16331,0.06189,0.04671,255.103,281.956,287.862,224.055,62.688,20.383,163.542,112.598,78.477,34.233,3.712,0.923,16.094,9.972,6.282,2.357,0.168,0.029,1.953
75.0,2500,0.1,4.0,0.78565,0.47676,0.32006,0.17648,0.06746,0.05138,0.85429,0.51409,0.3427,0.18722,0.07017,0.05284,192.541,218.512,229.86,185.537,52.872,17.146,151.269,104.178,73.569,32.744,3.567,0.881,13.216,8.157,5.203,1.992,0.143,0.025,1.915
77.5,2500,0.1,4.0,1.01981,0.59649,0.39119,0.21087,0.07898,0.05981,1.09745,0.63685,0.41504,0.22192,0.0817,0.06125,133.894,157.69,173.011,146.957,42.987,13.895,136.546,94.06,67.68,30.989,3.395,0.831,10.396,6.365,4.126,1.624,0.117,0.02,1.969
80.0,2500,0.1,4.0,1.45532,0.80466,0.50939,0.26538,0.0962,0.07202,1.54971,0.85031,0.53525,0.27692,0.09898,0.07352,81.418,101.356,118.495,108.653,33.077,10.65,118.489,81.557,60.36,28.834,3.182,0.767,7.685,4.627,3.065,1.254,0.092,0.016,2.008
10.0,3000,0.1,4.0,0.16537,0.11673,0.08662,0.05271,0.02107,0.0156,0.20846,0.14395,0.10471,0.06213,0.02364,0.01698,1481.518,1456.223,1306.323,866.945,225.066,74.69,245.0,169.991,113.149,45.699,4.742,1.165,63.839,39.639,23.641,8.168,0.579,0.103,0.769
12.5,3000,0.1,4.0,0.16683,0.11771,0.08732,0.05312,0.02123,0.01573,0.20997,0.14496,0.10542,0.06255,0.02381,0.01711,1465.629,1441.2,1293.459,858.912,223.041,74.013,244.506,169.645,112.939,45.628,4.736,1.164,63.232,39.265,23.423,8.095,0.574,0.102,0.836
15.0,3000,0.1,4.0,0.16864,0.11892,0.08818,0.05363,0.02144,0.01589,0.21185,0.1462,0.10631,0.06306,0.02402,0.01727,1446.28,1422.903,1277.789,849.125,220.574,73.188,243.895,169.217,112.679,45.54,4.73,1.163,62.494,38.808,23.158,8.007,0.568,0.101,0.886
17.5,3000,0.1,4.0,0.17082,0.12038,0.08923,0.05424,0.02169,0.01608,0.21411,0.14769,0.10737,0.06368,0.02427,0.01746,1423.513,1401.369,1259.345,837.604,217.67,72.218,243.161,168.703,112.367,45.433,4.722,1.161,61.625,38.271,22.845,7.903,0.561,0.1,0.976
20.0,3000,0.1,4.0,0.1734,0.12211,0.09046,0.05496,0.02198,0.01631,0.21678,0.14946,0.10862,0.0644,0.02456,0.01769,1397.379,1376.645,1238.163,824.371,214.333,71.102,242.301,168.099,112.0,45.308,4.712,1.16,60.626,37.654,22.486,7.783,0.552,0.098,1.039
22.5,3000,0.1,4.0,0.1764,0.12411,0.09189,0.05579,0.02232,0.01658,0.2199,0.15151,0.11007,0.06524,0.0249,0.01797,1367.935,1348.782,1214.287,809.451,210.572,69.845,241.306,167.4,111.575,45.163,4.701,1.158,59.5,36.958,22.081,7.648,0.543,0.097,1.138
25.0,3000,0.1,4.0,0.17987,0.12642,0.09353,0.05675,0.02271,0.01687,0.22349,0.15388,0.11174,0.06621,0.02529,0.01826,1335.248,1317.841,1187.765,792.874,206.393,68.448,240.169,166.602,111.089,44.997,4.688,1.155,58.249,36.184,21.631,7.499,0.532,0.095,1.188
27.5,3000,0.1,4.0,0.18384,0.12906,0.0954,0.05784,0.02316,0.01722,0.22761,0.15658,0.11364,0.06731,0.02574,0.01861,1299.392,1283.887,1158.651,774.671,201.803,66.915,238.88,165.695,110.537,44.808,4.674,1.152,56.874,35.335,21.137,7.334,0.521,0.093,1.282
30.0,3000,0.1,4.0,0.18837,0.13206,0.09753,0.05908,0.02366,0.01761,0.23231,0.15965,0.11581,0.06855,0.02624,0.01899,1260.449,1246.995,1127.005,754.878,196.813,65.247,237.429,164.674,109.915,44.595,4.657,1.149,55.38,34.411,20.6,7.155,0.508,0.09,1.316
32.5,3000,0.1,4.0,0.19352,0.13546,0.09993,0.06047,0.02423,0.01806,0.23764,0.16313,0.11825,0.06996,0.02681,0.01945,1218.51,1207.245,1092.891,733.533,191.431,63.449,235.803,163.529,109.217,44.356,4.638,1.146,53.768,33.414,20.02,6.962,0.494,0.088,1.372
35.0,3000,0.1,4.0,0.19936,0.1393,0.10265,0.06204,0.02487,0.01856,0.24371,0.16707,0.12101,0.07154,0.02745,0.01994,1173.674,1164.724,1056.382,710.679,185.669,61.523,233.988,162.249,108.436,44.088,4.617,1.142,52.043,32.347,19.399,6.755,0.48,0.085,1.472
37.5,3000,0.1,4.0,0.206,0.14365,0.10571,0.0638,0.02559,0.01912,0.25059,0.17153,0.12413,0.07332,0.02817,0.02051,1126.049,1119.53,1017.553,686.359,179.537,59.475,231.967,160.824,107.567,43.791,4.594,1.137,50.206,31.21,18.737,6.535,0.464,0.083,1.479
40.0,3000,0.1,4.0,0.21354,0.14858,0.10917,0.06579,0.02639,0.01975,0.25841,0.17658,0.12764,0.07532,0.02898,0.02115,1075.753,1071.765,976.487,660.623,173.047,57.307,229.721,159.239,106.599,43.46,4.567,1.132,48.262,30.008,18.037,6.301,0.448,0.08,1.503
42.5,3000,0.1,4.0,0.22214,0.15416,0.11307,0.06802,0.0273,0.02048,0.26732,0.18229,0.13161,0.07758,0.02988,0.02186,1022.915,1021.542,933.272,633.52,166.212,55.024,227.228,157.48,105.526,43.093,4.537,1.127,46.215,28.741,17.299,6.055,0.43,0.076,1.563
45.0,3000,0.1,4.0,0.23196,0.16051,0.11749,0.07054,0.02832,0.02128,0.2775,0.1888,0.1361,0.08013,0.03091,0.02267,967.674,968.981,888.003,605.104,159.045,52.631,224.461,155.527,104.335,42.687,4.504,1.12,44.07,27.412,16.525,5.797,0.412,0.073,1.607
47.5,3000,0.1,4.0,0.24324,0.16775,0.12252,0.0734,0.02947,0.0222,0.2892,0.19622,0.14122,0.08301,0.03207,0.0236,910.182,914.214,840.78,575.433,151.561,50.133,221.392,153.361,103.015,42.237,4.467,1.113,41.829,26.025,15.717,5.528,0.393,0.07,1.694
50.0,3000,0.1,4.0,0.25627,0.17607,0.12827,0.07665,0.03078,0.02323,0.30271,0.20474,0.14706,0.08628,0.03338,0.02461,850.607,857.382,791.712,544.566,143.774,47.534,217.985,150.957,101.552,41.74,4.425,1.104,39.5,24.581,14.875,5.247,0.374,0.066,1.672
52.5,3000,0.1,4.0,0.27144,0.18568,0.13487,0.08036,0.03227,0.0244,0.31843,0.21458,0.15377,0.09003,0.03487,0.0258,789.131,798.639,740.915,512.565,135.7,44.84,214.199,148.288,99.929,41.192,4.379,1.094,37.086,23.085,14.002,4.956,0.353,0.063,1.736
55.0,3000,0.1,4.0,0.28925,0.19687,0.14252,0.08464,0.03398,0.02575,0.3369,0.22605,0.16155,0.09435,0.03658,0.02715,725.96,738.156,688.514,479.498,127.354,42.056,209.985,145.32,98.129,40.586,4.327,1.083,34.593,21.538,13.099,4.654,0.332,0.059,1.753
57.5,3000,0.1,4.0,0.31041,0.21004,0.15147,0.08961,0.03594,0.0273,0.35884,0.23954,0.17064,0.09936,0.03855,0.02871,661.322,676.12,634.645,445.434,118.755,39.189,205.283,142.012,96.128,39.916,4.268,1.07,32.029,19.946,12.168,4.344,0.31,0.055,1.78
60.0,3000,0.1,4.0,0.3359,0.22574,0.16205,0.09545,0.03824,0.02914,0.38527,0.25562,0.1814,0.10525,0.04086,0.03054,595.482,612.744,579.457,410.447,109.919,36.244,200.021,138.319,93.901,39.177,4.203,1.056,29.399,18.311,11.212,4.024,0.288,0.051,1.833
62.5,3000,0.1,4.0,0.36711,0.24472,0.17474,0.10239,0.04094,0.03124,0.41763,0.27507,0.1943,0.11226,0.04356,0.03265,528.745,548.271,523.119,374.615,100.865,33.228,194.107,134.175,91.411,38.357,4.129,1.038,26.712,16.639,10.232,3.696,0.265,0.047,1.869
65.0,3000,0.1,4.0,0.40615,0.26814,0.19025,0.11079,0.04416,0.03377,0.45811,0.29906,0.21006,0.12073,0.0468,0.03516,461.475,482.987,465.819,338.024,91.612,30.149,187.428,129.509,88.621,37.45,4.046,1.018,23.978,14.934,9.231,3.36,0.241,0.042,1.873
67.5,3000,0.1,4.0,0.45628,0.2977,0.2096,0.12114,0.04809,0.0368,0.51008,0.32935,0.22973,0.13118,0.05073,0.03821,394.123,417.24,407.784,300.766,82.181,27.012,179.829,124.214,85.47,36.436,3.952,0.994,21.207,13.203,8.212,3.018,0.217,0.038,1.857
70.0,3000,0.1,4.0,0.52287,0.33619,0.23444,0.13425,0.05295,0.04054,0.57914,0.36877,0.25499,0.1444,0.05561,0.04197,327.257,351.467,349.287,262.945,72.593,23.827,171.114,118.159,81.888,35.301,3.844,0.966,18.412,11.452,7.178,2.669,0.193,0.034,1.879
72.5,3000,0.1,4.0,0.61537,0.3883,0.26751,0.15138,0.05918,0.04528,0.67505,0.42216,0.28861,0.16169,0.06185,0.04669,261.628,286.242,290.683,224.686,62.874,20.603,160.999,111.148,77.762,34.014,3.721,0.933,15.613,9.692,6.133,2.315,0.168,0.029,1.943
75.0,3000,0.1,4.0,0.75198,0.46278,0.31375,0.17479,0.06741,0.05141,0.8167,0.49846,0.33561,0.1853,0.0701,0.05285,198.266,222.365,232.456,186.142,53.049,17.35,149.092,102.905,72.932,32.535,3.576,0.892,12.831,7.934,5.083,1.957,0.143,0.025,1.932
77.5,3000,0.1,4.0,0.9722,0.57764,0.38295,0.20873,0.07891,0.0598,1.04505,0.61613,0.40596,0.21955,0.08162,0.06122,138.658,161.007,175.324,147.528,43.153,14.081,134.804,93.004,67.14,30.794,3.405,0.842,10.101,6.197,4.035,1.596,0.117,0.02,1.96
80.0,3000,0.1,4.0,1.379,0.77655,0.4977,0.26248,0.09612,0.07204,1.46688,0.81991,0.52262,0.27377,0.09889,0.07352,85.032,104.008,120.442,109.178,33.229,10.814,117.259,80.767,59.944,28.657,3.194,0.779,7.473,4.51,3.001,1.233,0.092,0.016,1.929
10.0,3500,0.1,4.0,0.16097,0.11455,0.0855,0.05237,0.02106,0.01561,0.20221,0.14078,0.10305,0.06162,0.02363,0.01699,1492.5,1462.638,1310.039,867.635,225.294,74.974,240.243,167.545,112.005,45.441,4.744,1.17,61.561,38.358,23.0,8.019,0.579,0.104,0.767
12.5,3500,0.1,4.0,0.16238,0.1155,0.08619,0.05278,0.02122,0.01573,0.20367,0.14175,0.10375,0.06203,0.02379,0.01712,1476.588,1447.604,1297.17,859.602,223.269,74.296,239.763,167.205,111.797,45.37,4.738,1.169,60.978,37.996,22.789,7.948,0.574,0.103,0.85
15.0,3500,0.1,4.0,0.16413,0.11669,0.08704,0.05328,0.02143,0.01588,0.20549,0.14297,0.10462,0.06253,0.024,0.01727,1457.21,1429.292,1281.494,849.815,220.801,73.471,239.168,166.785,111.541,45.282,4.732,1.167,60.268,37.556,22.531,7.861,0.567,0.102,0.91
17.5,3500,0.1,4.0,0.16624,0.11812,0.08807,0.05389,0.02168,0.01608,0.20767,0.14443,0.10566,0.06314,0.02425,0.01746,1434.409,1407.742,1263.042,838.293,217.896,72.499,238.454,166.279,111.232,45.175,4.724,1.166,59.432,37.037,22.227,7.759,0.56,0.1,0.954
20.0,3500,0.1,4.0,0.16873,0.1198,0.08928,0.0546,0.02197,0.01631,0.21025,0.14615,0.1069,0.06386,0.02454,0.01769,1408.235,1382.998,1241.851,825.059,214.559,71.383,237.616,165.686,110.869,45.051,4.714,1.164,58.472,36.441,21.879,7.641,0.552,0.099,1.066
22.5,3500,0.1,4.0,0.17164,0.12176,0.09068,0.05543,0.02231,0.01657,0.21326,0.14816,0.10832,0.0647,0.02488,0.01795,1378.744,1355.113,1217.965,810.138,210.797,70.125,236.648,164.999,110.449,44.906,4.703,1.162,57.389,35.768,21.486,7.509,0.542,0.097,1.097
25.0,3500,0.1,4.0,0.17499,0.12401,0.0923,0.05638,0.0227,0.01688,0.21674,0.15046,0.10997,0.06566,0.02528,0.01826,1346.004,1324.145,1191.431,793.56,206.617,68.727,235.541,164.213,109.969,44.741,4.691,1.16,56.186,35.021,21.049,7.362,0.532,0.095,1.207
27.5,3500,0.1,4.0,0.17883,0.12659,0.09414,0.05746,0.02315,0.01722,0.22071,0.1531,0.11184,0.06675,0.02572,0.0186,1310.087,1290.162,1162.303,775.356,202.027,67.192,234.285,163.322,109.423,44.552,4.676,1.157,54.865,34.201,20.568,7.2,0.52,0.093,1.27
30.0,3500,0.1,4.0,0.18321,0.12952,0.09624,0.05868,0.02365,0.01761,0.22524,0.1561,0.11397,0.06798,0.02622,0.019,1271.075,1253.236,1130.641,755.561,197.036,65.522,232.872,162.317,108.808,44.34,4.66,1.154,53.428,33.309,20.046,7.025,0.507,0.091,1.301
32.5,3500,0.1,4.0,0.18818,0.13284,0.0986,0.06007,0.02422,0.01806,0.23039,0.15949,0.11637,0.06938,0.02679,0.01944,1229.058,1213.448,1096.51,734.215,191.653,63.722,231.288,161.191,108.118,44.102,4.641,1.151,51.878,32.346,19.483,6.835,0.494,0.088,1.358
35.0,3500,0.1,4.0,0.19383,0.13659,0.10127,0.06162,0.02485,0.01856,0.23624,0.16334,0.11908,0.07095,0.02743,0.01995,1184.135,1170.885,1059.981,711.359,185.889,61.795,229.52,159.932,107.346,43.836,4.62,1.147,50.219,31.315,18.88,6.632,0.479,0.086,1.432
37.5,3500,0.1,4.0,0.20024,0.14084,0.10428,0.06337,0.02557,0.01913,0.24287,0.16768,0.12214,0.07271,0.02815,0.02052,1136.412,1125.643,1021.13,687.038,179.755,59.744,227.551,158.531,106.486,43.539,4.597,1.143,48.452,30.218,18.237,6.416,0.464,0.083,1.451
40.0,3500,0.1,4.0,0.20751,0.14564,0.10768,0.06534,0.02638,0.01977,0.25041,0.17259,0.12559,0.0747,0.02896,0.02116,1086.007,1077.825,980.04,661.299,173.264,57.574,225.362,156.971,105.529,43.209,4.57,1.138,46.583,29.056,17.557,6.187,0.447,0.08,1.549
42.5,3500,0.1,4.0,0.2158,0.15108,0.11152,0.06756,0.02729,0.02047,0.25899,0.17817,0.12949,0.07693,0.02987,0.02187,1033.046,1027.541,936.797,634.193,166.427,55.289,222.932,155.24,104.468,42.844,4.541,1.132,44.614,27.832,16.84,5.946,0.43,0.077,1.594
45.0,3500,0.1,4.0,0.22527,0.15726,0.11586,0.07006,0.0283,0.02129,0.26879,0.1845,0.13391,0.07945,0.03089,0.02269,977.667,974.913,891.496,605.775,159.259,52.893,220.236,153.318,103.289,42.438,4.507,1.126,42.55,26.549,16.088,5.693,0.412,0.074,1.636
47.5,3500,0.1,4.0,0.23613,0.16432,0.1208,0.07289,0.02945,0.02219,0.28004,0.19172,0.13893,0.08231,0.03204,0.02358,920.021,920.07,844.238,576.1,151.773,50.391,217.246,151.187,101.984,41.991,4.47,1.118,40.395,25.209,15.303,5.428,0.393,0.07,1.696
50.0,3500,0.1,4.0,0.24867,0.17242,0.12644,0.07611,0.03076,0.02323,0.29302,0.20001,0.14466,0.08556,0.03335,0.02463,860.272,863.152,795.13,545.229,143.984,47.788,213.927,148.822,100.536,41.495,4.429,1.11,38.153,23.814,14.485,5.153,0.373,0.067,1.701
52.5,3500,0.1,4.0,0.26326,0.18177,0.13292,0.07979,0.03225,0.0244,0.30813,0.20958,0.15124,0.08927,0.03485,0.02579,798.599,804.312,744.287,513.224,135.907,45.09,210.238,146.196,98.932,40.948,4.383,1.1,35.831,22.368,13.636,4.867,0.353,0.063,1.773
55.0,3500,0.1,4.0,0.28038,0.19265,0.14043,0.08403,0.03395,0.02577,0.32585,0.22072,0.15887,0.09355,0.03656,0.02716,735.205,743.718,691.835,480.152,127.559,42.302,206.134,143.277,97.152,40.345,4.331,1.09,33.432,20.874,12.759,4.571,0.332,0.059,1.72
57.5,3500,0.1,4.0,0.30069,0.20545,0.1492,0.08895,0.03592,0.02731,0.34688,0.23382,0.16778,0.09851,0.03853,0.02871,670.314,681.556,637.906,446.083,118.957,39.429,201.555,140.025,95.173,39.678,4.273,1.077,30.963,19.335,11.855,4.266,0.31,0.055,1.78
60.0,3500,0.1,4.0,0.32512,0.22069,0.15957,0.09473,0.03821,0.02914,0.37218,0.24942,0.17832,0.10434,0.04083,0.03054,604.184,618.035,582.651,411.089,110.117,36.479,196.432,136.394,92.972,38.941,4.208,1.063,28.431,17.755,10.925,3.952,0.288,0.051,1.833
62.5,3500,0.1,4.0,0.355,0.23911,0.172,0.1016,0.04091,0.03126,0.40312,0.26827,0.19095,0.11127,0.04353,0.03267,537.113,553.394,526.232,375.25,101.059,33.457,190.676,132.321,90.512,38.125,4.134,1.046,25.843,16.138,9.973,3.63,0.265,0.047,1.832
65.0,3500,0.1,4.0,0.39233,0.2618,0.18718,0.10991,0.04414,0.03378,0.44176,0.2915,0.20638,0.11966,0.04676,0.0352,469.456,487.915,468.84,338.649,91.802,30.37,184.18,127.738,87.757,37.221,4.052,1.026,23.208,14.49,9.0,3.301,0.241,0.043,1.817
67.5,3500,0.1,4.0,0.44016,0.29042,0.2061,0.12015,0.04805,0.0368,0.49129,0.32079,0.22561,0.12999,0.05069,0.0382,401.652,421.937,410.694,301.379,82.365,27.226,176.792,122.54,84.646,36.211,3.958,1.002,20.537,12.815,8.009,2.965,0.217,0.038,1.873
70.0,3500,0.1,4.0,0.50358,0.32763,0.23039,0.13312,0.05292,0.04057,0.55696,0.35888,0.25028,0.14306,0.05557,0.04199,334.254,355.889,352.064,263.545,72.772,24.031,168.324,116.599,81.113,35.082,3.851,0.975,17.842,11.122,7.003,2.622,0.193,0.034,1.86
72.5,3500,0.1,4.0,0.59144,0.37793,0.26268,0.15006,0.05913,0.04525,0.64793,0.41037,0.2831,0.16016,0.0618,0.04669,267.992,290.334,293.299,225.268,63.045,20.796,158.5,109.725,77.045,33.803,3.728,0.941,15.14,9.418,5.987,2.275,0.168,0.03,1.907
75.0,3500,0.1,4.0,0.72073,0.44967,0.30778,0.17317,0.06737,0.0514,0.78181,0.4838,0.32892,0.18347,0.07006,0.05282,203.873,226.053,234.871,186.702,53.212,17.53,146.938,101.649,72.288,32.332,3.585,0.901,12.452,7.716,4.965,1.923,0.143,0.025,1.923
77.5,3500,0.1,4.0,0.92825,0.56001,0.37518,0.2067,0.07884,0.05981,0.99669,0.59675,0.3974,0.21729,0.08156,0.06128,143.35,164.196,177.484,148.058,43.305,14.246,133.064,91.952,66.588,30.603,3.414,0.852,9.811,6.032,3.945,1.569,0.118,0.021,1.968
80.0,3500,0.1,4.0,1.30904,0.75039,0.48669,0.25974,0.09605,0.07207,1.39101,0.79162,0.51071,0.2708,0.0988,0.07353,88.622,106.571,122.272,109.665,33.369,10.961,116.01,79.97,59.509,28.484,3.205,0.79,7.264,4.394,2.937,1.213,0.092,0.016,1.86
10.0,4000,0.1,4.0,0.15682,0.11249,0.08444,0.05205,0.02087,0.0156,0.19632,0.13777,0.10148,0.06112,0.02334,0.01698,1502.987,1468.664,1313.436,868.273,225.503,75.216,235.703,165.208,110.905,45.194,4.707,1.173,59.363,37.128,22.386,7.877,0.556,0.104,0.752
12.5,4000,0.1,4.0,0.15819,0.11342,0.08512,0.05246,0.02104,0.01572,0.19773,0.13872,0.10217,0.06153,0.0235,0.01711,1487.054,1453.619,1300.562,860.239,223.477,74.538,235.234,164.874,110.7,45.124,4.701,1.172,58.802,36.779,22.181,7.807,0.551,0.103,0.816
15.0,4000,0.1,4.0,0.15988,0.11458,0.08596,0.05296,0.02124,0.01589,0.19948,0.13991,0.10303,0.06204,0.02371,0.01727,1467.65,1435.296,1284.881,850.452,221.009,73.712,234.654,164.46,110.446,45.036,4.695,1.171,58.12,36.353,21.93,7.722,0.545,0.102,0.917
17.5,4000,0.1,4.0,0.16193,0.11598,0.08697,0.05356,0.02149,0.01608,0.2016,0.14134,0.10405,0.06264,0.02396,0.01747,1444.817,1413.73,1266.422,838.929,218.104,72.74,233.959,163.963,110.141,44.93,4.687,1.17,57.316,35.852,21.635,7.621,0.538,0.101,0.984
20.0,4000,0.1,4.0,0.16435,0.11763,0.08816,0.05426,0.02178,0.01631,0.2041,0.14302,0.10526,0.06336,0.02424,0.01769,1418.605,1388.968,1245.224,825.694,214.766,71.623,233.142,163.379,109.782,44.806,4.677,1.168,56.393,35.276,21.296,7.506,0.53,0.099,1.049
22.5,4000,0.1,4.0,0.16716,0.11954,0.08955,0.05508,0.02211,0.01657,0.20701,0.14498,0.10667,0.06418,0.02458,0.01795,1389.072,1361.063,1221.328,810.773,211.004,70.364,232.198,162.702,109.366,44.661,4.666,1.166,55.352,34.626,20.914,7.376,0.521,0.097,1.123
25.0,4000,0.1,4.0,0.17041,0.12174,0.09114,0.05603,0.0225,0.01688,0.21036,0.14724,0.10829,0.06513,0.02497,0.01827,1356.282,1330.071,1194.783,794.193,206.823,68.965,231.118,161.929,108.891,44.496,4.654,1.164,54.195,33.905,20.489,7.232,0.51,0.096,1.159
27.5,4000,0.1,4.0,0.17412,0.12426,0.09295,0.0571,0.02294,0.01722,0.21421,0.14981,0.11013,0.06621,0.02541,0.0186,1320.309,1296.061,1165.644,775.988,202.232,67.428,229.894,161.052,108.351,44.309,4.639,1.161,52.924,33.112,20.023,7.073,0.499,0.093,1.256
30.0,4000,0.1,4.0,0.17836,0.12712,0.09501,0.05831,0.02344,0.01763,0.21859,0.15274,0.11222,0.06744,0.02591,0.01901,1281.233,1259.105,1133.969,756.192,197.24,65.758,228.516,160.063,107.742,44.097,4.623,1.159,51.543,32.25,19.515,6.901,0.487,0.091,1.277
32.5,4000,0.1,4.0,0.18317,0.13037,0.09734,0.05969,0.024,0.01806,0.22356,0.15605,0.11459,0.06882,0.02647,0.01945,1239.144,1219.282,1099.823,734.845,191.856,63.957,226.971,158.954,107.059,43.86,4.604,1.155,50.052,31.32,18.968,6.715,0.474,0.089,1.346
35.0,4000,0.1,4.0,0.18863,0.13403,0.09997,0.06123,0.02463,0.01856,0.2292,0.1598,0.11726,0.07038,0.02711,0.01994,1194.14,1176.681,1063.277,711.987,186.091,62.028,225.246,157.714,106.295,43.594,4.584,1.151,48.456,30.324,18.381,6.515,0.46,0.086,1.44
37.5,4000,0.1,4.0,0.19482,0.13818,0.10293,0.06297,0.02534,0.01912,0.23561,0.16404,0.12027,0.07213,0.02781,0.02051,1146.327,1131.395,1024.407,687.664,179.956,59.975,223.325,156.334,105.444,43.299,4.56,1.147,46.757,29.263,17.757,6.303,0.445,0.083,1.457
40.0,4000,0.1,4.0,0.20185,0.14286,0.10627,0.06492,0.02614,0.01976,0.24288,0.16884,0.12366,0.0741,0.02862,0.02114,1095.82,1083.528,983.294,661.923,173.464,57.803,221.19,154.798,104.497,42.97,4.534,1.142,44.959,28.141,17.096,6.078,0.43,0.08,1.563
42.5,4000,0.1,4.0,0.20985,0.14818,0.11005,0.06712,0.02703,0.02048,0.25115,0.17427,0.12749,0.07632,0.02951,0.02187,1042.745,1033.19,940.027,634.815,166.625,55.516,218.82,153.093,103.446,42.606,4.504,1.137,43.065,26.958,16.399,5.841,0.413,0.077,1.622
45.0,4000,0.1,4.0,0.21898,0.15421,0.11432,0.06959,0.02804,0.02127,0.26059,0.18044,0.13183,0.07882,0.03052,0.02267,987.239,980.5,894.699,606.394,159.455,53.117,216.189,151.2,102.279,42.201,4.471,1.13,41.08,25.718,15.668,5.593,0.396,0.074,1.651
47.5,4000,0.1,4.0,0.22946,0.16109,0.11917,0.0724,0.02918,0.02219,0.27143,0.18748,0.13676,0.08165,0.03166,0.02357,929.449,925.587,847.41,576.717,151.967,50.613,213.272,149.102,100.987,41.755,4.434,1.123,39.006,24.423,14.904,5.333,0.377,0.07,1.673
50.0,4000,0.1,4.0,0.24155,0.16898,0.12471,0.07559,0.03047,0.02323,0.28392,0.19554,0.14239,0.08487,0.03296,0.02462,869.538,868.59,798.267,545.842,144.176,48.008,210.033,146.773,99.554,41.261,4.393,1.115,36.85,23.075,14.109,5.063,0.359,0.067,1.705
52.5,4000,0.1,4.0,0.25559,0.17808,0.13108,0.07924,0.03194,0.02441,0.29845,0.20486,0.14885,0.08855,0.03443,0.0258,807.682,809.661,747.385,513.834,136.097,45.306,206.436,144.187,97.965,40.716,4.347,1.106,34.614,21.677,13.285,4.782,0.339,0.063,1.728
55.0,4000,0.1,4.0,0.27206,0.18868,0.13845,0.08344,0.03362,0.02576,0.31547,0.21569,0.15634,0.09278,0.03612,0.02714,744.081,748.967,694.887,480.757,127.747,42.515,202.432,141.313,96.204,40.115,4.295,1.095,32.305,20.233,12.432,4.491,0.319,0.059,1.804
57.5,4000,0.1,4.0,0.29158,0.20113,0.14705,0.08832,0.03557,0.02732,0.33566,0.22842,0.16508,0.0977,0.03807,0.02871,678.954,686.689,640.907,446.683,119.141,39.638,197.967,138.111,94.246,39.449,4.238,1.083,29.929,18.745,11.552,4.192,0.298,0.055,1.779
60.0,4000,0.1,4.0,0.31503,0.21594,0.15722,0.09404,0.03783,0.02914,0.35991,0.24358,0.17541,0.10348,0.04034,0.03053,612.553,623.035,585.591,411.683,110.299,36.683,192.974,134.538,92.068,38.716,4.173,1.069,27.491,17.218,10.649,3.884,0.276,0.051,1.81
62.5,4000,0.1,4.0,0.34368,0.23383,0.16941,0.10085,0.0405,0.03126,0.38954,0.26187,0.18779,0.11034,0.04301,0.03265,545.17,558.24,529.103,375.836,101.237,33.656,187.366,130.533,89.636,37.902,4.1,1.052,24.998,15.655,9.722,3.568,0.254,0.047,1.831
65.0,4000,0.1,4.0,0.37941,0.25585,0.18428,0.10907,0.04369,0.03377,0.42649,0.28439,0.20289,0.11864,0.04621,0.03517,477.153,492.58,471.628,339.227,91.976,30.564,181.039,126.026,86.912,37.001,4.018,1.032,22.46,14.06,8.776,3.244,0.232,0.043,1.86
67.5,4000,0.1,4.0,0.42513,0.28359,0.20281,0.11921,0.04754,0.03681,0.47376,0.31276,0.22171,0.12886,0.05008,0.03823,408.926,426.39,413.384,301.947,82.535,27.412,173.848,120.918,83.839,35.996,3.924,1.009,19.885,12.441,7.812,2.914,0.209,0.039,1.878
70.0,4000,0.1,4.0,0.48562,0.3196,0.22657,0.13204,0.05235,0.04056,0.53631,0.3496,0.24584,0.1418,0.05488,0.04197,341.028,360.089,354.636,264.1,72.936,24.21,165.61,115.084,80.351,34.872,3.818,0.982,17.286,10.802,6.834,2.578,0.185,0.034,1.873
72.5,4000,0.1,4.0,0.5692,0.36821,0.25814,0.14879,0.05848,0.04526,0.62274,0.39932,0.2779,0.1587,0.06103,0.04669,274.172,294.229,295.727,225.808,63.202,20.966,156.059,108.339,76.338,33.599,3.696,0.949,14.678,9.152,5.845,2.237,0.161,0.03,1.931
75.0,4000,0.1,4.0,0.69182,0.43742,0.30216,0.17165,0.06658,0.05138,0.74953,0.4701,0.32261,0.18175,0.06915,0.0528,209.337,229.573,237.119,187.221,53.362,17.69,144.823,100.419,71.648,32.137,3.553,0.909,12.082,7.503,4.85,1.891,0.137,0.025,2.007
77.5,4000,0.1,4.0,0.88775,0.54359,0.36787,0.20478,0.07789,0.05975,0.95215,0.57869,0.38935,0.21517,0.08049,0.06121,147.947,167.25,179.503,148.549,43.445,14.393,131.34,90.915,66.033,30.42,3.384,0.86,9.527,5.871,3.856,1.543,0.113,0.021,1.967
80.0,4000,0.1,4.0,1.24504,0.72609,0.47637,0.25714,0.09484,0.07203,1.32163,0.76536,0.49955,0.26799,0.0975,0.07348,92.169,109.04,123.991,110.118,33.497,11.092,114.754,79.173,59.066,28.316,3.177,0.799,7.059,4.282,2.874,1.194,0.089,0.016,2.049
10.0,4500,0.1,4.0,0.15291,0.11054,0.08344,0.05175,0.02087,0.01561,0.19074,0.13492,0.09999,0.06066,0.02334,0.01698,1513.022,1474.344,1316.549,868.863,225.698,75.42,231.358,162.972,109.847,44.96,4.711,1.177,57.238,35.945,21.797,7.741,0.556,0.104,0.736
12.5,4500,0.1,4.0,0.15424,0.11145,0.0841,0.05215,0.02104,0.01573,0.19211,0.13585,0.10067,0.06106,0.0235,0.01711,1497.069,1459.291,1303.672,860.829,223.672,74.742,230.901,162.643,109.644,44.889,4.706,1.176,56.7,35.608,21.597,7.673,0.551,0.103,0.845
15.0,4500,0.1,4.0,0.15588,0.11259,0.08493,0.05264,0.02124,0.0159,0.19381,0.13701,0.10151,0.06156,0.02371,0.01728,1477.64,1440.955,1287.985,851.041,221.204,73.916,230.335,162.235,109.393,44.802,4.699,1.175,56.043,35.196,21.353,7.589,0.545,0.102,0.936
17.5,4500,0.1,4.0,0.15786,0.11396,0.08593,0.05324,0.02149,0.01608,0.19586,0.13841,0.10252,0.06216,0.02395,0.01747,1454.778,1419.376,1269.521,839.518,218.298,72.943,229.656,161.745,109.09,44.696,4.691,1.173,55.27,34.712,21.067,7.49,0.538,0.101,0.969
20.0,4500,0.1,4.0,0.16021,0.11557,0.08711,0.05394,0.02178,0.01632,0.19827,0.14006,0.10372,0.06287,0.02425,0.0177,1428.532,1394.598,1248.315,826.282,214.96,71.826,228.859,161.17,108.735,44.573,4.682,1.172,54.383,34.155,20.737,7.377,0.53,0.099,1.069
22.5,4500,0.1,4.0,0.16293,0.11744,0.08847,0.05476,0.02212,0.01658,0.20109,0.14197,0.1051,0.06369,0.02458,0.01797,1398.958,1366.674,1224.412,811.36,211.197,70.566,227.937,160.504,108.324,44.429,4.671,1.17,53.382,33.528,20.365,7.25,0.521,0.098,1.067
25.0,4500,0.1,4.0,0.16608,0.1196,0.09004,0.05569,0.0225,0.01687,0.20434,0.14418,0.10669,0.06464,0.02497,0.01826,1366.122,1335.661,1197.858,794.78,207.015,69.166,226.884,159.742,107.853,44.264,4.658,1.167,52.269,32.83,19.952,7.108,0.511,0.096,1.196
27.5,4500,0.1,4.0,0.16968,0.12206,0.09183,0.05676,0.02294,0.01723,0.20806,0.14669,0.10851,0.06571,0.02541,0.01862,1330.097,1301.626,1168.708,776.573,202.424,67.629,225.689,158.878,107.318,44.077,4.644,1.165,51.047,32.064,19.499,6.952,0.5,0.094,1.272
30.0,4500,0.1,4.0,0.17378,0.12486,0.09385,0.05796,0.02344,0.01762,0.21229,0.14956,0.11057,0.06693,0.02591,0.019,1290.962,1264.641,1137.021,756.777,197.43,65.958,224.343,157.903,106.715,43.866,4.628,1.162,49.718,31.231,19.005,6.782,0.488,0.091,1.308
32.5,4500,0.1,4.0,0.17844,0.12803,0.09615,0.05933,0.024,0.01807,0.2171,0.1528,0.1129,0.0683,0.02647,0.01945,1248.806,1224.787,1102.862,735.428,192.046,64.155,222.835,156.81,106.038,43.63,4.609,1.159,48.285,30.332,18.473,6.6,0.475,0.089,1.404
35.0,4500,0.1,4.0,0.18372,0.13162,0.09873,0.06086,0.02463,0.01856,0.22256,0.15646,0.11552,0.06984,0.0271,0.01994,1203.726,1182.15,1066.301,712.569,186.28,62.225,221.15,155.589,105.281,43.365,4.588,1.155,46.75,29.369,17.902,6.404,0.461,0.086,1.401
37.5,4500,0.1,4.0,0.18971,0.13567,0.10165,0.06258,0.02534,0.01913,0.22874,0.1606,0.11848,0.07158,0.02782,0.02052,1155.829,1136.824,1027.414,688.244,180.144,60.171,219.274,154.228,104.438,43.07,4.565,1.151,45.116,28.345,17.295,6.195,0.446,0.084,1.465
40.0,4500,0.1,4.0,0.19651,0.14024,0.10494,0.06452,0.02614,0.01976,0.23577,0.16528,0.12182,0.07353,0.02862,0.02116,1105.228,1088.912,986.283,662.501,173.65,57.998,217.188,152.714,103.5,42.742,4.539,1.146,43.387,27.26,16.652,5.974,0.43,0.081,1.479
42.5,4500,0.1,4.0,0.20424,0.14543,0.10865,0.0667,0.02704,0.02048,0.24375,0.17058,0.12559,0.07573,0.02952,0.02186,1052.047,1038.524,942.994,635.391,166.81,55.709,214.873,151.034,102.459,42.379,4.51,1.141,41.565,26.117,15.975,5.742,0.414,0.077,1.656
45.0,4500,0.1,4.0,0.21307,0.15132,0.11285,0.06916,0.02804,0.02129,0.25286,0.1766,0.12986,0.07821,0.03053,0.02268,996.422,985.777,897.642,606.968,159.639,53.309,212.304,149.168,101.303,41.976,4.477,1.135,39.655,24.918,15.264,5.497,0.396,0.074,1.635
47.5,4500,0.1,4.0,0.22318,0.15803,0.11763,0.07194,0.02918,0.0222,0.26331,0.18346,0.1347,0.08102,0.03167,0.0236,938.498,930.801,850.326,577.288,152.149,50.802,209.454,147.099,100.022,41.53,4.44,1.128,37.66,23.666,14.521,5.242,0.378,0.071,1.688
50.0,4500,0.1,4.0,0.23484,0.16573,0.12308,0.0751,0.03047,0.02324,0.27535,0.19133,0.14024,0.08421,0.03296,0.02463,878.436,873.732,801.153,546.41,144.356,48.195,206.291,144.804,98.603,41.038,4.399,1.12,35.585,22.363,13.748,4.976,0.359,0.067,1.718
52.5,4500,0.1,4.0,0.24838,0.17461,0.12933,0.07872,0.03194,0.0244,0.28933,0.20039,0.14659,0.08786,0.03444,0.02581,816.411,814.722,750.235,514.398,136.275,45.491,202.777,142.255,97.029,40.494,4.353,1.11,33.434,21.011,12.945,4.701,0.34,0.064,1.71
55.0,4500,0.1,4.0,0.26424,0.18493,0.13657,0.08289,0.03363,0.02576,0.30571,0.21094,0.15394,0.09206,0.03612,0.02717,752.616,753.934,697.697,481.318,127.922,42.696,198.868,139.423,95.284,39.895,4.302,1.1,31.211,19.615,12.116,4.415,0.319,0.06,1.799
57.5,4500,0.1,4.0,0.28302,0.19705,0.14502,0.08772,0.03557,0.02733,0.3251,0.22333,0.16251,0.09693,0.03807,0.02873,687.268,691.549,643.671,447.238,119.314,39.817,194.51,136.269,93.345,39.231,4.244,1.088,28.924,18.176,11.26,4.121,0.298,0.056,1.798
60.0,4500,0.1,4.0,0.30556,0.21146,0.155,0.09339,0.03784,0.02914,0.34839,0.23806,0.17265,0.10266,0.04035,0.03055,620.615,627.772,588.302,412.233,110.468,36.859,189.637,132.75,91.189,38.5,4.18,1.074,26.576,16.699,10.381,3.818,0.277,0.052,1.831
62.5,4500,0.1,4.0,0.33307,0.22885,0.16696,0.10014,0.0405,0.03125,0.37679,0.25584,0.18479,0.10946,0.04302,0.03267,552.941,562.835,531.752,376.38,101.403,33.828,184.167,128.806,88.781,37.689,4.107,1.057,24.176,15.187,9.48,3.508,0.255,0.048,1.845
65.0,4500,0.1,4.0,0.36732,0.25024,0.18154,0.10828,0.04368,0.03378,0.41216,0.27769,0.19959,0.11767,0.0462,0.03518,484.585,497.009,474.204,339.763,92.138,30.73,177.998,124.371,86.087,36.791,4.025,1.038,21.73,13.645,8.56,3.19,0.232,0.043,1.824
67.5,4500,0.1,4.0,0.41107,0.27715,0.1997,0.11832,0.04755,0.03681,0.45735,0.3052,0.21803,0.1278,0.05008,0.03822,415.961,430.623,415.873,302.474,82.692,27.574,170.991,119.347,83.049,35.79,3.932,1.015,19.249,12.077,7.622,2.865,0.209,0.039,1.888
70.0,4500,0.1,4.0,0.46885,0.31205,0.22296,0.13102,0.05235,0.04055,0.51701,0.34086,0.24164,0.1406,0.05489,0.04198,347.595,364.087,357.02,264.616,73.088,24.366,162.969,113.613,79.601,34.671,3.826,0.988,16.742,10.491,6.67,2.535,0.186,0.035,1.941
72.5,4500,0.1,4.0,0.54848,0.35909,0.25384,0.1476,0.05849,0.04528,0.59926,0.38894,0.27299,0.15732,0.06104,0.0467,280.179,297.943,297.981,226.309,63.349,21.115,153.673,106.988,75.639,33.404,3.705,0.956,14.226,8.893,5.707,2.2,0.162,0.03,1.993
75.0,4500,0.1,4.0,0.66495,0.42592,0.29686,0.17022,0.0666,0.05143,0.71954,0.45724,0.31666,0.18013,0.06918,0.05289,214.668,232.939,239.212,187.703,53.501,17.829,142.744,99.214,71.012,31.95,3.563,0.917,11.719,7.296,4.738,1.861,0.138,0.026,1.959
77.5,4500,0.1,4.0,0.85029,0.52822,0.36098,0.20296,0.07791,0.05977,0.91096,0.5618,0.38177,0.21314,0.0805,0.06122,152.456,170.181,181.388,149.007,43.576,14.522,129.632,89.893,65.478,30.242,3.395,0.868,9.249,5.714,3.77,1.518,0.113,0.021,1.954
80.0,4500,0.1,4.0,1.18625,0.70346,0.46665,0.25469,0.09484,0.07209,1.25794,0.74089,0.48904,0.26532,0.09748,0.07352,95.673,111.42,125.605,110.539,33.616,11.208,113.492,78.379,58.614,28.153,3.188,0.808,6.859,4.171,2.812,1.175,0.089,0.016,1.699
10.0,5000,0.1,4.0,0.14923,0.1087,0.08249,0.05146,0.02087,0.0156,0.18548,0.13223,0.09858,0.06021,0.02334,0.01699,1522.586,1479.689,1319.41,869.41,225.878,75.593,227.217,160.842,108.835,44.738,4.715,1.179,55.194,34.814,21.234,7.612,0.557,0.105,0.753
12.5,5000,0.1,4.0,0.15052,0.1096,0.08315,0.05186,0.02104,0.01572,0.18681,0.13314,0.09925,0.06061,0.02351,0.01711,1506.615,1464.627,1306.529,861.376,223.852,74.914,226.77,160.517,108.634,44.667,4.71,1.178,54.676,34.487,21.039,7.545,0.552,0.104,0.81
15.0,5000,0.1,4.0,0.15211,0.11071,0.08396,0.05235,0.02124,0.01589,0.18845,0.13428,0.10008,0.06111,0.02371,0.01728,1487.163,1446.281,1290.839,851.587,221.383,74.087,226.218,160.115,108.385,44.58,4.703,1.177,54.044,34.089,20.802,7.463,0.546,0.103,0.911
17.5,5000,0.1,4.0,0.15404,0.11205,0.08495,0.05294,0.02149,0.01608,0.19044,0.13565,0.10108,0.06171,0.02396,0.01747,1464.274,1424.689,1272.369,840.064,218.477,73.114,225.555,159.632,108.085,44.475,4.695,1.176,53.301,33.621,20.523,7.366,0.539,0.101,0.991
20.0,5000,0.1,4.0,0.15631,0.11363,0.08611,0.05364,0.02178,0.01631,0.19278,0.13726,0.10225,0.06241,0.02425,0.0177,1437.996,1399.896,1251.158,826.828,215.138,71.997,224.776,159.065,107.734,44.351,4.686,1.174,52.447,33.083,20.203,7.255,0.531,0.1,1.048
22.5,5000,0.1,4.0,0.15896,0.11546,0.08745,0.05445,0.02212,0.01657,0.19551,0.13913,0.10362,0.06323,0.02459,0.01795,1408.385,1371.954,1227.247,811.905,211.375,70.736,223.875,158.408,107.326,44.208,4.675,1.172,51.485,32.476,19.841,7.129,0.522,0.098,1.111
25.0,5000,0.1,4.0,0.16201,0.11757,0.089,0.05538,0.02251,0.01687,0.19866,0.14129,0.10519,0.06417,0.02498,0.01826,1375.506,1340.921,1200.686,795.324,207.192,69.336,222.845,157.658,106.859,44.044,4.663,1.17,50.415,31.802,19.439,6.99,0.512,0.096,1.18
27.5,5000,0.1,4.0,0.1655,0.11999,0.09076,0.05644,0.02294,0.01723,0.20226,0.14375,0.10698,0.06523,0.02541,0.01861,1339.432,1306.863,1171.526,777.117,202.6,67.798,221.677,156.805,106.329,43.857,4.648,1.168,49.24,31.061,18.998,6.837,0.501,0.094,1.227
30.0,5000,0.1,4.0,0.16948,0.12273,0.09276,0.05763,0.02344,0.01762,0.20636,0.14655,0.10901,0.06644,0.02591,0.01901,1300.242,1269.853,1139.829,757.319,197.606,66.126,220.362,155.844,105.731,43.647,4.632,1.165,47.961,30.255,18.517,6.67,0.488,0.092,1.304
32.5,5000,0.1,4.0,0.17399,0.12583,0.09502,0.05898,0.024,0.01807,0.21102,0.14972,0.1113,0.0678,0.02647,0.01945,1258.025,1229.97,1105.658,735.969,192.221,64.323,218.887,154.766,105.06,43.411,4.614,1.162,46.583,29.386,17.999,6.49,0.475,0.089,1.346
35.0,5000,0.1,4.0,0.17911,0.12934,0.09757,0.06051,0.02463,0.01856,0.2163,0.1533,0.11389,0.06934,0.02711,0.01995,1212.876,1187.301,1069.084,713.108,186.454,62.392,217.24,153.561,104.31,43.147,4.593,1.158,45.106,28.455,17.444,6.298,0.461,0.087,1.453
37.5,5000,0.1,4.0,0.18491,0.1333,0.10044,0.06222,0.02534,0.01913,0.22228,0.15735,0.1168,0.07106,0.02782,0.02052,1164.9,1141.938,1030.182,688.782,180.317,60.338,215.405,152.219,103.474,42.853,4.57,1.154,43.534,27.464,16.853,6.093,0.446,0.084,1.47
40.0,5000,0.1,4.0,0.1915,0.13778,0.10368,0.06414,0.02614,0.01975,0.22907,0.16192,0.12009,0.073,0.02862,0.02115,1114.211,1093.985,989.034,663.038,173.822,58.163,213.366,150.725,102.544,42.525,4.544,1.149,41.871,26.415,16.228,5.875,0.431,0.081,1.527
42.5,5000,0.1,4.0,0.19898,0.14285,0.10734,0.0663,0.02703,0.02048,0.23679,0.1671,0.1238,0.07518,0.02951,0.02187,1060.932,1043.551,945.726,635.926,166.981,55.873,211.102,149.067,101.511,42.163,4.514,1.144,40.118,25.31,15.568,5.647,0.414,0.078,1.573
45.0,5000,0.1,4.0,0.20751,0.1486,0.11147,0.06874,0.02805,0.02128,0.24559,0.17298,0.128,0.07764,0.03053,0.02267,1005.197,990.752,900.353,607.5,159.808,53.471,208.589,147.226,100.365,41.761,4.482,1.138,38.28,24.15,14.877,5.407,0.397,0.074,1.667
47.5,5000,0.1,4.0,0.21729,0.15516,0.11617,0.07151,0.02918,0.02219,0.25568,0.17967,0.13276,0.08043,0.03167,0.02359,947.149,935.717,853.012,577.818,152.316,50.963,205.802,145.185,99.096,41.317,4.445,1.131,36.361,22.939,14.154,5.156,0.379,0.071,1.656
50.0,5000,0.1,4.0,0.22855,0.16267,0.12153,0.07464,0.03047,0.02322,0.26729,0.18735,0.1382,0.08359,0.03296,0.02461,886.947,878.582,803.811,546.937,144.521,48.354,202.708,142.921,97.688,40.826,4.404,1.123,34.364,21.679,13.401,4.894,0.36,0.067,1.774
52.5,5000,0.1,4.0,0.24161,0.17133,0.12768,0.07823,0.03194,0.0244,0.28077,0.19619,0.14445,0.08721,0.03443,0.02581,824.764,819.496,752.863,514.922,136.438,45.648,199.273,140.407,96.128,40.284,4.358,1.114,32.293,20.372,12.621,4.623,0.34,0.064,1.77
55.0,5000,0.1,4.0,0.25691,0.1814,0.1348,0.08236,0.03363,0.02576,0.29654,0.20647,0.15167,0.09138,0.03613,0.02716,760.789,758.623,700.29,481.838,128.083,42.852,195.451,137.614,94.399,39.685,4.307,1.104,30.154,19.021,11.813,4.343,0.32,0.06,1.847
57.5,5000,0.1,4.0,0.275,0.19321,0.1431,0.08716,0.03557,0.02732,0.31521,0.21854,0.1601,0.09621,0.03808,0.02872,695.237,696.141,646.222,447.754,119.472,39.97,191.191,134.503,92.477,39.024,4.25,1.092,27.952,17.629,10.981,4.054,0.299,0.056,1.798
60.0,5000,0.1,4.0,0.2967,0.20725,0.15291,0.09278,0.03784,0.02913,0.33759,0.23287,0.17005,0.10188,0.04034,0.03053,628.348,632.251,590.806,412.744,110.624,37.009,186.431,131.034,90.341,38.294,4.186,1.078,25.691,16.2,10.125,3.756,0.277,0.052,1.835
62.5,5000,0.1,4.0,0.32314,0.22417,0.16465,0.09946,0.0405,0.03126,0.36486,0.25016,0.18196,0.10862,0.04301,0.03267,560.402,567.182,534.2,376.886,101.556,33.975,181.088,127.147,87.956,37.486,4.113,1.062,23.379,14.737,9.248,3.451,0.255,0.048,1.853
65.0,5000,0.1,4.0,0.35602,0.24497,0.17896,0.10754,0.04369,0.03378,0.39877,0.27139,0.19648,0.11676,0.04621,0.03521,491.731,501.203,476.587,340.262,92.287,30.874,175.066,122.779,85.288,36.591,4.032,1.043,21.023,13.244,8.351,3.138,0.233,0.044,1.845
67.5,5000,0.1,4.0,0.39796,0.27111,0.19676,0.11748,0.04755,0.03684,0.44203,0.29809,0.21455,0.12679,0.05009,0.03825,422.737,434.635,418.178,302.964,82.837,27.713,168.231,117.833,82.281,35.593,3.939,1.021,18.631,11.727,7.438,2.819,0.21,0.039,1.879
70.0,5000,0.1,4.0,0.45322,0.30497,0.21956,0.13006,0.05236,0.04057,0.49903,0.33267,0.23768,0.13947,0.0549,0.042,353.932,367.882,359.231,265.095,73.228,24.5,160.41,112.193,78.872,34.478,3.834,0.994,16.214,10.191,6.511,2.495,0.186,0.035,1.933
72.5,5000,0.1,4.0,0.52922,0.35054,0.24979,0.14648,0.05849,0.04529,0.57743,0.37921,0.26836,0.15602,0.06104,0.0467,285.99,301.475,300.076,226.775,63.484,21.243,151.353,105.679,74.956,33.217,3.713,0.962,13.786,8.644,5.573,2.165,0.162,0.03,1.871
75.0,5000,0.1,4.0,0.64005,0.41518,0.29187,0.16885,0.06661,0.05142,0.69175,0.44522,0.31107,0.17858,0.06918,0.05287,219.844,236.146,241.161,188.152,53.629,17.951,140.712,98.043,70.388,31.77,3.572,0.923,11.365,7.095,4.629,1.831,0.138,0.026,1.951
77.5,5000,0.1,4.0,0.81572,0.51388,0.35451,0.20124,0.0779,0.05979,0.87295,0.54603,0.37463,0.21125,0.08051,0.06122,156.854,172.983,183.15,149.433,43.696,14.635,127.949,88.893,64.928,30.072,3.404,0.875,8.977,5.561,3.686,1.495,0.114,0.021,1.978
80.0,5000,0.1,4.0,1.13234,0.68241,0.45755,0.25237,0.09483,0.07206,1.19955,0.71815,0.4792,0.2628,0.09746,0.07356,99.116,113.707,127.118,110.933,33.725,11.31,112.233,77.595,58.163,27.996,3.198,0.815,6.662,4.064,2.752,1.157,0.089,0.017,1.968
10.0,5500,0.1,4.0,0.14576,0.10696,0.08159,0.05118,0.02088,0.01561,0.18051,0.12968,0.09724,0.05979,0.02334,0.01699,1531.72,1484.737,1322.054,869.92,226.047,75.738,223.263,158.809,107.867,44.526,4.719,1.182,53.223,33.729,20.695,7.49,0.557,0.105,0.752
12.5,5500,0.1,4.0,0.14701,0.10784,0.08224,0.05158,0.02104,0.01573,0.18179,0.13058,0.0979,0.06019,0.02351,0.01712,1515.732,1469.667,1309.17,861.885,224.021,75.06,222.826,158.489,107.667,44.456,4.713,1.181,52.725,33.413,20.506,7.423,0.553,0.104,0.876
15.0,5500,0.1,4.0,0.14856,0.10893,0.08305,0.05207,0.02125,0.0159,0.18339,0.13169,0.09872,0.06069,0.02371,0.01728,1496.259,1451.311,1293.475,852.096,221.552,74.233,222.286,158.092,107.42,44.369,4.707,1.18,52.118,33.028,20.275,7.343,0.547,0.103,0.903
17.5,5500,0.1,4.0,0.15043,0.11024,0.08402,0.05266,0.02149,0.01608,0.18532,0.13303,0.09971,0.06128,0.02396,0.01746,1473.345,1429.708,1275.001,840.573,218.645,73.259,221.637,157.616,107.123,44.264,4.699,1.178,51.403,32.575,20.004,7.247,0.54,0.101,0.987
20.0,5500,0.1,4.0,0.15264,0.11179,0.08516,0.05335,0.02178,0.01632,0.1876,0.13461,0.10087,0.06198,0.02425,0.0177,1447.037,1404.901,1253.785,827.336,215.306,72.141,220.875,157.057,106.774,44.14,4.69,1.177,50.582,32.055,19.691,7.138,0.531,0.1,1.033
22.5,5500,0.1,4.0,0.15521,0.11359,0.08649,0.05416,0.02212,0.01658,0.19024,0.13644,0.10221,0.06279,0.02459,0.01796,1417.392,1376.943,1229.868,812.413,211.542,70.881,219.994,156.408,106.37,43.997,4.679,1.175,49.655,31.468,19.339,7.014,0.522,0.098,1.114
25.0,5500,0.1,4.0,0.15817,0.11566,0.08801,0.05508,0.02251,0.01688,0.1933,0.13856,0.10376,0.06372,0.02498,0.01826,1384.474,1345.892,1203.299,795.831,207.359,69.48,218.986,155.667,105.907,43.834,4.667,1.173,48.626,30.815,18.948,6.877,0.512,0.096,1.176
27.5,5500,0.1,4.0,0.16156,0.11802,0.08975,0.05613,0.02294,0.01722,0.19679,0.14097,0.10552,0.06478,0.02541,0.0186,1348.354,1311.813,1174.132,777.622,202.766,67.942,217.843,154.826,105.381,43.648,4.652,1.17,47.496,30.099,18.518,6.727,0.501,0.094,1.251
30.0,5500,0.1,4.0,0.16542,0.12071,0.09172,0.05732,0.02344,0.01763,0.20076,0.14371,0.10752,0.06598,0.02591,0.01901,1309.114,1274.78,1142.425,757.824,197.772,66.269,216.556,153.877,104.788,43.438,4.636,1.168,46.266,29.32,18.051,6.563,0.489,0.092,1.318
32.5,5500,0.1,4.0,0.1698,0.12375,0.09395,0.05866,0.024,0.01806,0.20528,0.14681,0.10979,0.06733,0.02648,0.01944,1266.839,1234.87,1108.243,736.473,192.385,64.465,215.113,152.813,104.123,43.203,4.618,1.164,44.94,28.479,17.546,6.386,0.476,0.089,1.36
35.0,5500,0.1,4.0,0.17477,0.12718,0.09647,0.06017,0.02463,0.01857,0.21039,0.15032,0.11234,0.06886,0.02711,0.01996,1221.625,1192.17,1071.657,713.611,186.617,62.534,213.5,151.624,103.379,42.939,4.597,1.161,43.519,27.578,17.006,6.197,0.462,0.087,1.427
37.5,5500,0.1,4.0,0.18039,0.13106,0.0993,0.06187,0.02534,0.01913,0.21619,0.15428,0.11521,0.07057,0.02782,0.02052,1173.577,1146.774,1032.742,689.283,180.479,60.478,211.705,150.299,102.549,42.646,4.574,1.157,42.007,26.62,16.43,5.995,0.447,0.084,1.477
40.0,5500,0.1,4.0,0.18677,0.13544,0.10249,0.06378,0.02614,0.01976,0.22276,0.15875,0.11844,0.07249,0.02862,0.02115,1122.806,1098.783,991.578,663.538,173.983,58.303,209.707,148.824,101.626,42.319,4.548,1.152,40.407,25.604,15.821,5.781,0.431,0.081,1.569
42.5,5500,0.1,4.0,0.19402,0.1404,0.10609,0.06593,0.02704,0.02048,0.23023,0.16381,0.1221,0.07466,0.02952,0.02187,1069.436,1048.306,948.254,636.424,167.141,56.012,207.491,147.187,100.602,41.958,4.519,1.147,38.72,24.535,15.179,5.556,0.415,0.078,1.645
45.0,5500,0.1,4.0,0.20228,0.14603,0.11017,0.06835,0.02804,0.02128,0.23874,0.16955,0.12623,0.0771,0.03053,0.02268,1013.598,995.459,902.861,607.996,159.966,53.609,205.03,145.369,99.465,41.557,4.486,1.141,36.952,23.413,14.506,5.32,0.397,0.075,1.617
47.5,5500,0.1,4.0,0.21174,0.15244,0.11479,0.07109,0.02919,0.02219,0.24848,0.1761,0.13093,0.07986,0.03167,0.02358,955.435,940.37,855.499,578.311,152.473,51.1,202.302,143.354,98.205,41.113,4.45,1.134,35.105,22.242,13.802,5.073,0.379,0.071,1.617
50.0,5500,0.1,4.0,0.22263,0.15979,0.12007,0.07421,0.03047,0.02322,0.2597,0.18359,0.13628,0.08301,0.03296,0.02462,895.103,883.174,806.274,547.429,144.677,48.49,199.273,141.118,96.809,40.624,4.409,1.126,33.183,21.022,13.069,4.816,0.36,0.068,1.732
52.5,5500,0.1,4.0,0.23525,0.16824,0.12612,0.07777,0.03195,0.02442,0.2727,0.19222,0.14242,0.0866,0.03445,0.02582,832.772,824.019,755.298,515.411,136.592,45.783,195.91,138.636,95.261,40.083,4.364,1.118,31.19,19.757,12.309,4.55,0.341,0.064,1.75
55.0,5500,0.1,4.0,0.25002,0.17807,0.13313,0.08187,0.03363,0.02575,0.28792,0.20225,0.14952,0.09073,0.03613,0.02715,768.63,763.066,702.692,482.323,128.235,42.984,192.17,135.879,93.546,39.486,4.313,1.107,29.131,18.45,11.522,4.274,0.32,0.06,1.726
57.5,5500,0.1,4.0,0.26747,0.18959,0.14129,0.08662,0.03557,0.02733,0.3059,0.21401,0.15781,0.09552,0.03807,0.02873,702.886,700.493,648.588,448.236,119.622,40.101,188.002,132.809,91.639,38.826,4.255,1.096,27.01,17.103,10.712,3.989,0.299,0.056,1.807
60.0,5500,0.1,4.0,0.28838,0.20328,0.15093,0.0922,0.03784,0.02914,0.32744,0.22798,0.16759,0.10114,0.04035,0.03054,635.778,636.498,593.129,413.221,110.77,37.137,183.345,129.387,89.522,38.098,4.192,1.082,24.833,15.72,9.878,3.697,0.278,0.052,1.814
62.5,5500,0.1,4.0,0.31383,0.21977,0.16246,0.09882,0.0405,0.03126,0.35365,0.2448,0.17929,0.10782,0.04302,0.03267,567.579,571.308,536.473,377.357,101.699,34.101,178.121,125.554,87.158,37.292,4.119,1.066,22.606,14.303,9.024,3.396,0.256,0.048,1.822
65.0,5500,0.1,4.0,0.34543,0.24001,0.17651,0.10683,0.04369,0.03378,0.38622,0.26546,0.19354,0.1159,0.04621,0.0352,498.612,505.187,478.801,340.726,92.427,30.997,172.237,121.248,84.515,36.4,4.038,1.047,20.336,12.858,8.151,3.089,0.233,0.044,1.917
67.5,5500,0.1,4.0,0.38568,0.26542,0.19399,0.11669,0.04756,0.03683,0.42768,0.2914,0.21126,0.12583,0.05009,0.03823,429.272,438.45,420.322,303.421,82.974,27.833,165.561,116.375,81.537,35.405,3.946,1.025,18.031,11.389,7.261,2.775,0.21,0.039,1.879
70.0,5500,0.1,4.0,0.43862,0.29831,0.21634,0.12915,0.05236,0.04058,0.48223,0.32496,0.23394,0.1384,0.05489,0.04201,360.055,371.495,361.289,265.542,73.36,24.616,157.928,110.821,78.163,34.294,3.841,0.999,15.7,9.901,6.358,2.456,0.186,0.035,1.861
72.5,5500,0.1,4.0,0.51127,0.34252,0.24597,0.14541,0.0585,0.04528,0.55708,0.37008,0.26399,0.15479,0.06106,0.04669,291.619,304.842,302.029,227.21,63.61,21.355,149.096,104.413,74.29,33.038,3.721,0.967,13.358,8.402,5.444,2.132,0.163,0.03,1.948
75.0,5500,0.1,4.0,0.6169,0.40511,0.28717,0.16756,0.06661,0.05139,0.66591,0.43396,0.30579,0.17712,0.06917,0.05283,224.874,239.211,242.981,188.572,53.749,18.057,138.725,96.906,69.776,31.597,3.58,0.928,11.02,6.901,4.524,1.803,0.138,0.026,1.976
77.5,5500,0.1,4.0,0.7837,0.50047,0.34841,0.19962,0.07791,0.05979,0.83775,0.53129,0.36791,0.20944,0.08051,0.06122,161.148,175.668,184.799,149.831,43.808,14.734,126.291,87.917,64.386,29.909,3.413,0.881,8.711,5.413,3.604,1.472,0.114,0.021,1.956
80.0,5500,0.1,4.0,1.08271,0.66278,0.44898,0.25018,0.09483,0.07202,1.14583,0.69694,0.46993,0.26042,0.09746,0.07352,102.501,115.908,128.54,111.301,33.828,11.399,110.979,76.822,57.712,27.845,3.208,0.821,6.47,3.959,2.693,1.14,0.089,0.017,1.667
10.0,0,0.3,2.0,0.43428,0.3214,0.24673,0.15533,0.06432,0.0474,0.51464,0.37528,0.28496,0.17724,0.07149,0.05112,1114.356,1157.987,1083.19,763.759,211.063,69.917,483.948,372.177,267.259,118.633,13.576,3.314,89.545,62.387,41.408,16.736,1.512,0.26,0.85
12.5,0,0.3,2.0,0.43843,0.32426,0.24882,0.15657,0.06484,0.0478,0.51902,0.37825,0.28712,0.17851,0.07201,0.05153,1099.675,1143.755,1070.777,755.846,209.048,69.246,482.136,370.877,266.436,118.346,13.555,3.31,88.621,61.754,41.002,16.58,1.498,0.258,0.876
15.0,0,0.3,2.0,0.4436,0.32782,0.25142,0.15812,0.06548,0.04828,0.52448,0.38196,0.28979,0.18008,0.07265,0.05201,1081.82,1126.438,1055.665,746.21,206.594,68.428,479.899,369.271,265.418,117.99,13.528,3.304,87.494,60.983,40.508,16.391,1.482,0.255,0.967
17.5,0,0.3,2.0,0.44985,0.33212,0.25455,0.15998,0.06626,0.04888,0.53108,0.38643,0.29302,0.18198,0.07343,0.05261,1060.846,1106.081,1037.892,734.869,203.705,67.465,477.224,367.348,264.198,117.564,13.497,3.298,86.169,60.074,39.925,16.168,1.462,0.251,1.03
20.0,0,0.3,2.0,0.45726,0.3372,0.25825,0.16217,0.06716,0.04958,0.5389,0.39172,0.29683,0.18421,0.07435,0.0533,1036.818,1082.74,1017.5,721.848,200.388,66.36,474.095,365.097,262.77,117.064,13.459,3.29,84.646,59.031,39.256,15.911,1.439,0.247,1.116
22.5,0,0.3,2.0,0.46592,0.34312,0.26256,0.16472,0.06822,0.05039,0.54805,0.39788,0.30127,0.18681,0.07541,0.05412,1009.808,1056.479,994.538,707.175,196.648,65.113,470.492,362.502,261.121,116.486,13.416,3.281,82.93,57.855,38.501,15.622,1.414,0.243,1.185
25.0,0,0.3,2.0,0.47596,0.34997,0.26752,0.16765,0.06944,0.05133,0.55864,0.40501,0.30638,0.1898,0.07664,0.05506,979.905,1027.372,969.066,690.88,192.493,63.729,466.394,359.547,259.241,115.826,13.366,3.271,81.024,56.548,37.662,15.3,1.386,0.238,1.258
27.5,0,0.3,2.0,0.48751,0.35782,0.27319,0.17099,0.07082,0.05239,0.57084,0.41318,0.31223,0.1932,0.07803,0.05612,947.204,995.501,941.145,673.0,187.932,62.21,461.774,356.21,257.116,115.079,13.309,3.259,78.931,55.112,36.741,14.947,1.355,0.232,1.303
30.0,0,0.3,2.0,0.50076,0.36679,0.27966,0.17479,0.07238,0.0536,0.58484,0.42252,0.3189,0.19707,0.0796,0.05733,911.816,960.96,910.849,653.574,182.973,60.559,456.604,352.47,254.732,114.239,13.244,3.246,76.658,53.552,35.739,14.563,1.321,0.226,1.376
32.5,0,0.3,2.0,0.51593,0.37701,0.28701,0.17909,0.07415,0.05497,0.60085,0.43315,0.32647,0.20145,0.08138,0.05871,873.864,923.851,878.256,632.643,177.627,58.779,450.849,348.301,252.07,113.3,13.171,3.231,74.208,51.869,34.657,14.148,1.284,0.22,1.449
35.0,0,0.3,2.0,0.53327,0.38864,0.29535,0.18395,0.07615,0.05651,0.61916,0.44526,0.33506,0.2064,0.08339,0.06026,833.485,884.292,843.454,610.254,171.905,56.874,444.473,343.674,249.111,112.254,13.09,3.214,71.587,50.067,33.499,13.703,1.245,0.213,1.502
37.5,0,0.3,2.0,0.55313,0.40189,0.3048,0.18943,0.07839,0.05825,0.64013,0.45905,0.34481,0.21199,0.08565,0.06201,790.829,842.409,806.539,586.46,165.818,54.848,437.433,338.556,245.833,111.094,12.998,3.195,68.801,48.151,32.267,13.23,1.204,0.206,1.573
40.0,0,0.3,2.0,0.57593,0.417,0.31553,0.19563,0.08091,0.0602,0.6642,0.47478,0.35587,0.2183,0.08819,0.06396,746.066,798.342,767.618,561.314,159.379,52.706,429.68,332.91,242.21,109.808,12.896,3.173,65.857,46.124,30.962,12.729,1.16,0.198,1.611
42.5,0,0.3,2.0,0.60219,0.43429,0.32776,0.20265,0.08375,0.06242,0.69193,0.49277,0.36847,0.22545,0.09105,0.06618,699.384,752.248,726.806,534.875,152.601,50.451,421.162,326.693,238.216,108.39,12.781,3.149,62.763,43.992,29.588,12.2,1.113,0.19,1.677
45.0,0,0.3,2.0,0.6326,0.45415,0.34172,0.21061,0.08697,0.0649,0.72404,0.51344,0.38286,0.23357,0.09429,0.06868,650.99,704.299,684.23,507.209,145.499,48.09,411.817,319.858,233.816,106.823,12.654,3.121,59.527,41.758,28.147,11.646,1.065,0.182,1.696
47.5,0,0.3,2.0,0.66805,0.4771,0.35776,0.21969,0.09061,0.06772,0.76147,0.53733,0.39939,0.24283,0.09795,0.07151,601.119,654.688,640.033,478.384,138.087,45.627,401.578,312.353,228.977,105.098,12.512,3.09,56.158,39.43,26.643,11.066,1.014,0.173,1.77
50.0,0,0.3,2.0,0.70972,0.50381,0.37629,0.23011,0.09474,0.07094,0.80547,0.56513,0.41849,0.25344,0.10212,0.07474,550.032,603.63,594.37,448.476,130.382,43.067,390.366,304.115,223.655,103.198,12.353,3.055,52.666,37.013,25.08,10.463,0.961,0.164,1.801
52.5,0,0.3,2.0,0.75919,0.53518,0.39788,0.24213,0.09948,0.07462,0.85771,0.59777,0.44074,0.26569,0.10688,0.07843,498.025,551.367,547.416,417.568,122.4,40.417,378.096,295.078,217.806,101.105,12.176,3.016,49.064,34.513,23.46,9.837,0.906,0.154,1.843
55.0,0,0.3,2.0,0.81868,0.57241,0.42328,0.25612,0.10492,0.07882,0.92052,0.63652,0.46691,0.27995,0.11236,0.08264,445.435,498.176,499.368,385.75,114.161,37.683,364.668,285.16,211.372,98.8,11.978,2.97,45.365,31.941,21.789,9.19,0.849,0.144,1.839
57.5,0,0.3,2.0,0.89131,0.61721,0.45353,0.27259,0.11124,0.08368,0.99721,0.68315,0.49809,0.29673,0.11871,0.08752,392.647,444.372,450.452,353.123,105.683,34.872,349.97,274.271,204.292,96.258,11.756,2.918,41.583,29.303,20.072,8.523,0.79,0.134,1.921
60.0,0,0.3,2.0,0.98166,0.67201,0.49009,0.29222,0.11864,0.08937,1.09262,0.74019,0.53577,0.31673,0.12617,0.09324,340.108,390.325,400.929,319.8,96.988,31.992,333.872,262.304,196.491,93.453,11.507,2.859,37.738,26.612,18.314,7.838,0.73,0.124,1.891
62.5,0,0.3,2.0,1.0967,0.74043,0.5351,0.31599,0.12744,0.09604,1.2141,0.8114,0.58215,0.34095,0.13503,0.09993,288.342,336.47,351.106,285.911,88.097,29.049,316.226,249.133,187.876,90.346,11.227,2.79,33.85,23.88,16.522,7.136,0.669,0.113,1.925
65.0,0,0.3,2.0,1.24749,0.82805,0.5918,0.34537,0.13805,0.10405,1.37332,0.9026,0.64059,0.37088,0.1457,0.10797,237.966,283.328,301.354,251.612,79.038,26.054,296.86,234.611,178.341,86.898,10.911,2.711,29.943,21.122,14.704,6.42,0.605,0.102,1.933
67.5,0,0.3,2.0,1.4526,0.94394,0.6653,0.38254,0.15106,0.11374,1.58991,1.02322,0.71635,0.40876,0.15881,0.1177,189.713,231.534,252.13,217.089,69.838,23.017,275.578,218.554,167.743,83.046,10.55,2.618,26.049,18.356,12.87,5.692,0.541,0.091,2.0
70.0,0,0.3,2.0,1.74546,1.10379,0.76424,0.43116,0.16748,0.12582,1.89916,1.1896,0.81831,0.45831,0.17535,0.12983,144.466,181.873,204.008,182.578,60.531,19.949,252.16,200.75,155.911,78.721,10.138,2.51,22.204,15.606,11.031,4.956,0.476,0.08,2.054
72.5,0,0.3,2.0,2.19174,1.33696,0.90413,0.4974,0.18882,0.14118,2.37044,1.43229,0.96248,0.52579,0.19681,0.14521,103.278,135.332,157.737,148.391,51.16,16.865,226.359,180.933,142.614,73.809,9.66,2.381,18.455,12.901,9.205,4.214,0.409,0.068,2.049
75.0,0,0.3,2.0,2.93711,1.70465,1.11591,0.59293,0.21779,0.16164,3.15756,1.81499,1.18075,0.62315,0.22598,0.16577,67.392,93.157,114.31,114.957,41.778,13.784,197.938,158.8,127.56,68.162,9.099,2.228,14.856,10.279,7.412,3.473,0.342,0.057,2.044
77.5,0,0.3,2.0,4.36334,2.35476,1.46989,0.74234,0.25961,0.19025,4.66369,2.49167,1.54556,0.77539,0.26808,0.19445,38.209,56.914,75.08,82.911,32.464,10.733,166.719,134.019,110.359,61.548,8.428,2.042,11.476,7.792,5.682,2.74,0.275,0.045,2.078
80.0,0,0.3,2.0,7.76327,3.73384,2.16113,1.00702,0.32556,0.23413,8.25427,3.92714,2.25796,1.04508,0.33448,0.23852,17.1,28.479,41.898,53.241,23.341,7.752,132.752,106.336,90.547,53.615,7.599,1.815,8.396,5.505,4.057,2.026,0.208,0.034,2.087
10.0,500,0.3,2.0,0.42702,0.31795,0.24504,0.15482,0.06429,0.0474,0.50481,0.37049,0.28256,0.17651,0.07143,0.05111,1125.486,1164.937,1087.547,764.623,211.369,70.319,480.605,370.395,266.489,118.38,13.588,3.333,87.554,61.204,40.804,16.586,1.51,0.261,0.836
12.5,500,0.3,2.0,0.43108,0.32077,0.24711,0.15606,0.0648,0.0478,0.50909,0.37342,0.28469,0.17778,0.07195,0.05152,1110.754,1150.679,1075.12,756.709,209.354,69.646,478.819,369.107,265.672,118.094,13.567,3.329,86.653,60.584,40.404,16.432,1.496,0.259,0.877
15.0,500,0.3,2.0,0.43612,0.32428,0.24968,0.1576,0.06545,0.0483,0.51441,0.37707,0.28734,0.17935,0.0726,0.05201,1092.837,1133.329,1059.992,747.071,206.899,68.827,476.613,367.516,264.662,117.74,13.541,3.324,85.556,59.829,39.918,16.244,1.48,0.256,0.913
17.5,500,0.3,2.0,0.44223,0.32851,0.25278,0.15945,0.06622,0.04888,0.52085,0.38147,0.29054,0.18123,0.07337,0.05261,1071.788,1112.934,1042.198,735.727,204.01,67.863,473.976,365.613,263.452,117.315,13.509,3.317,84.264,58.94,39.345,16.023,1.46,0.253,1.016
20.0,500,0.3,2.0,0.44947,0.33352,0.25645,0.16164,0.06713,0.04958,0.52848,0.38668,0.29431,0.18346,0.07429,0.05331,1047.67,1089.547,1021.782,722.704,200.691,66.755,470.891,363.383,262.034,116.816,13.472,3.31,82.78,57.919,38.687,15.769,1.438,0.249,1.141
22.5,500,0.3,2.0,0.45792,0.33935,0.26071,0.16417,0.06818,0.05039,0.5374,0.39275,0.2987,0.18604,0.07535,0.05412,1020.559,1063.234,998.794,708.027,196.95,65.507,467.338,360.813,260.397,116.24,13.428,3.301,81.107,56.768,37.945,15.483,1.412,0.244,1.17
25.0,500,0.3,2.0,0.46772,0.34609,0.26563,0.16709,0.0694,0.05133,0.54773,0.39975,0.30376,0.18901,0.07657,0.05505,990.539,1034.066,973.289,691.729,192.794,64.12,463.297,357.885,258.531,115.582,13.379,3.291,79.249,55.488,37.12,15.164,1.384,0.239,1.207
27.5,500,0.3,2.0,0.479,0.35383,0.27125,0.17042,0.07077,0.0524,0.55962,0.4078,0.30956,0.1924,0.07796,0.05614,957.708,1002.127,945.334,673.845,188.231,62.598,458.74,354.579,256.421,114.837,13.322,3.28,77.21,54.084,36.214,14.814,1.353,0.234,1.326
30.0,500,0.3,2.0,0.49193,0.36266,0.27765,0.1742,0.07234,0.05361,0.57325,0.41698,0.31616,0.19626,0.07954,0.05735,922.173,967.509,914.997,654.414,183.271,60.943,453.64,350.875,254.053,114.0,13.258,3.267,74.993,52.556,35.228,14.433,1.319,0.228,1.393
32.5,500,0.3,2.0,0.50671,0.37272,0.28493,0.17848,0.07411,0.05497,0.58884,0.42744,0.32365,0.20062,0.08132,0.05872,884.056,930.316,882.359,633.478,177.923,59.16,447.962,346.744,251.41,113.064,13.185,3.252,72.605,50.909,34.165,14.023,1.283,0.222,1.429
35.0,500,0.3,2.0,0.52362,0.38416,0.29318,0.18332,0.0761,0.05651,0.60667,0.43934,0.33215,0.20554,0.08332,0.06026,843.493,890.661,847.507,611.084,172.198,57.251,441.671,342.158,248.471,112.021,13.104,3.235,70.049,49.145,33.025,13.582,1.244,0.215,1.489
37.5,500,0.3,2.0,0.54297,0.39719,0.30253,0.18877,0.07834,0.05826,0.62707,0.45289,0.34178,0.2111,0.08558,0.06201,800.634,848.671,810.536,587.282,166.109,55.221,434.723,337.086,245.215,110.864,13.013,3.217,67.332,47.269,31.813,13.114,1.202,0.207,1.514
40.0,500,0.3,2.0,0.56517,0.41205,0.31316,0.19494,0.08086,0.0602,0.65048,0.46834,0.35273,0.21739,0.08811,0.06397,755.646,804.486,771.552,562.129,159.667,53.073,427.07,331.488,241.616,109.582,12.911,3.195,64.461,45.285,30.53,12.617,1.158,0.2,1.619
42.5,500,0.3,2.0,0.59073,0.42904,0.32525,0.20192,0.0837,0.06242,0.67743,0.48601,0.36518,0.2245,0.09098,0.0662,708.714,758.26,730.671,535.682,152.886,50.813,418.661,325.325,237.648,108.167,12.797,3.172,61.443,43.197,29.178,12.094,1.112,0.192,1.67
45.0,500,0.3,2.0,0.62031,0.44856,0.33906,0.20985,0.08691,0.06492,0.70862,0.5063,0.37941,0.23258,0.09421,0.0687,660.045,710.166,688.018,508.006,145.781,48.446,409.433,318.549,233.277,106.606,12.67,3.145,58.286,41.01,27.761,11.544,1.064,0.183,1.725
47.5,500,0.3,2.0,0.65476,0.47109,0.35491,0.21889,0.09055,0.06773,0.74494,0.52974,0.39574,0.24178,0.09787,0.07152,609.87,660.393,643.734,479.171,138.365,45.976,399.321,311.107,228.469,104.886,12.529,3.114,54.998,38.729,26.281,10.97,1.013,0.174,1.718
50.0,500,0.3,2.0,0.69522,0.49731,0.37323,0.22925,0.09468,0.07095,0.78761,0.557,0.4146,0.25234,0.10203,0.07475,558.448,609.155,597.975,449.251,130.656,43.409,388.247,302.938,223.181,102.99,12.371,3.08,51.59,36.361,24.742,10.373,0.96,0.165,1.863
52.5,500,0.3,2.0,0.74323,0.52807,0.39456,0.24121,0.09941,0.07462,0.83822,0.58899,0.43658,0.26452,0.10679,0.07843,506.071,556.693,550.913,418.329,122.67,40.751,376.125,293.975,217.368,100.904,12.195,3.041,48.073,33.913,23.149,9.753,0.905,0.155,1.844
55.0,500,0.3,2.0,0.80088,0.56457,0.41964,0.25513,0.10485,0.07882,0.89901,0.62695,0.46242,0.2787,0.11227,0.08266,453.073,503.279,502.745,386.496,114.425,38.009,362.857,284.138,210.974,98.605,11.998,2.996,44.46,31.391,21.504,9.112,0.849,0.146,1.866
57.5,500,0.3,2.0,0.87119,0.60846,0.44951,0.2715,0.11116,0.08369,0.97314,0.67258,0.49318,0.29538,0.11862,0.08753,399.834,449.228,453.694,353.851,105.942,35.188,348.331,273.337,203.938,96.071,11.777,2.945,40.765,28.806,19.814,8.451,0.79,0.135,1.936
60.0,500,0.3,2.0,0.95853,0.6621,0.48558,0.29102,0.11856,0.08936,1.06524,0.72836,0.53034,0.31527,0.12607,0.09323,346.798,394.905,404.019,320.508,97.24,32.296,332.417,261.466,196.184,93.274,11.529,2.886,37.006,26.168,18.083,7.772,0.73,0.125,1.894
62.5,500,0.3,2.0,1.06957,0.729,0.52997,0.31465,0.12735,0.09607,1.18232,0.79793,0.57606,0.33934,0.13491,0.09996,294.483,340.74,354.025,286.596,88.342,29.342,314.969,248.4,187.622,90.176,11.25,2.819,33.204,23.488,16.318,7.077,0.668,0.114,1.924
65.0,500,0.3,2.0,1.21484,0.81458,0.58585,0.34383,0.13794,0.10405,1.33549,0.88693,0.63362,0.36908,0.14557,0.10796,243.503,287.252,304.079,252.27,79.274,26.333,295.816,233.991,178.144,86.739,10.935,2.74,29.381,20.782,14.527,6.368,0.605,0.103,1.995
67.5,500,0.3,2.0,1.41201,0.92763,0.65824,0.38077,0.15096,0.11379,1.5434,1.00448,0.70819,0.4067,0.15868,0.11774,194.588,235.071,254.633,217.715,70.064,23.28,274.76,218.058,167.609,82.899,10.577,2.649,25.568,18.067,12.72,5.646,0.541,0.092,2.015
70.0,500,0.3,2.0,1.69276,1.08331,0.75559,0.42905,0.16735,0.12582,1.83946,1.16638,0.80847,0.45589,0.17519,0.12983,148.619,184.977,206.26,183.166,60.746,20.195,251.577,200.387,155.847,78.588,10.166,2.541,21.801,15.366,10.908,4.916,0.476,0.081,2.011
72.5,500,0.3,2.0,2.11916,1.30993,0.89307,0.49481,0.18866,0.14118,2.28908,1.40205,0.95009,0.52288,0.19664,0.14521,106.655,137.955,159.702,148.933,51.362,17.092,226.019,180.712,142.625,73.693,9.69,2.413,18.123,12.708,9.106,4.181,0.41,0.069,2.03
75.0,500,0.3,2.0,2.82817,1.66641,1.10093,0.58961,0.21762,0.16163,3.03673,1.77276,1.16421,0.61947,0.22579,0.16577,69.952,95.251,115.949,115.443,41.964,13.989,197.836,158.727,127.652,68.066,9.132,2.261,14.589,10.13,7.337,3.447,0.343,0.058,2.064
77.5,500,0.3,2.0,4.17665,2.29445,1.44769,0.73775,0.25936,0.19025,4.45874,2.42588,1.5214,0.77039,0.26782,0.19446,39.944,58.441,76.352,83.329,32.63,10.912,166.832,134.09,110.534,61.476,8.463,2.076,11.268,7.681,5.628,2.72,0.276,0.046,2.114
80.0,500,0.3,2.0,7.36252,3.62,2.12296,0.99994,0.32526,0.23418,7.81841,3.80441,2.217,1.0375,0.33416,0.23861,18.068,29.429,42.77,53.574,23.483,7.9,133.026,106.533,90.799,53.571,7.638,1.85,8.237,5.427,4.022,2.012,0.209,0.035,2.056
10.0,1000,0.3,2.0,0.42017,0.31469,0.24343,0.15434,0.06425,0.0474,0.49552,0.36596,0.28027,0.17582,0.07138,0.05112,1136.182,1171.531,1091.597,765.428,211.652,70.68,477.389,368.671,265.727,118.134,13.599,3.35,85.617,60.059,40.218,16.444,1.508,0.263,0.813
12.5,1000,0.3,2.0,0.42414,0.31747,0.24548,0.15557,0.06476,0.0478,0.4997,0.36885,0.28239,0.17708,0.07189,0.05151,1121.402,1157.248,1079.157,757.513,209.637,70.006,475.627,367.395,264.916,117.848,13.577,3.346,84.739,59.452,39.825,16.291,1.494,0.26,0.913
15.0,1000,0.3,2.0,0.42907,0.32093,0.24804,0.15711,0.06541,0.04829,0.5049,0.37244,0.28502,0.17864,0.07254,0.05202,1103.426,1139.869,1064.014,747.872,207.181,69.186,473.452,365.819,263.913,117.495,13.551,3.341,83.669,58.713,39.347,16.105,1.478,0.258,0.931
17.5,1000,0.3,2.0,0.43504,0.3251,0.25111,0.15895,0.06618,0.04889,0.51119,0.37678,0.28818,0.18052,0.07332,0.05261,1082.306,1119.437,1046.202,736.527,204.291,68.22,470.85,363.933,262.711,117.071,13.52,3.335,82.41,57.843,38.783,15.886,1.458,0.254,1.062
20.0,1000,0.3,2.0,0.44212,0.33004,0.25474,0.16113,0.06709,0.04959,0.51863,0.3819,0.29192,0.18274,0.07423,0.05331,1058.105,1096.009,1025.765,723.501,200.971,67.111,467.807,361.724,261.302,116.575,13.483,3.328,80.963,56.843,38.136,15.634,1.436,0.25,1.114
22.5,1000,0.3,2.0,0.45039,0.33579,0.25896,0.16365,0.06814,0.05039,0.52734,0.38788,0.29627,0.18531,0.07529,0.05413,1030.898,1069.646,1002.751,708.821,197.229,65.86,464.301,359.177,259.677,116.0,13.44,3.319,79.333,55.716,37.405,15.351,1.41,0.246,1.179
25.0,1000,0.3,2.0,0.45996,0.34243,0.26383,0.16656,0.06935,0.05132,0.53742,0.39478,0.30128,0.18827,0.07651,0.05506,1000.769,1040.423,977.219,692.52,193.072,64.472,460.313,356.275,257.823,115.344,13.39,3.309,77.521,54.463,36.594,15.035,1.382,0.241,1.228
27.5,1000,0.3,2.0,0.47098,0.35005,0.2694,0.16987,0.07073,0.05239,0.54902,0.4027,0.30702,0.19164,0.0779,0.05613,967.813,1008.42,949.231,674.632,188.507,62.947,455.816,352.999,255.727,114.601,13.334,3.298,75.533,53.088,35.702,14.688,1.351,0.235,1.291
30.0,1000,0.3,2.0,0.4836,0.35875,0.27575,0.17364,0.0723,0.0536,0.56231,0.41173,0.31355,0.19548,0.07948,0.05733,932.138,973.731,918.858,655.197,183.545,61.289,450.783,349.327,253.375,113.766,13.27,3.285,73.372,51.592,34.732,14.311,1.318,0.229,1.387
32.5,1000,0.3,2.0,0.49804,0.36866,0.28296,0.1779,0.07406,0.05497,0.57751,0.42203,0.32097,0.19982,0.08125,0.05872,893.866,936.457,886.179,634.256,178.196,59.503,445.178,345.232,250.749,112.833,13.198,3.271,71.042,49.979,33.686,13.904,1.281,0.223,1.431
35.0,1000,0.3,2.0,0.51454,0.37993,0.29112,0.18271,0.07605,0.05652,0.59489,0.43374,0.32938,0.20472,0.08326,0.06027,853.13,896.713,851.282,611.856,172.469,57.59,438.966,340.686,247.829,111.793,13.117,3.255,68.55,48.252,32.565,13.468,1.243,0.216,1.522
37.5,1000,0.3,2.0,0.53341,0.39275,0.30039,0.18815,0.0783,0.05825,0.61476,0.44706,0.33892,0.21026,0.08552,0.06201,810.079,854.624,814.26,588.049,166.378,55.556,432.105,335.656,244.594,110.639,13.027,3.236,65.9,46.415,31.372,13.003,1.201,0.209,1.538
40.0,1000,0.3,2.0,0.55505,0.40737,0.3109,0.19429,0.08081,0.06022,0.63755,0.46225,0.34974,0.21651,0.08805,0.06398,764.878,810.329,775.22,562.888,159.934,53.405,424.547,330.105,241.018,109.361,12.925,3.216,63.099,44.471,30.109,12.511,1.157,0.201,1.587
42.5,1000,0.3,2.0,0.57996,0.42409,0.32287,0.20124,0.08366,0.06242,0.66377,0.47962,0.36206,0.22359,0.09091,0.06619,717.71,763.98,734.275,536.433,153.15,51.14,416.241,323.993,237.074,107.95,12.812,3.192,60.155,42.426,28.779,11.992,1.111,0.193,1.646
45.0,1000,0.3,2.0,0.60876,0.44327,0.33653,0.20912,0.08687,0.06492,0.6941,0.49955,0.37613,0.23163,0.09414,0.06869,668.781,715.75,691.552,508.749,146.041,48.768,407.124,317.272,232.729,106.392,12.686,3.166,57.074,40.283,27.384,11.448,1.063,0.184,1.717
47.5,1000,0.3,2.0,0.64228,0.46542,0.35222,0.21812,0.0905,0.06774,0.72939,0.52257,0.39228,0.24079,0.0978,0.07155,618.319,665.825,647.189,479.904,138.622,46.292,397.133,309.89,227.95,104.677,12.545,3.136,53.865,38.048,25.928,10.879,1.012,0.176,1.803
50.0,1000,0.3,2.0,0.68161,0.49117,0.37033,0.22843,0.09462,0.07095,0.77081,0.54932,0.41093,0.25129,0.10195,0.07475,566.579,614.419,601.342,449.974,130.909,43.719,386.188,301.786,222.694,102.787,12.387,3.102,50.538,35.728,24.414,10.287,0.959,0.166,1.772
52.5,1000,0.3,2.0,0.72824,0.52138,0.39141,0.24033,0.09935,0.07461,0.81991,0.5807,0.43264,0.26341,0.10671,0.07843,513.851,561.77,554.183,419.039,122.919,41.054,374.207,292.893,216.915,100.706,12.212,3.063,47.103,33.328,22.845,9.673,0.905,0.157,1.806
55.0,1000,0.3,2.0,0.78418,0.55719,0.4162,0.25417,0.10479,0.07882,0.87881,0.61791,0.45816,0.27751,0.11218,0.08265,460.465,508.148,505.905,387.192,114.67,38.304,361.089,283.133,210.559,98.414,12.016,3.019,43.574,30.857,21.226,9.037,0.848,0.147,1.821
57.5,1000,0.3,2.0,0.85233,0.60021,0.4457,0.27046,0.11109,0.08369,0.95057,0.66262,0.48852,0.2941,0.11853,0.08755,406.798,453.864,456.731,354.531,106.181,35.475,346.726,272.415,203.563,95.886,11.796,2.969,39.964,28.323,19.561,8.382,0.79,0.137,1.882
60.0,1000,0.3,2.0,0.93688,0.65276,0.48132,0.28987,0.11848,0.08937,1.03959,0.71721,0.5252,0.31388,0.12597,0.09323,353.289,399.281,406.916,321.169,97.473,32.574,330.988,260.635,195.855,93.097,11.549,2.911,36.289,25.735,17.857,7.71,0.73,0.126,1.918
62.5,1000,0.3,2.0,1.04419,0.71824,0.52511,0.31336,0.12727,0.09605,1.1526,0.78525,0.57029,0.3378,0.13481,0.09994,300.451,344.826,356.765,287.236,88.568,29.609,313.729,247.668,187.342,90.008,11.272,2.844,32.57,23.106,16.118,7.021,0.668,0.115,1.933
65.0,1000,0.3,2.0,1.18436,0.80191,0.58022,0.34237,0.13785,0.10407,1.30019,0.87219,0.62703,0.36736,0.14547,0.10798,248.894,291.013,306.64,252.885,79.493,26.588,294.779,233.367,177.919,86.581,10.958,2.767,28.83,20.451,14.354,6.318,0.606,0.104,1.934
67.5,1000,0.3,2.0,1.37418,0.91229,0.65155,0.37908,0.15085,0.11377,1.50007,0.98687,0.70047,0.40475,0.15855,0.11772,199.346,238.466,256.991,218.3,70.274,23.522,273.937,217.551,167.443,82.753,10.601,2.676,25.096,17.785,12.572,5.603,0.541,0.093,1.965
70.0,1000,0.3,2.0,1.64378,1.06408,0.7474,0.42705,0.16723,0.12584,1.78397,1.14459,0.79916,0.4536,0.17504,0.12986,152.685,187.963,208.386,183.716,60.946,20.422,250.981,200.008,155.748,78.455,10.192,2.57,21.404,15.132,10.785,4.879,0.476,0.082,2.005
72.5,1000,0.3,2.0,2.05192,1.28462,0.88263,0.49234,0.18852,0.1412,2.21375,1.37374,0.93838,0.52012,0.19648,0.14524,109.973,140.484,161.562,149.44,51.548,17.302,225.656,180.469,142.599,73.576,9.718,2.443,17.797,12.52,9.008,4.15,0.41,0.07,2.032
75.0,1000,0.3,2.0,2.72769,1.63069,1.0868,0.58645,0.21744,0.16166,2.92537,1.73333,1.14861,0.61598,0.22558,0.16582,72.48,97.276,117.505,115.899,42.136,14.178,197.703,158.627,127.705,67.969,9.162,2.292,14.328,9.984,7.262,3.422,0.343,0.059,2.087
77.5,1000,0.3,2.0,4.00552,2.23833,1.42678,0.7334,0.25915,0.19029,4.27101,2.36471,1.49864,0.76566,0.26757,0.19453,41.67,59.925,77.565,83.721,32.784,11.078,166.91,134.132,110.668,61.401,8.496,2.108,11.063,7.573,5.574,2.701,0.276,0.047,2.05
80.0,1000,0.3,2.0,6.99884,3.51469,2.08712,0.99325,0.32493,0.23414,7.4233,3.69095,2.17851,1.03034,0.33379,0.23849,19.041,30.358,43.606,53.887,23.614,8.038,133.265,106.699,91.011,53.523,7.673,1.882,8.082,5.351,3.985,1.999,0.209,0.035,2.069
10.0,1500,0.3,2.0,0.41369,0.3116,0.2419,0.15387,0.06389,0.04741,0.48673,0.36165,0.2781,0.17516,0.0708,0.05113,1146.478,1177.804,1095.366,766.178,211.918,71.002,474.29,367.003,264.972,117.893,13.54,3.366,83.73,58.951,39.65,16.309,1.464,0.264,0.815
12.5,1500,0.3,2.0,0.41758,0.31434,0.24394,0.1551,0.06441,0.0478,0.49081,0.3645,0.2802,0.17641,0.07132,0.05153,1131.653,1163.499,1082.916,758.261,209.902,70.328,472.552,365.739,264.166,117.608,13.519,3.362,82.874,58.357,39.263,16.158,1.451,0.262,0.879
15.0,1500,0.3,2.0,0.42241,0.31776,0.24647,0.15663,0.06504,0.0483,0.49589,0.36804,0.2828,0.17797,0.07196,0.05202,1113.62,1146.091,1067.758,748.619,207.446,69.506,470.405,364.177,263.17,117.256,13.493,3.357,81.831,57.633,38.793,15.973,1.435,0.259,0.946
17.5,1500,0.3,2.0,0.42825,0.32187,0.24952,0.15847,0.06581,0.04889,0.50204,0.37232,0.28594,0.17984,0.07273,0.05261,1092.433,1125.626,1049.93,737.272,204.554,68.539,467.838,362.307,261.976,116.834,13.462,3.351,80.603,56.781,38.238,15.756,1.416,0.255,1.024
20.0,1500,0.3,2.0,0.43518,0.32674,0.25312,0.16063,0.06671,0.04958,0.50932,0.37737,0.28964,0.18205,0.07364,0.0533,1068.154,1102.157,1029.474,724.244,201.234,67.429,464.834,360.117,260.576,116.338,13.425,3.343,79.193,55.802,37.601,15.507,1.394,0.251,1.107
22.5,1500,0.3,2.0,0.44326,0.33241,0.2573,0.16315,0.06776,0.0504,0.51782,0.38326,0.29395,0.18461,0.07469,0.05413,1040.856,1075.749,1006.438,709.562,197.491,66.177,461.374,357.592,258.961,115.765,13.382,3.335,77.603,54.698,36.882,15.225,1.369,0.247,1.216
25.0,1500,0.3,2.0,0.45263,0.33896,0.26213,0.16604,0.06896,0.05134,0.52767,0.39006,0.29892,0.18755,0.07591,0.05507,1010.623,1046.473,980.88,693.257,193.332,64.786,457.436,354.716,257.12,115.111,13.333,3.326,75.837,53.471,36.083,14.912,1.342,0.242,1.233
27.5,1500,0.3,2.0,0.4634,0.34647,0.26765,0.16935,0.07033,0.0524,0.53899,0.39786,0.3046,0.19092,0.07728,0.05613,977.55,1014.411,952.862,675.366,188.766,63.26,452.996,351.468,255.037,114.37,13.276,3.315,73.898,52.123,35.206,14.569,1.312,0.236,1.34
30.0,1500,0.3,2.0,0.47574,0.35505,0.27394,0.1731,0.07189,0.0536,0.55197,0.40676,0.31107,0.19474,0.07885,0.05734,941.744,979.656,922.456,655.926,183.803,61.6,448.025,347.826,252.699,113.538,13.213,3.302,71.79,50.658,34.251,14.195,1.279,0.23,1.393
32.5,1500,0.3,2.0,0.48985,0.36481,0.28108,0.17734,0.07364,0.05497,0.5668,0.41689,0.31842,0.19906,0.08061,0.05872,903.324,942.307,889.741,634.981,178.452,59.811,442.489,343.765,250.089,112.607,13.141,3.288,69.518,49.078,33.222,13.791,1.244,0.224,1.457
35.0,1500,0.3,2.0,0.50596,0.37592,0.28917,0.18213,0.07561,0.05652,0.58375,0.42842,0.32675,0.20394,0.08259,0.06026,862.424,902.48,854.802,612.576,172.723,57.895,436.353,339.256,247.187,111.569,13.06,3.272,67.087,47.386,32.118,13.359,1.206,0.217,1.494
37.5,1500,0.3,2.0,0.52439,0.38855,0.29835,0.18754,0.07784,0.05825,0.60313,0.44154,0.33619,0.20945,0.08483,0.06201,819.19,860.297,817.734,588.763,166.63,55.858,429.574,334.267,243.971,110.419,12.97,3.254,64.502,45.586,30.944,12.898,1.166,0.21,1.539
40.0,1500,0.3,2.0,0.54551,0.40294,0.30876,0.19366,0.08034,0.06022,0.62534,0.45648,0.34691,0.21568,0.08736,0.06398,773.788,815.898,778.642,563.596,160.183,53.703,422.107,328.76,240.415,109.144,12.869,3.234,61.77,43.682,29.701,12.41,1.124,0.202,1.617
42.5,1500,0.3,2.0,0.56979,0.41939,0.32061,0.20058,0.08316,0.06243,0.65087,0.47356,0.3591,0.22272,0.09019,0.0662,726.397,769.435,737.639,537.135,153.397,51.435,413.897,322.696,236.495,107.737,12.756,3.211,58.896,41.677,28.391,11.896,1.079,0.194,1.667
45.0,1500,0.3,2.0,0.59786,0.43827,0.33414,0.20843,0.08634,0.06492,0.68039,0.49316,0.37302,0.23072,0.09339,0.06871,677.221,721.077,694.852,509.442,146.285,49.058,404.886,316.027,232.175,106.183,12.63,3.185,55.889,39.577,27.018,11.357,1.032,0.186,1.742
47.5,1500,0.3,2.0,0.63051,0.46006,0.34966,0.21738,0.08994,0.06774,0.71473,0.51577,0.38899,0.23984,0.09702,0.07154,626.485,671.01,650.418,480.588,138.863,46.578,395.008,308.702,227.423,104.472,12.49,3.155,52.757,37.387,25.584,10.793,0.983,0.177,1.797
50.0,1500,0.3,2.0,0.6688,0.48537,0.36757,0.22764,0.09404,0.07096,0.75498,0.54205,0.40743,0.25029,0.10115,0.07475,574.444,619.447,604.492,450.648,131.146,43.999,384.187,300.659,222.196,102.587,12.333,3.122,49.508,35.113,24.093,10.206,0.932,0.167,1.843
52.5,1500,0.3,2.0,0.71414,0.51504,0.38843,0.23948,0.09872,0.07462,0.80266,0.57286,0.42889,0.26235,0.10586,0.07844,521.383,566.621,557.242,419.702,123.152,41.329,372.339,291.833,216.449,100.511,12.158,3.084,46.154,32.76,22.548,9.596,0.879,0.158,1.825
55.0,1500,0.3,2.0,0.76848,0.5502,0.41294,0.25326,0.10412,0.07884,0.85981,0.60936,0.45412,0.27638,0.11129,0.08268,467.628,512.803,508.864,387.841,114.898,38.572,359.365,282.146,210.129,98.225,11.963,3.041,42.706,30.337,20.954,8.967,0.824,0.148,1.847
57.5,1500,0.3,2.0,0.83461,0.59242,0.44208,0.26946,0.11037,0.0837,0.92935,0.65319,0.48411,0.29288,0.11758,0.08756,413.553,458.301,459.577,355.165,106.404,35.735,345.156,271.507,203.172,95.704,11.744,2.991,39.178,27.851,19.314,8.317,0.767,0.138,1.89
60.0,1500,0.3,2.0,0.91655,0.64394,0.47727,0.28877,0.1177,0.08938,1.01551,0.70668,0.52032,0.31254,0.12496,0.09325,359.593,403.473,409.635,321.786,97.691,32.826,329.586,259.813,195.505,92.922,11.498,2.934,35.586,25.313,17.635,7.65,0.709,0.127,1.901
62.5,1500,0.3,2.0,1.0204,0.70808,0.52051,0.31213,0.1264,0.09607,1.12473,0.77327,0.56482,0.33634,0.13371,0.09996,306.257,348.744,359.339,287.834,88.78,29.852,312.506,246.94,187.039,89.842,11.222,2.868,31.949,22.734,15.922,6.967,0.649,0.116,1.917
65.0,1500,0.3,2.0,1.15581,0.78997,0.57488,0.34098,0.13688,0.10406,1.26712,0.85828,0.62078,0.36572,0.14426,0.10797,254.148,294.623,309.05,253.459,79.697,26.822,293.748,232.742,177.668,86.424,10.909,2.791,28.288,20.127,14.183,6.27,0.588,0.105,1.964
67.5,1500,0.3,2.0,1.33884,0.89785,0.64522,0.37746,0.14977,0.1138,1.45958,0.97029,0.69316,0.40288,0.15723,0.11776,203.993,241.73,259.213,218.847,70.47,23.744,273.113,217.038,167.25,82.607,10.554,2.702,24.632,17.51,12.426,5.561,0.526,0.094,1.971
70.0,1500,0.3,2.0,1.59813,1.046,0.73965,0.42513,0.16599,0.12584,1.73226,1.12409,0.79034,0.45142,0.17356,0.12986,156.667,190.839,210.393,184.231,61.132,20.63,250.374,199.617,155.618,78.323,10.147,2.596,21.014,14.903,10.664,4.843,0.463,0.083,2.067
72.5,1500,0.3,2.0,1.98943,1.26086,0.87275,0.48999,0.18707,0.14119,2.14377,1.34716,0.92731,0.51748,0.19479,0.14525,113.235,142.926,163.322,149.916,51.723,17.494,225.273,180.209,142.539,73.458,9.676,2.47,17.477,12.335,8.911,4.12,0.399,0.071,2.008
75.0,1500,0.3,2.0,2.63469,1.5972,1.07344,0.58343,0.21569,0.16163,2.82236,1.69636,1.13384,0.61264,0.22359,0.16574,74.978,99.239,118.983,116.327,42.297,14.354,197.544,158.505,127.721,67.869,9.123,2.32,14.071,9.84,7.187,3.398,0.334,0.059,2.03
77.5,1500,0.3,2.0,3.84809,2.18596,1.40704,0.72925,0.25698,0.19035,4.09846,2.30762,1.47716,0.76115,0.26515,0.19462,43.387,61.368,78.722,84.09,32.928,11.232,166.957,134.148,110.765,61.323,8.462,2.138,10.863,7.466,5.52,2.682,0.269,0.048,2.097
80.0,1500,0.3,2.0,6.66727,3.41671,2.05339,0.9869,0.3221,0.23411,7.06339,3.58544,2.14232,1.02355,0.33069,0.23852,20.019,31.269,44.407,54.181,23.738,8.167,133.472,106.837,91.185,53.471,7.646,1.912,7.93,5.276,3.949,1.986,0.204,0.036,2.072
10.0,2000,0.3,2.0,0.40759,0.30868,0.24046,0.15343,0.06388,0.0474,0.47842,0.35758,0.27604,0.17453,0.07078,0.05112,1156.353,1183.748,1098.867,766.877,212.164,71.289,471.317,365.396,264.229,117.659,13.553,3.379,81.9,57.883,39.102,16.181,1.465,0.265,0.828
12.5,2000,0.3,2.0,0.41139,0.31139,0.24248,0.15465,0.06439,0.0478,0.48241,0.36039,0.27812,0.17577,0.0713,0.05152,1141.485,1169.422,1086.407,758.959,210.147,70.614,469.601,364.143,263.428,117.375,13.532,3.375,81.065,57.301,38.722,16.031,1.451,0.263,0.886
15.0,2000,0.3,2.0,0.41613,0.31476,0.24499,0.15617,0.06503,0.0483,0.48739,0.36388,0.2807,0.17732,0.07194,0.05203,1123.399,1151.988,1071.237,749.316,207.69,69.791,467.481,362.594,262.438,117.024,13.506,3.371,80.048,56.591,38.258,15.848,1.435,0.26,0.953
17.5,2000,0.3,2.0,0.42185,0.31882,0.24801,0.15801,0.0658,0.04889,0.4934,0.36809,0.28381,0.17919,0.07271,0.05261,1102.149,1131.491,1053.394,737.967,204.798,68.823,464.946,360.739,261.251,116.603,13.475,3.365,78.851,55.756,37.712,15.633,1.416,0.256,1.015
20.0,2000,0.3,2.0,0.42863,0.32362,0.25158,0.16016,0.0667,0.04959,0.50052,0.37308,0.28748,0.18139,0.07363,0.05331,1077.795,1107.986,1032.919,724.936,201.477,67.712,461.979,358.568,259.861,116.109,13.439,3.358,77.475,54.797,37.085,15.385,1.395,0.252,1.105
22.5,2000,0.3,2.0,0.43655,0.32922,0.25573,0.16267,0.06775,0.05039,0.50883,0.37889,0.29175,0.18394,0.07468,0.05412,1050.412,1081.535,1009.863,710.252,197.733,66.458,458.561,356.064,258.255,115.537,13.396,3.349,75.925,53.715,36.377,15.106,1.37,0.248,1.222
25.0,2000,0.3,2.0,0.44572,0.33568,0.26052,0.16555,0.06895,0.05133,0.51846,0.38559,0.29668,0.18688,0.07589,0.05507,1020.081,1052.21,984.281,693.944,193.573,65.066,454.672,353.211,256.424,114.885,13.347,3.34,74.202,52.513,35.591,14.796,1.343,0.243,1.243
27.5,2000,0.3,2.0,0.45626,0.34309,0.26599,0.16884,0.07032,0.05239,0.52953,0.39328,0.30231,0.19022,0.07727,0.05612,986.897,1020.093,956.237,676.05,189.006,63.538,450.285,349.988,254.354,114.146,13.291,3.329,72.311,51.192,34.727,14.455,1.313,0.237,1.269
30.0,2000,0.3,2.0,0.46834,0.35155,0.27223,0.17258,0.07187,0.05361,0.54221,0.40205,0.30872,0.19403,0.07882,0.05736,950.967,985.275,925.802,656.607,184.041,61.876,445.373,346.376,252.03,113.315,13.227,3.317,70.254,49.756,33.787,14.084,1.28,0.232,1.349
32.5,2000,0.3,2.0,0.48213,0.36118,0.2793,0.1768,0.07363,0.05497,0.5567,0.41204,0.316,0.19833,0.08059,0.05872,912.409,947.857,893.053,635.657,178.688,60.085,439.903,342.346,249.434,112.387,13.156,3.303,68.038,48.208,32.773,13.684,1.245,0.225,1.406
35.0,2000,0.3,2.0,0.49789,0.37213,0.28733,0.18158,0.0756,0.05651,0.57325,0.4234,0.32425,0.20319,0.08258,0.06026,871.354,907.951,858.076,613.248,172.958,58.167,433.838,337.872,246.548,111.352,13.076,3.287,65.666,46.55,31.686,13.255,1.207,0.218,1.522
37.5,2000,0.3,2.0,0.5159,0.38458,0.29642,0.18697,0.07782,0.05826,0.59217,0.43631,0.33361,0.20868,0.08482,0.06202,827.948,865.682,820.966,589.429,166.863,56.127,427.138,332.921,243.35,110.204,12.986,3.27,63.144,44.785,30.53,12.799,1.167,0.211,1.527
40.0,2000,0.3,2.0,0.53653,0.39876,0.30674,0.19306,0.08032,0.06022,0.61383,0.45102,0.34422,0.21488,0.08733,0.06398,782.355,821.186,781.827,564.257,160.414,53.969,419.754,327.456,239.815,108.933,12.885,3.25,60.477,42.919,29.305,12.315,1.124,0.203,1.609
42.5,2000,0.3,2.0,0.56024,0.41496,0.31847,0.19995,0.08314,0.06242,0.63873,0.46783,0.35629,0.2219,0.09017,0.06619,734.753,774.616,740.772,537.789,153.625,51.698,411.637,321.438,235.916,107.529,12.773,3.227,57.672,40.954,28.016,11.805,1.08,0.195,1.661
45.0,2000,0.3,2.0,0.58762,0.43355,0.33187,0.20777,0.08632,0.06493,0.66749,0.48712,0.37007,0.22986,0.09337,0.06872,685.344,726.138,697.927,510.089,146.511,49.317,402.725,314.818,231.619,105.979,12.647,3.202,54.737,38.895,26.663,11.27,1.033,0.187,1.705
47.5,2000,0.3,2.0,0.61946,0.45499,0.34723,0.21668,0.08992,0.06775,0.70093,0.50936,0.38588,0.23894,0.097,0.07155,634.35,675.939,653.428,481.227,139.085,46.833,392.955,307.546,226.892,104.272,12.507,3.173,51.678,36.748,25.251,10.711,0.984,0.178,1.763
50.0,2000,0.3,2.0,0.65676,0.47989,0.36497,0.22689,0.09402,0.07096,0.7401,0.53519,0.40412,0.24934,0.10112,0.07476,582.024,624.227,607.428,451.277,131.366,44.25,382.25,299.561,221.693,102.392,12.351,3.14,48.506,34.517,23.782,10.128,0.933,0.168,1.846
52.5,2000,0.3,2.0,0.7009,0.50907,0.3856,0.23868,0.0987,0.07461,0.78645,0.56545,0.42535,0.26134,0.10584,0.07844,528.647,571.237,560.097,420.32,123.368,41.575,370.527,290.798,215.976,100.321,12.177,3.102,45.229,32.21,22.26,9.524,0.88,0.159,1.847
55.0,2000,0.3,2.0,0.75376,0.54362,0.40985,0.25239,0.10409,0.07884,0.84197,0.6013,0.45028,0.2753,0.11126,0.08268,474.542,517.236,511.627,388.448,115.11,38.812,357.689,281.179,209.688,98.04,11.982,3.06,41.86,29.833,20.689,8.899,0.825,0.149,1.869
57.5,2000,0.3,2.0,0.818,0.58508,0.43867,0.26851,0.11035,0.08371,0.90944,0.6443,0.47993,0.29172,0.11755,0.08755,420.08,462.528,462.236,355.758,106.611,35.97,343.627,270.615,202.767,95.526,11.764,3.011,38.412,27.394,19.073,8.255,0.768,0.138,1.866
60.0,2000,0.3,2.0,0.89752,0.63564,0.47344,0.28772,0.11767,0.08937,0.99295,0.69675,0.5157,0.31128,0.12492,0.09324,365.692,407.471,412.177,322.363,97.892,33.054,328.215,259.003,195.141,92.751,11.519,2.954,34.899,24.904,17.418,7.594,0.71,0.128,1.912
62.5,2000,0.3,2.0,0.99816,0.69853,0.51616,0.31096,0.12637,0.09607,1.09865,0.76199,0.55964,0.33494,0.13368,0.09996,311.881,352.484,361.749,288.392,88.976,30.072,311.306,246.219,186.719,89.679,11.244,2.889,31.341,22.372,15.73,6.916,0.65,0.117,1.958
65.0,2000,0.3,2.0,1.12915,0.77873,0.56984,0.33965,0.13686,0.10406,1.23623,0.8452,0.61486,0.36416,0.14423,0.10798,259.248,298.073,311.309,253.996,79.886,27.033,292.731,232.118,177.396,86.27,10.933,2.813,27.759,19.812,14.016,6.224,0.589,0.106,1.948
67.5,2000,0.3,2.0,1.30587,0.88428,0.63924,0.37593,0.14972,0.1138,1.42183,0.9547,0.68625,0.4011,0.15718,0.11777,208.513,244.855,261.3,219.359,70.651,23.945,272.291,216.521,167.033,82.464,10.578,2.725,24.179,17.241,12.284,5.521,0.527,0.095,1.973
70.0,2000,0.3,2.0,1.55564,1.02902,0.73234,0.42331,0.16594,0.12584,1.68416,1.10485,0.78202,0.44935,0.17351,0.12983,160.551,193.597,212.281,184.712,61.304,20.82,249.76,199.216,155.461,78.191,10.173,2.62,20.633,14.68,10.546,4.809,0.464,0.083,1.969
72.5,2000,0.3,2.0,1.93146,1.23858,0.86342,0.48777,0.18703,0.14119,2.07887,1.32225,0.91685,0.51498,0.19474,0.14527,116.427,145.274,164.982,150.361,51.885,17.671,224.874,179.934,142.449,73.341,9.704,2.495,17.163,12.154,8.815,4.092,0.4,0.072,2.024
75.0,2000,0.3,2.0,2.54876,1.56591,1.06086,0.58057,0.21564,0.16164,2.72724,1.66181,1.11995,0.60949,0.22353,0.16577,77.434,101.131,120.379,116.728,42.446,14.514,197.361,158.362,127.705,67.769,9.153,2.346,13.82,9.699,7.113,3.375,0.335,0.06,2.06
77.5,2000,0.3,2.0,3.70348,2.13713,1.38848,0.72534,0.25688,0.19035,3.94007,2.25442,1.45696,0.7569,0.26505,0.19457,45.086,62.766,79.819,84.435,33.062,11.374,166.975,134.139,110.827,61.244,8.493,2.165,10.667,7.362,5.466,2.665,0.27,0.048,2.047
80.0,2000,0.3,2.0,6.36575,3.32605,2.02174,0.98087,0.32194,0.2341,6.73641,3.48786,2.10837,1.0171,0.33054,0.23845,20.995,32.155,45.171,54.458,23.852,8.287,133.649,106.949,91.324,53.416,7.679,1.94,7.782,5.203,3.913,1.973,0.205,0.036,2.096
10.0,2500,0.3,2.0,0.40182,0.30591,0.23908,0.153,0.06387,0.0474,0.47055,0.35371,0.27408,0.17392,0.07076,0.05112,1165.838,1189.388,1102.114,767.528,212.395,71.539,468.461,363.844,263.497,117.432,13.565,3.391,80.123,56.851,38.573,16.06,1.465,0.266,0.806
12.5,2500,0.3,2.0,0.40555,0.30859,0.24109,0.15422,0.06438,0.0478,0.47446,0.35648,0.27614,0.17517,0.07129,0.05152,1150.929,1175.042,1089.645,759.61,210.378,70.864,466.765,362.601,262.701,117.149,13.545,3.387,79.309,56.28,38.198,15.911,1.452,0.264,0.897
15.0,2500,0.3,2.0,0.4102,0.31191,0.24358,0.15574,0.06502,0.0483,0.47934,0.35993,0.2787,0.17671,0.07193,0.05203,1132.794,1157.584,1074.464,749.965,207.92,70.041,464.671,361.065,261.716,116.798,13.519,3.383,78.317,55.585,37.741,15.73,1.436,0.261,0.956
17.5,2500,0.3,2.0,0.41581,0.31593,0.24658,0.15756,0.06579,0.04889,0.48522,0.36409,0.28179,0.17857,0.0727,0.05261,1111.484,1137.057,1056.607,738.614,205.028,69.072,462.166,359.225,260.536,116.378,13.488,3.377,77.148,54.767,37.203,15.516,1.417,0.257,1.024
20.0,2500,0.3,2.0,0.42246,0.32067,0.25012,0.15971,0.06669,0.04959,0.49219,0.36901,0.28543,0.18076,0.0736,0.05331,1087.06,1113.518,1036.116,725.581,201.705,67.96,459.234,357.071,259.153,115.885,13.451,3.37,75.807,53.826,36.586,15.271,1.395,0.253,1.106
22.5,2500,0.3,2.0,0.43022,0.3262,0.25424,0.16221,0.06774,0.0504,0.50033,0.37474,0.28967,0.1833,0.07466,0.05413,1059.596,1087.027,1013.042,710.895,197.96,66.705,455.857,354.586,257.556,115.315,13.409,3.362,74.294,52.766,35.889,14.994,1.371,0.249,1.203
25.0,2500,0.3,2.0,0.4392,0.33258,0.25899,0.16508,0.06894,0.05134,0.50976,0.38135,0.29455,0.18623,0.07587,0.05507,1029.172,1057.657,987.439,694.585,193.799,65.312,452.013,351.755,255.736,114.665,13.36,3.353,72.613,51.587,35.114,14.686,1.343,0.244,1.28
27.5,2500,0.3,2.0,0.44953,0.33989,0.26442,0.16836,0.07031,0.0524,0.52059,0.38894,0.30013,0.18956,0.07724,0.05613,995.885,1025.488,959.371,676.687,189.231,63.782,447.677,348.558,253.677,113.927,13.304,3.342,70.768,50.293,34.263,14.348,1.313,0.238,1.318
30.0,2500,0.3,2.0,0.46135,0.34824,0.2706,0.17208,0.07186,0.05361,0.53299,0.39759,0.30649,0.19335,0.07881,0.05734,959.837,990.611,928.908,657.241,184.265,62.119,442.821,344.972,251.365,113.099,13.241,3.33,68.761,48.885,33.337,13.98,1.281,0.232,1.401
32.5,2500,0.3,2.0,0.47486,0.35774,0.27762,0.17629,0.07361,0.05497,0.54716,0.40744,0.31371,0.19764,0.08057,0.05871,921.147,953.128,896.128,636.287,178.911,60.326,437.413,340.973,248.784,112.173,13.17,3.316,66.598,47.366,32.338,13.583,1.245,0.226,1.428
35.0,2500,0.3,2.0,0.49028,0.36854,0.28557,0.18105,0.07559,0.05652,0.56333,0.41863,0.32189,0.20248,0.08256,0.06027,879.946,913.149,861.117,613.874,173.179,58.406,431.416,336.532,245.913,111.14,13.09,3.301,64.284,45.741,31.268,13.157,1.208,0.219,1.492
37.5,2500,0.3,2.0,0.50789,0.38082,0.29459,0.18642,0.07781,0.05826,0.58181,0.43136,0.33115,0.20795,0.0848,0.06203,836.378,870.799,823.969,590.051,167.082,56.364,424.789,331.617,242.732,109.995,13.0,3.284,61.822,44.011,30.128,12.704,1.168,0.212,1.557
40.0,2500,0.3,2.0,0.52806,0.3948,0.30481,0.19248,0.08031,0.06022,0.60296,0.44585,0.34167,0.21412,0.08731,0.06398,790.604,826.213,784.787,564.872,160.631,54.204,417.486,326.191,239.214,108.727,12.9,3.264,59.218,42.18,28.922,12.224,1.125,0.204,1.582
42.5,2500,0.3,2.0,0.55123,0.41077,0.31644,0.19934,0.08313,0.06243,0.62727,0.46241,0.35363,0.22111,0.09015,0.0662,742.803,779.541,743.685,538.398,153.84,51.93,409.455,320.215,235.335,107.326,12.788,3.242,56.48,40.253,27.651,11.718,1.08,0.196,1.641
45.0,2500,0.3,2.0,0.57798,0.42909,0.32972,0.20713,0.08631,0.06491,0.65532,0.48139,0.36727,0.22904,0.09335,0.06868,693.172,730.951,700.786,510.692,146.723,49.546,400.638,313.641,231.06,105.78,12.663,3.216,53.614,38.234,26.319,11.187,1.033,0.187,1.711
47.5,2500,0.3,2.0,0.60905,0.4502,0.34493,0.21601,0.08991,0.06774,0.68791,0.50328,0.38292,0.23808,0.09697,0.07153,641.934,680.628,656.228,481.822,139.295,47.059,390.969,306.42,226.356,104.077,12.524,3.188,50.627,36.128,24.927,10.633,0.984,0.178,1.753
50.0,2500,0.3,2.0,0.64543,0.47471,0.3625,0.22618,0.094,0.07097,0.72608,0.52869,0.40098,0.24843,0.10109,0.07477,589.337,628.778,610.162,451.863,131.572,44.472,380.375,298.49,221.182,102.201,12.368,3.156,47.528,33.94,23.48,10.055,0.933,0.169,1.822
52.5,2500,0.3,2.0,0.68844,0.50342,0.38293,0.23791,0.09868,0.07463,0.77119,0.55845,0.42198,0.26037,0.1058,0.07846,535.66,575.634,562.756,420.897,123.57,41.793,368.771,289.786,215.494,100.135,12.194,3.119,44.327,31.676,21.98,9.455,0.88,0.16,1.835
55.0,2500,0.3,2.0,0.73991,0.5374,0.40692,0.25156,0.10407,0.07884,0.82518,0.59367,0.44665,0.27427,0.11122,0.08269,481.224,521.46,514.202,389.013,115.309,39.026,356.061,280.232,209.237,97.86,12.0,3.077,41.034,29.344,20.431,8.835,0.825,0.15,1.871
57.5,2500,0.3,2.0,0.8024,0.57814,0.43543,0.26761,0.11032,0.0837,0.89073,0.63591,0.47596,0.29061,0.11752,0.08754,426.395,466.56,464.717,356.311,106.806,36.178,342.138,269.738,202.35,95.351,11.783,3.028,37.663,26.951,18.839,8.196,0.769,0.139,1.851
60.0,2500,0.3,2.0,0.87965,0.62779,0.46981,0.28672,0.11765,0.08939,0.97176,0.68738,0.51132,0.31007,0.1249,0.09327,371.598,411.286,414.551,322.901,98.082,33.257,326.875,258.203,194.761,92.583,11.539,2.973,34.228,24.505,17.207,7.54,0.711,0.129,1.898
62.5,2500,0.3,2.0,0.97729,0.6895,0.51203,0.30984,0.12635,0.09608,1.07418,0.75135,0.55473,0.33361,0.13365,0.09997,317.335,356.057,364.001,288.913,89.16,30.268,310.128,245.503,186.38,89.518,11.265,2.908,30.747,22.019,15.543,6.867,0.651,0.118,1.934
65.0,2500,0.3,2.0,1.10419,0.76813,0.56506,0.33839,0.13683,0.10407,1.20729,0.83285,0.60926,0.36267,0.1442,0.108,264.201,301.373,313.422,254.497,80.063,27.221,291.727,231.495,177.103,86.118,10.955,2.833,27.241,19.505,13.852,6.181,0.59,0.107,1.957
67.5,2500,0.3,2.0,1.27505,0.87151,0.63357,0.37447,0.14969,0.11378,1.38652,0.94001,0.6797,0.39941,0.15714,0.11772,212.913,247.847,263.254,219.837,70.821,24.125,271.475,216.0,166.791,82.322,10.601,2.745,23.734,16.979,12.144,5.483,0.528,0.095,1.977
70.0,2500,0.3,2.0,1.516,1.01306,0.72541,0.42158,0.1659,0.12582,1.63928,1.08675,0.77414,0.44738,0.17346,0.12982,164.341,196.243,214.053,185.162,61.466,20.99,249.141,198.806,155.277,78.061,10.197,2.641,20.26,14.462,10.429,4.777,0.465,0.084,2.004
72.5,2500,0.3,2.0,1.87751,1.21766,0.85461,0.48565,0.18697,0.14122,2.0185,1.29885,0.90697,0.51261,0.19465,0.14526,119.553,147.531,166.543,150.777,52.036,17.83,224.462,179.643,142.329,73.225,9.729,2.518,16.856,11.978,8.721,4.065,0.4,0.072,2.033
75.0,2500,0.3,2.0,2.46912,1.53657,1.04896,0.57786,0.21557,0.16166,2.63912,1.62944,1.10681,0.60649,0.22346,0.16583,79.849,102.956,121.697,117.103,42.585,14.66,197.157,158.199,127.655,67.669,9.18,2.37,13.574,9.562,7.04,3.353,0.336,0.061,2.023
77.5,2500,0.3,2.0,3.57017,2.0915,1.37096,0.72161,0.25679,0.1903,3.79415,2.20471,1.43789,0.75285,0.26492,0.19456,46.767,64.119,80.858,84.759,33.187,11.503,166.966,134.105,110.853,61.163,8.522,2.189,10.475,7.259,5.412,2.648,0.27,0.049,2.094
80.0,2500,0.3,2.0,6.08975,3.24156,1.9919,0.97516,0.32184,0.23416,6.43735,3.39695,2.07634,1.011,0.3304,0.23857,21.971,33.019,45.899,54.718,23.959,8.396,133.798,107.033,91.426,53.359,7.711,1.966,7.637,5.131,3.876,1.961,0.205,0.037,2.086
10.0,3000,0.3,2.0,0.39639,0.3033,0.23778,0.15259,0.06386,0.04741,0.46313,0.35005,0.27223,0.17335,0.07075,0.05113,1174.912,1194.712,1105.112,768.134,212.608,71.755,465.727,362.351,262.777,117.211,13.577,3.402,78.406,55.858,38.064,15.946,1.466,0.267,0.879
12.5,3000,0.3,2.0,0.40006,0.30594,0.23977,0.15381,0.06437,0.04781,0.46696,0.35279,0.27427,0.17459,0.07127,0.05153,1159.966,1180.348,1092.634,760.214,210.591,71.079,464.051,361.117,261.985,116.929,13.556,3.398,77.611,55.299,37.694,15.798,1.452,0.265,0.885
15.0,3000,0.3,2.0,0.40461,0.30923,0.24225,0.15532,0.06501,0.04829,0.47174,0.3562,0.27681,0.17613,0.07191,0.05202,1141.784,1162.866,1077.442,750.568,208.133,70.256,461.981,359.592,261.005,116.579,13.53,3.393,76.643,54.617,37.244,15.618,1.436,0.262,0.953
17.5,3000,0.3,2.0,0.41012,0.31319,0.24522,0.15714,0.06577,0.04888,0.47751,0.3603,0.27987,0.17798,0.07268,0.05261,1120.417,1142.312,1059.573,739.216,205.24,69.286,459.505,357.766,259.832,116.16,13.499,3.387,75.503,53.814,36.714,15.406,1.417,0.258,1.007
20.0,3000,0.3,2.0,0.41664,0.31788,0.24874,0.15928,0.06668,0.04959,0.48434,0.36516,0.28349,0.18016,0.07359,0.05332,1095.928,1118.74,1039.068,726.182,201.917,68.173,456.606,355.628,258.456,115.668,13.463,3.381,74.193,52.892,36.105,15.162,1.396,0.254,1.105
22.5,3000,0.3,2.0,0.42425,0.32334,0.25283,0.16177,0.06772,0.0504,0.49232,0.37082,0.28769,0.1827,0.07464,0.05414,1068.387,1092.212,1015.977,711.493,198.171,66.918,453.267,353.161,256.867,115.1,13.421,3.373,72.717,51.852,35.419,14.887,1.371,0.25,1.148
25.0,3000,0.3,2.0,0.43306,0.32965,0.25754,0.16463,0.06892,0.05134,0.50154,0.37735,0.29253,0.18561,0.07585,0.05508,1037.877,1062.8,990.355,695.181,194.009,65.524,449.466,350.352,255.056,114.451,13.372,3.364,71.076,50.696,34.655,14.582,1.344,0.245,1.249
27.5,3000,0.3,2.0,0.44319,0.33687,0.26293,0.1679,0.07029,0.0524,0.51215,0.38483,0.29807,0.18893,0.07723,0.05613,1004.491,1030.583,962.265,677.281,189.44,63.993,445.178,347.177,253.007,113.715,13.316,3.353,69.275,49.426,33.816,14.246,1.314,0.239,1.367
30.0,3000,0.3,2.0,0.45478,0.34512,0.26906,0.17161,0.07184,0.0536,0.52429,0.39337,0.30438,0.19271,0.07879,0.05734,968.333,995.652,931.778,657.831,184.472,62.328,440.375,343.617,250.708,112.889,13.253,3.341,67.317,48.045,32.904,13.881,1.281,0.233,1.38
32.5,3000,0.3,2.0,0.46801,0.3545,0.27603,0.1758,0.0736,0.05498,0.53816,0.40309,0.31153,0.19698,0.08056,0.05873,929.519,958.108,898.97,636.874,179.117,60.534,435.024,339.646,248.139,111.964,13.183,3.328,65.205,46.556,31.919,13.487,1.246,0.227,1.411
35.0,3000,0.3,2.0,0.48311,0.36516,0.28391,0.18054,0.07557,0.05652,0.55398,0.41413,0.31964,0.2018,0.08254,0.06028,888.18,918.062,863.928,614.456,173.383,58.613,429.091,335.236,245.282,110.935,13.103,3.313,62.945,44.961,30.865,13.065,1.208,0.22,1.505
37.5,3000,0.3,2.0,0.50036,0.37727,0.29285,0.18589,0.0778,0.05827,0.57205,0.42668,0.32883,0.20725,0.08478,0.06203,844.459,875.635,826.745,590.629,167.284,56.569,422.534,330.355,242.116,109.792,13.014,3.296,60.541,43.264,29.742,12.615,1.168,0.213,1.554
40.0,3000,0.3,2.0,0.5201,0.39107,0.30299,0.19193,0.0803,0.06021,0.59273,0.44097,0.33925,0.2134,0.0873,0.06398,798.515,830.965,787.525,565.446,160.831,54.407,415.306,324.966,238.615,108.527,12.914,3.276,57.999,41.468,28.553,12.139,1.126,0.205,1.583
42.5,3000,0.3,2.0,0.54276,0.40682,0.31452,0.19877,0.08311,0.06242,0.61648,0.45729,0.3511,0.22036,0.09013,0.0662,750.525,784.2,746.379,538.966,154.038,52.13,407.358,319.03,234.754,107.129,12.802,3.254,55.325,39.578,27.3,11.637,1.081,0.197,1.651
45.0,3000,0.3,2.0,0.56891,0.42488,0.32768,0.20653,0.08629,0.06491,0.64387,0.47599,0.36462,0.22826,0.09333,0.06869,700.686,735.505,703.432,511.253,146.919,49.745,398.629,312.499,230.499,105.587,12.678,3.229,52.525,37.597,25.986,11.11,1.034,0.188,1.727
47.5,3000,0.3,2.0,0.59927,0.44569,0.34276,0.21537,0.08989,0.06774,0.67568,0.49755,0.38012,0.23726,0.09695,0.07153,649.217,685.066,658.82,482.376,139.488,47.254,389.057,305.325,225.818,103.888,12.539,3.201,49.607,35.53,24.615,10.559,0.985,0.179,1.794
50.0,3000,0.3,2.0,0.63479,0.46983,0.36016,0.22549,0.09399,0.07095,0.71289,0.52256,0.39801,0.24756,0.10108,0.07476,596.364,633.087,612.693,452.409,131.762,44.665,378.565,297.446,220.668,102.015,12.384,3.169,46.579,33.382,23.187,9.985,0.934,0.17,1.795
52.5,3000,0.3,2.0,0.67675,0.4981,0.38039,0.23718,0.09867,0.07463,0.75686,0.55185,0.4188,0.25946,0.10579,0.07844,542.404,579.798,565.22,421.434,123.758,41.982,367.074,288.799,215.005,99.954,12.211,3.133,43.451,31.161,21.709,9.39,0.881,0.16,1.842
55.0,3000,0.3,2.0,0.72692,0.53154,0.40414,0.25077,0.10405,0.07883,0.80942,0.58648,0.44321,0.27329,0.1112,0.08265,487.654,525.464,516.59,389.54,115.492,39.212,354.485,279.305,208.776,97.684,12.017,3.091,40.232,28.871,20.182,8.775,0.826,0.15,1.887
57.5,3000,0.3,2.0,0.78777,0.57162,0.43236,0.26674,0.1103,0.08372,0.87318,0.628,0.47222,0.28956,0.11749,0.08757,432.477,470.383,467.018,356.826,106.985,36.36,340.693,268.878,201.921,95.181,11.8,3.044,36.936,26.521,18.612,8.141,0.77,0.14,1.83
60.0,3000,0.3,2.0,0.86291,0.62041,0.46638,0.28577,0.11763,0.08937,0.9519,0.67855,0.50718,0.30893,0.12487,0.09323,377.294,414.908,416.755,323.403,98.257,33.433,325.572,257.415,194.366,92.419,11.558,2.988,33.576,24.12,17.003,7.489,0.711,0.129,1.934
62.5,3000,0.3,2.0,0.95777,0.68102,0.50813,0.30878,0.12632,0.09609,1.05129,0.74133,0.55009,0.33236,0.13362,0.1,322.602,359.451,366.094,289.399,89.329,30.44,308.978,244.794,186.024,89.362,11.284,2.925,30.169,21.678,15.361,6.822,0.652,0.119,1.926
65.0,3000,0.3,2.0,1.08086,0.75818,0.56055,0.33718,0.1368,0.10406,1.18025,0.82126,0.60396,0.36127,0.14417,0.10797,268.992,304.511,315.388,254.965,80.227,27.387,290.743,230.874,176.79,85.97,10.975,2.85,26.736,19.208,13.693,6.14,0.591,0.107,1.969
67.5,3000,0.3,2.0,1.2463,0.8595,0.62822,0.37308,0.14966,0.11378,1.35359,0.92622,0.67352,0.39781,0.15712,0.11773,217.176,250.696,265.075,220.282,70.979,24.284,270.667,215.474,166.526,82.183,10.623,2.763,23.301,16.725,12.007,5.447,0.529,0.096,1.924
70.0,3000,0.3,2.0,1.47911,0.99808,0.71888,0.41994,0.16587,0.12582,1.59752,1.06977,0.7667,0.44551,0.17342,0.12984,168.022,198.767,215.705,185.582,61.615,21.141,248.523,198.385,155.066,77.933,10.22,2.66,19.896,14.249,10.314,4.746,0.465,0.085,2.026
72.5,3000,0.3,2.0,1.82743,1.19807,0.8463,0.48364,0.18693,0.14124,1.96248,1.27694,0.89766,0.51036,0.19461,0.1453,122.599,149.688,168.001,151.166,52.176,17.97,224.041,179.337,142.179,73.11,9.753,2.538,16.557,11.806,8.628,4.039,0.401,0.073,2.002
75.0,3000,0.3,2.0,2.39547,1.50916,1.03775,0.57528,0.2155,0.16167,2.55766,1.5992,1.09444,0.60365,0.22337,0.1658,82.212,104.704,122.931,117.454,42.714,14.789,196.936,158.015,127.572,67.569,9.205,2.391,13.334,9.428,6.968,3.332,0.336,0.061,2.09
77.5,3000,0.3,2.0,3.4475,2.04896,1.3545,0.71808,0.25671,0.19031,3.65997,2.15839,1.41998,0.74902,0.26485,0.19453,48.422,65.421,81.834,85.063,33.302,11.618,166.935,134.045,110.844,61.082,8.549,2.211,10.288,7.159,5.359,2.632,0.271,0.049,2.109
80.0,3000,0.3,2.0,5.83788,3.16326,1.96394,0.96976,0.32172,0.23417,6.16469,3.31273,2.04637,1.00524,0.33029,0.23852,22.94,33.854,46.586,54.962,24.058,8.494,133.921,107.089,91.492,53.3,7.74,1.989,7.497,5.06,3.84,1.95,0.206,0.037,2.124
10.0,3500,0.3,2.0,0.39127,0.30082,0.23655,0.1522,0.06385,0.0474,0.4561,0.34658,0.27046,0.1728,0.07074,0.05113,1183.611,1199.753,1107.888,768.7,212.809,71.94,463.106,360.912,262.069,116.996,13.588,3.41,76.743,54.902,37.574,15.838,1.466,0.268,0.821
12.5,3500,0.3,2.0,0.39486,0.30344,0.23852,0.15341,0.06436,0.04781,0.45987,0.34929,0.27249,0.17404,0.07125,0.05153,1168.629,1185.371,1095.403,760.779,210.791,71.264,461.449,359.687,261.281,116.714,13.567,3.407,75.967,54.353,37.21,15.691,1.452,0.265,0.898
15.0,3500,0.3,2.0,0.39934,0.30669,0.24098,0.15492,0.065,0.0483,0.46455,0.35266,0.27502,0.17557,0.07189,0.05202,1150.403,1167.869,1080.202,751.132,208.333,70.44,459.402,358.173,260.307,116.366,13.541,3.402,75.022,53.684,36.766,15.513,1.436,0.262,0.928
17.5,3500,0.3,2.0,0.40475,0.31061,0.24394,0.15673,0.06577,0.04888,0.47021,0.35672,0.27805,0.17742,0.07266,0.05261,1128.983,1147.289,1062.322,739.778,205.439,69.47,456.952,356.361,259.139,115.948,13.511,3.396,73.909,52.897,36.244,15.302,1.417,0.259,1.046
20.0,3500,0.3,2.0,0.41115,0.31525,0.24743,0.15887,0.06667,0.04959,0.47691,0.36151,0.28164,0.17959,0.07357,0.05332,1104.431,1123.688,1041.803,726.742,202.115,68.356,454.085,354.238,257.77,115.457,13.474,3.39,72.63,51.992,35.643,15.06,1.396,0.255,1.099
22.5,3500,0.3,2.0,0.41862,0.32065,0.25149,0.16135,0.06771,0.0504,0.48473,0.3671,0.28581,0.18212,0.07462,0.05413,1076.819,1097.125,1018.697,712.051,198.369,67.1,450.782,351.789,256.189,114.89,13.432,3.382,71.189,50.971,34.966,14.787,1.371,0.25,1.144
25.0,3500,0.3,2.0,0.42727,0.32688,0.25617,0.1642,0.06892,0.05134,0.49378,0.37356,0.29062,0.18502,0.07584,0.05506,1046.227,1067.672,993.057,695.737,194.206,65.705,447.022,348.998,254.387,114.242,13.384,3.373,69.587,49.837,34.213,14.484,1.344,0.245,1.254
27.5,3500,0.3,2.0,0.43721,0.33402,0.26151,0.16746,0.07028,0.05241,0.50418,0.38095,0.29611,0.18833,0.07721,0.05615,1012.747,1035.411,964.948,677.834,189.636,64.173,442.779,345.845,252.348,113.508,13.328,3.363,67.829,48.591,33.386,14.151,1.314,0.24,1.311
30.0,3500,0.3,2.0,0.44857,0.34216,0.2676,0.17115,0.07184,0.05361,0.51608,0.38938,0.30237,0.1921,0.07877,0.05735,976.485,1000.429,934.438,658.381,184.667,62.508,438.026,342.309,250.058,112.684,13.266,3.351,65.916,47.236,32.487,13.788,1.281,0.234,1.391
32.5,3500,0.3,2.0,0.46155,0.35143,0.27451,0.17533,0.07359,0.05498,0.52966,0.39897,0.30947,0.19635,0.08054,0.05874,937.554,962.828,901.605,637.421,179.31,60.713,432.73,338.365,247.502,111.762,13.195,3.338,63.855,45.774,31.516,13.397,1.246,0.228,1.423
35.0,3500,0.3,2.0,0.47636,0.36196,0.28234,0.18006,0.07556,0.05652,0.54515,0.40987,0.31751,0.20116,0.08252,0.06028,896.085,922.718,866.535,615.0,173.575,58.79,426.857,333.984,244.658,110.734,13.115,3.323,61.647,44.209,30.476,12.977,1.209,0.221,1.5
37.5,3500,0.3,2.0,0.49326,0.37392,0.29121,0.18539,0.07779,0.05826,0.56284,0.42226,0.32662,0.20658,0.08477,0.06201,852.219,880.221,829.32,591.169,167.474,56.745,420.366,329.134,241.506,109.594,13.027,3.306,59.3,42.544,29.369,12.531,1.169,0.213,1.543
40.0,3500,0.3,2.0,0.51259,0.38754,0.30127,0.1914,0.08028,0.06022,0.58308,0.43635,0.33696,0.21271,0.08727,0.064,806.114,835.471,790.064,565.981,161.02,54.581,413.21,323.78,238.021,108.331,12.927,3.287,56.817,40.781,28.196,12.058,1.126,0.206,1.679
42.5,3500,0.3,2.0,0.53479,0.40309,0.3127,0.19822,0.0831,0.06242,0.6063,0.45244,0.34871,0.21964,0.09011,0.06619,757.947,788.618,748.879,539.496,154.225,52.303,405.339,317.881,234.177,106.937,12.816,3.265,54.204,38.925,26.961,11.559,1.081,0.197,1.703
45.0,3500,0.3,2.0,0.56037,0.4209,0.32575,0.20595,0.08628,0.06493,0.63308,0.47089,0.3621,0.22751,0.09331,0.06872,707.91,739.826,705.888,511.777,147.103,49.916,396.694,311.392,229.94,105.398,12.692,3.241,51.469,36.981,25.665,11.036,1.034,0.189,1.748
47.5,3500,0.3,2.0,0.59006,0.44142,0.3407,0.21475,0.08988,0.06775,0.66415,0.49213,0.37747,0.23647,0.09693,0.07155,656.223,689.278,661.226,482.893,139.67,47.423,387.212,304.262,225.279,103.702,12.553,3.213,48.617,34.952,24.312,10.489,0.985,0.18,1.793
50.0,3500,0.3,2.0,0.62478,0.46522,0.35794,0.22484,0.09397,0.07095,0.70048,0.51677,0.39518,0.24674,0.10105,0.07477,603.127,637.178,615.044,452.919,131.941,44.832,376.819,296.431,220.151,101.834,12.399,3.181,45.658,32.843,22.905,9.92,0.934,0.171,1.778
52.5,3500,0.3,2.0,0.66576,0.49308,0.37799,0.23647,0.09865,0.07462,0.74337,0.5456,0.41578,0.25858,0.10576,0.07844,548.899,583.754,567.509,421.936,123.934,42.146,365.434,287.836,214.512,99.777,12.226,3.145,42.599,30.662,21.446,9.329,0.881,0.161,1.843
55.0,3500,0.3,2.0,0.71471,0.52601,0.40152,0.25001,0.10403,0.07884,0.79459,0.57969,0.43995,0.27236,0.11118,0.08267,493.852,529.268,518.809,390.032,115.665,39.373,352.96,278.399,208.31,97.512,12.033,3.104,39.452,28.413,19.94,8.718,0.827,0.151,1.838
57.5,3500,0.3,2.0,0.77403,0.56545,0.42946,0.26592,0.11028,0.08371,0.85668,0.62052,0.46866,0.28855,0.11747,0.08758,438.344,474.019,469.159,357.307,107.154,36.517,339.292,268.034,201.484,95.014,11.817,3.057,36.228,26.105,18.391,8.088,0.77,0.141,1.902
60.0,3500,0.3,2.0,0.84721,0.61345,0.46313,0.28486,0.11761,0.08938,0.93326,0.67021,0.50325,0.30784,0.12484,0.09325,382.794,418.354,418.806,323.871,98.421,33.587,324.305,256.64,193.962,92.259,11.575,3.002,32.94,23.746,16.804,7.441,0.712,0.13,1.877
62.5,3500,0.3,2.0,0.93946,0.67302,0.50444,0.30777,0.12629,0.09608,1.02981,0.73188,0.54569,0.33115,0.13358,0.09997,327.694,362.684,368.043,289.853,89.489,30.589,307.856,244.094,185.655,89.208,11.302,2.939,29.606,21.346,15.184,6.778,0.652,0.119,1.921
65.0,3500,0.3,2.0,1.05901,0.74879,0.55627,0.33603,0.13677,0.10406,1.15492,0.81032,0.59895,0.35993,0.14414,0.10799,273.631,307.503,317.222,255.402,80.381,27.531,289.777,230.256,176.462,85.824,10.994,2.865,26.245,18.919,13.537,6.102,0.592,0.108,1.946
67.5,3500,0.3,2.0,1.21942,0.8482,0.62316,0.37176,0.14964,0.11379,1.32279,0.91322,0.66767,0.39629,0.15707,0.11776,221.311,253.416,266.774,220.699,71.126,24.422,269.87,214.947,166.243,82.046,10.643,2.779,22.879,16.478,11.873,5.414,0.529,0.097,1.945
70.0,3500,0.3,2.0,1.44466,0.98399,0.7127,0.41837,0.16583,0.12585,1.55852,1.05379,0.75965,0.44373,0.17338,0.12984,171.602,201.179,217.25,185.975,61.755,21.272,247.906,197.958,154.833,77.806,10.241,2.677,19.54,14.043,10.202,4.717,0.466,0.085,2.021
72.5,3500,0.3,2.0,1.78078,1.17966,0.83843,0.48172,0.18687,0.14121,1.91031,1.25635,0.88883,0.50822,0.19456,0.14524,125.57,151.754,169.368,151.53,52.308,18.094,223.613,179.018,142.003,72.995,9.775,2.555,16.265,11.638,8.537,4.015,0.402,0.073,2.045
75.0,3500,0.3,2.0,2.32709,1.48344,1.02717,0.57284,0.21545,0.16165,2.48208,1.57083,1.08274,0.60097,0.22332,0.16581,84.526,106.383,124.09,117.782,42.835,14.903,196.7,157.813,127.461,67.47,9.229,2.409,13.1,9.297,6.896,3.313,0.337,0.062,2.082
77.5,3500,0.3,2.0,3.33424,2.00919,1.33894,0.71473,0.25665,0.19036,3.53617,2.1151,1.40306,0.74539,0.26479,0.19462,50.051,66.675,82.754,85.347,33.411,11.72,166.882,133.963,110.803,61.0,8.575,2.231,10.107,7.061,5.306,2.617,0.272,0.05,2.071
80.0,3500,0.3,2.0,5.6071,3.09033,1.93763,0.96463,0.32161,0.23409,5.91503,3.23434,2.01814,0.99976,0.33019,0.23852,23.902,34.663,47.235,55.191,24.15,8.582,134.021,107.12,91.524,53.239,7.767,2.009,7.36,4.992,3.803,1.939,0.207,0.038,2.151
10.0,4000,0.3,2.0,0.38644,0.29849,0.23538,0.15192,0.06365,0.04741,0.44948,0.34331,0.26879,0.17233,0.07043,0.05112,1191.918,1204.514,1110.465,769.228,212.996,72.099,460.603,359.535,261.379,116.859,13.558,3.418,75.14,53.985,37.106,15.705,1.444,0.268,0.804
12.5,4000,0.3,2.0,0.38998,0.30108,0.23734,0.15313,0.06417,0.0478,0.45318,0.34599,0.27081,0.17357,0.07095,0.05152,1176.902,1190.117,1097.973,761.307,210.977,71.422,458.963,358.319,260.595,116.578,13.538,3.414,74.382,53.446,36.747,15.56,1.431,0.266,0.885
15.0,4000,0.3,2.0,0.39438,0.3043,0.23978,0.15463,0.0648,0.0483,0.45778,0.34931,0.27331,0.1751,0.07159,0.05203,1158.634,1172.594,1082.763,751.658,208.519,70.598,456.938,356.815,259.625,116.23,13.512,3.41,73.459,52.789,36.309,15.383,1.416,0.263,0.963
17.5,4000,0.3,2.0,0.39969,0.30818,0.24272,0.15644,0.06557,0.04889,0.46333,0.35333,0.27633,0.17694,0.07236,0.05261,1137.165,1151.991,1064.873,740.303,205.624,69.628,454.514,355.015,258.462,115.812,13.482,3.404,72.372,52.016,35.794,15.174,1.397,0.259,1.085
20.0,4000,0.3,2.0,0.40598,0.31276,0.24618,0.15857,0.06646,0.0496,0.46991,0.35807,0.27989,0.1791,0.07326,0.05332,1112.554,1128.361,1044.342,727.266,202.3,68.514,451.677,352.906,257.099,115.322,13.445,3.398,71.124,51.127,35.202,14.934,1.375,0.255,1.083
22.5,4000,0.3,2.0,0.41333,0.3181,0.25022,0.16104,0.0675,0.0504,0.47759,0.3636,0.28403,0.18162,0.07431,0.05414,1084.874,1101.766,1021.221,712.573,198.552,67.257,448.408,350.473,255.526,114.755,13.403,3.39,69.716,50.125,34.534,14.664,1.351,0.251,1.195
25.0,4000,0.3,2.0,0.42182,0.32426,0.25486,0.16389,0.0687,0.05133,0.48647,0.36997,0.2888,0.18452,0.07551,0.05507,1054.205,1072.277,995.566,696.256,194.389,65.862,444.685,347.7,253.731,114.108,13.355,3.381,68.151,49.012,33.791,14.363,1.324,0.246,1.224
27.5,4000,0.3,2.0,0.43158,0.33132,0.26017,0.16713,0.07007,0.0524,0.49667,0.37728,0.29426,0.18782,0.07689,0.05615,1020.639,1039.973,967.438,678.351,189.817,64.329,440.485,344.568,251.701,113.375,13.3,3.371,66.433,47.789,32.975,14.033,1.295,0.241,1.295
30.0,4000,0.3,2.0,0.44274,0.33938,0.26622,0.17082,0.07161,0.0536,0.50834,0.38561,0.30047,0.19157,0.07844,0.05735,984.277,1004.944,936.908,658.896,184.848,62.663,435.779,341.055,249.422,112.551,13.237,3.359,64.565,46.458,32.088,13.673,1.263,0.235,1.365
32.5,4000,0.3,2.0,0.45548,0.34854,0.27308,0.17499,0.07336,0.05497,0.52165,0.39508,0.30751,0.19581,0.0802,0.05872,945.237,967.29,904.052,637.933,179.49,60.867,430.536,337.135,246.876,111.629,13.167,3.346,62.551,45.023,31.13,13.286,1.228,0.228,1.406
35.0,4000,0.3,2.0,0.47001,0.35894,0.28085,0.17969,0.07533,0.05653,0.53684,0.40585,0.31549,0.2006,0.08218,0.06028,903.645,927.12,868.955,615.508,173.753,58.943,424.719,332.781,244.045,110.603,13.088,3.332,60.395,43.487,30.104,12.87,1.191,0.221,1.495
37.5,4000,0.3,2.0,0.48659,0.37076,0.28965,0.18501,0.07754,0.05826,0.55417,0.41808,0.32453,0.20601,0.08441,0.06202,859.642,884.557,831.712,591.673,167.651,56.897,418.29,327.961,240.906,109.463,12.999,3.315,58.101,41.851,29.012,12.427,1.152,0.214,1.541
40.0,4000,0.3,2.0,0.50554,0.38422,0.29963,0.19101,0.08002,0.06022,0.57399,0.43199,0.33478,0.21211,0.08691,0.06398,813.387,839.734,792.424,566.481,161.195,54.732,411.201,322.639,237.436,108.201,12.899,3.296,55.674,40.12,27.855,11.958,1.11,0.206,1.58
42.5,4000,0.3,2.0,0.52729,0.39957,0.31098,0.1978,0.08283,0.06242,0.59672,0.44787,0.34643,0.21903,0.08974,0.06619,765.051,792.799,751.203,539.991,154.398,52.453,403.403,316.776,233.607,106.808,12.789,3.274,53.121,38.298,26.636,11.464,1.066,0.198,1.688
45.0,4000,0.3,2.0,0.55235,0.41715,0.32392,0.2055,0.086,0.06492,0.62292,0.46607,0.35972,0.22686,0.09292,0.06869,714.829,743.915,708.171,512.267,147.274,50.063,394.837,310.325,229.388,105.27,12.665,3.25,50.447,36.388,25.358,10.945,1.02,0.189,1.714
47.5,4000,0.3,2.0,0.58142,0.4374,0.33874,0.21427,0.08958,0.06775,0.65331,0.48702,0.37495,0.2358,0.09653,0.07154,662.935,693.265,663.464,483.377,139.839,47.569,385.441,303.236,224.745,103.575,12.527,3.223,47.66,34.395,24.023,10.403,0.971,0.18,1.775
50.0,4000,0.3,2.0,0.61538,0.46088,0.35584,0.22432,0.09365,0.07095,0.68881,0.51131,0.39251,0.24603,0.10062,0.07475,609.612,641.052,617.231,453.396,132.107,44.976,375.14,295.451,219.638,101.708,12.372,3.191,44.766,32.324,22.634,9.839,0.921,0.171,1.817
52.5,4000,0.3,2.0,0.65544,0.48835,0.37572,0.23592,0.09831,0.07463,0.73069,0.53972,0.41292,0.25782,0.10531,0.07844,555.13,587.502,569.639,422.405,124.097,42.288,363.855,286.905,214.022,99.653,12.2,3.156,41.775,30.181,21.195,9.253,0.869,0.161,1.886
55.0,4000,0.3,2.0,0.70326,0.5208,0.39903,0.2494,0.10367,0.07884,0.78068,0.57329,0.43687,0.27154,0.11071,0.08266,499.801,532.874,520.875,390.492,115.825,39.512,351.489,277.521,207.845,97.389,12.008,3.115,38.697,27.972,19.708,8.647,0.815,0.151,1.952
57.5,4000,0.3,2.0,0.76115,0.55965,0.42671,0.26525,0.1099,0.0837,0.84121,0.61349,0.46529,0.28767,0.11697,0.08755,443.981,477.466,471.152,357.757,107.31,36.654,337.938,267.215,201.045,94.894,11.793,3.068,35.542,25.704,18.179,8.023,0.759,0.141,1.911
60.0,4000,0.3,2.0,0.8325,0.6069,0.46006,0.28411,0.11718,0.08938,0.91579,0.66237,0.49954,0.30687,0.1243,0.09327,388.084,421.623,420.718,324.309,98.574,33.721,323.078,255.885,193.554,92.14,11.551,3.014,32.325,23.385,16.613,7.381,0.702,0.131,1.881
62.5,4000,0.3,2.0,0.92233,0.6655,0.50095,0.30692,0.12583,0.0961,1.00971,0.72299,0.54154,0.33008,0.133,0.1,332.598,365.753,369.861,290.277,89.637,30.719,306.766,243.409,185.281,89.092,11.279,2.952,29.06,21.026,15.013,6.724,0.643,0.12,1.937
65.0,4000,0.3,2.0,1.03859,0.73998,0.55223,0.33506,0.13625,0.1041,1.13124,0.80004,0.59421,0.35872,0.14349,0.10804,278.104,310.346,318.932,255.81,80.524,27.657,288.835,229.649,176.125,85.712,10.971,2.879,25.767,18.639,13.388,6.053,0.583,0.109,1.939
67.5,4000,0.3,2.0,1.19432,0.83758,0.61838,0.37061,0.14904,0.1138,1.29404,0.90101,0.66214,0.3949,0.15636,0.11775,225.307,256.004,268.361,221.089,71.263,24.543,269.088,214.425,165.948,81.938,10.621,2.793,22.469,16.238,11.745,5.371,0.522,0.097,1.967
70.0,4000,0.3,2.0,1.41256,0.97077,0.70686,0.41699,0.16516,0.12586,1.5222,1.0388,0.75302,0.44211,0.17259,0.12989,175.068,203.478,218.695,186.342,61.885,21.388,247.294,197.53,154.587,77.703,10.221,2.692,19.195,13.842,10.094,4.68,0.46,0.086,2.054
72.5,4000,0.3,2.0,1.73744,1.16242,0.83102,0.48001,0.1861,0.14124,1.86185,1.23707,0.88053,0.50624,0.19365,0.14531,128.454,153.726,170.647,151.87,52.43,18.203,223.181,178.694,141.811,72.899,9.757,2.571,15.981,11.476,8.449,3.984,0.396,0.074,2.03
75.0,4000,0.3,2.0,2.26378,1.4594,1.0172,0.5706,0.21452,0.16163,2.41212,1.54431,1.07174,0.59843,0.22227,0.16577,86.781,107.989,125.177,118.089,42.948,15.003,196.453,157.599,127.33,67.381,9.213,2.425,12.873,9.169,6.827,3.287,0.333,0.062,2.022
77.5,4000,0.3,2.0,3.22977,1.9721,1.32434,0.7116,0.2555,0.19033,3.42203,2.07472,1.38718,0.74193,0.2635,0.19456,51.648,67.879,83.618,85.613,33.511,11.811,166.811,133.864,110.739,60.922,8.562,2.248,9.93,6.966,5.254,2.597,0.268,0.05,2.044
80.0,4000,0.3,2.0,5.39608,3.02257,1.91295,0.95977,0.3201,0.23418,5.68693,3.16153,1.9917,0.9945,0.32852,0.23857,24.851,35.443,47.848,55.405,24.236,8.66,134.098,107.129,91.531,53.176,7.758,2.028,7.228,4.925,3.768,1.924,0.204,0.038,2.08
10.0,4500,0.3,2.0,0.38188,0.29629,0.23426,0.15159,0.06366,0.04741,0.44322,0.34021,0.26721,0.17186,0.07044,0.05114,1199.866,1209.028,1112.865,769.723,213.172,72.236,458.21,358.217,260.705,116.684,13.57,3.425,73.592,53.103,36.659,15.598,1.446,0.269,0.802
12.5,4500,0.3,2.0,0.38536,0.29885,0.23622,0.1528,0.06417,0.04781,0.44685,0.34286,0.26921,0.17309,0.07096,0.05152,1184.818,1194.615,1100.366,761.801,211.153,71.559,456.587,357.008,259.925,116.404,13.55,3.421,72.852,52.573,36.304,15.454,1.433,0.266,0.893
15.0,4500,0.3,2.0,0.38969,0.30203,0.23864,0.1543,0.0648,0.04829,0.45137,0.34615,0.2717,0.17461,0.07159,0.05201,1166.511,1177.074,1085.149,752.151,208.694,70.734,454.581,355.515,258.959,116.056,13.524,3.416,71.95,51.929,35.872,15.278,1.417,0.263,0.952
17.5,4500,0.3,2.0,0.39492,0.30587,0.24156,0.1561,0.06557,0.04889,0.45683,0.35012,0.27469,0.17645,0.07236,0.05262,1144.995,1156.449,1067.249,740.795,205.799,69.764,452.182,353.726,257.802,115.639,13.494,3.411,70.888,51.169,35.364,15.071,1.398,0.26,1.061
20.0,4500,0.3,2.0,0.40111,0.31041,0.245,0.15822,0.06646,0.04959,0.46329,0.35481,0.27823,0.17861,0.07326,0.05331,1120.33,1132.792,1046.707,727.756,202.474,68.649,449.373,351.63,256.445,115.149,13.457,3.404,69.668,50.296,34.779,14.832,1.377,0.256,1.12
22.5,4500,0.3,2.0,0.40833,0.3157,0.24901,0.16069,0.06751,0.05041,0.47084,0.36027,0.28234,0.18112,0.07431,0.05415,1092.586,1106.167,1023.574,713.062,198.726,67.392,446.135,349.212,254.878,114.583,13.415,3.397,68.293,49.312,34.12,14.564,1.353,0.252,1.193
25.0,4500,0.3,2.0,0.41668,0.32179,0.25362,0.16353,0.0687,0.05134,0.47956,0.36658,0.28708,0.184,0.07552,0.05508,1061.843,1076.643,997.903,696.743,194.561,65.996,442.449,346.457,253.091,113.938,13.367,3.388,66.764,48.219,33.387,14.265,1.326,0.247,1.218
27.5,4500,0.3,2.0,0.42627,0.32878,0.2589,0.16676,0.07007,0.0524,0.48957,0.3738,0.2925,0.1873,0.07689,0.05614,1028.195,1044.3,969.759,678.836,189.989,64.463,438.289,343.343,251.069,113.206,13.312,3.378,65.085,47.017,32.582,13.937,1.296,0.241,1.299
30.0,4500,0.3,2.0,0.43724,0.33674,0.2649,0.17044,0.07161,0.05362,0.50103,0.38204,0.29866,0.19103,0.07845,0.05736,991.741,1009.227,939.209,659.378,185.019,62.796,433.628,339.852,248.8,112.383,13.25,3.367,63.26,45.711,31.706,13.581,1.264,0.235,1.386
32.5,4500,0.3,2.0,0.44975,0.3458,0.27172,0.17459,0.07336,0.05498,0.51409,0.3914,0.30566,0.19526,0.08021,0.05874,952.597,971.522,906.332,638.412,179.659,60.999,428.433,335.955,246.264,111.463,13.18,3.354,61.291,44.301,30.761,13.195,1.23,0.229,1.482
35.0,4500,0.3,2.0,0.46402,0.35609,0.27943,0.17929,0.07533,0.05652,0.52899,0.40204,0.31358,0.20004,0.08219,0.06028,910.889,931.297,871.212,615.984,173.922,59.075,422.671,331.627,243.444,110.438,13.101,3.339,59.184,42.791,29.748,12.783,1.193,0.222,1.469
37.5,4500,0.3,2.0,0.48029,0.36778,0.28817,0.18458,0.07754,0.05825,0.54599,0.41412,0.32255,0.20543,0.08441,0.062,866.758,888.671,833.942,592.145,167.818,57.028,416.299,326.835,240.318,109.3,13.012,3.322,56.941,41.185,28.67,12.343,1.153,0.214,1.543
40.0,4500,0.3,2.0,0.4989,0.38107,0.29808,0.19056,0.08003,0.06022,0.56542,0.42787,0.33272,0.21151,0.08691,0.064,820.359,843.779,794.624,566.949,161.36,54.862,409.274,321.543,236.861,108.04,12.913,3.304,54.57,39.484,27.528,11.878,1.111,0.207,1.61
42.5,4500,0.3,2.0,0.52023,0.39624,0.30934,0.19733,0.08283,0.06244,0.58769,0.44355,0.34428,0.2184,0.08974,0.06622,771.865,796.767,753.369,540.455,154.561,52.581,401.545,315.713,233.047,106.649,12.803,3.283,52.073,37.694,26.325,11.387,1.067,0.199,1.682
45.0,4500,0.3,2.0,0.5448,0.41361,0.32218,0.20501,0.086,0.06493,0.61335,0.46151,0.35746,0.22621,0.09292,0.06872,721.467,747.798,710.3,512.726,147.436,50.191,393.054,309.298,228.844,105.113,12.679,3.259,49.459,35.817,25.063,10.872,1.021,0.19,1.741
47.5,4500,0.3,2.0,0.57328,0.43361,0.33689,0.21375,0.08958,0.06774,0.64309,0.48218,0.37257,0.23511,0.09653,0.07154,669.378,697.052,665.552,483.831,139.998,47.696,383.738,302.248,224.219,103.421,12.541,3.231,46.733,33.859,23.745,10.334,0.973,0.181,1.754
50.0,4500,0.3,2.0,0.60653,0.45679,0.35385,0.22377,0.09366,0.07095,0.67782,0.50615,0.38998,0.24531,0.10063,0.07477,615.839,644.732,619.272,453.843,132.264,45.1,373.525,294.505,219.13,101.557,12.388,3.2,43.903,31.824,22.374,9.773,0.922,0.172,1.834
52.5,4500,0.3,2.0,0.64574,0.48388,0.37356,0.23532,0.09832,0.07463,0.71876,0.53416,0.41021,0.25706,0.10532,0.07845,561.117,591.063,571.628,422.845,124.251,42.411,362.333,286.005,213.536,99.504,12.216,3.165,40.977,29.718,20.953,9.192,0.87,0.162,1.815
55.0,4500,0.3,2.0,0.69249,0.51589,0.39667,0.24875,0.10368,0.07885,0.76759,0.56725,0.43394,0.27073,0.11071,0.08268,505.522,536.303,522.804,390.924,115.976,39.633,350.07,276.672,207.381,97.244,12.024,3.125,37.964,27.546,19.486,8.59,0.816,0.152,1.925
57.5,4500,0.3,2.0,0.74905,0.55418,0.4241,0.26454,0.10989,0.0837,0.82666,0.60684,0.46211,0.28679,0.11698,0.08756,449.406,480.746,473.015,358.179,107.458,36.773,336.629,266.42,200.608,94.752,11.809,3.078,34.877,25.316,17.976,7.97,0.761,0.142,1.85
60.0,4500,0.3,2.0,0.81868,0.60073,0.45714,0.28333,0.11718,0.0894,0.89937,0.65497,0.49602,0.30591,0.1243,0.09327,393.18,424.735,422.504,324.72,98.718,33.837,321.888,255.15,193.144,92.003,11.568,3.025,31.727,23.037,16.428,7.333,0.703,0.131,1.929
62.5,4500,0.3,2.0,0.90626,0.65841,0.49764,0.30605,0.12583,0.0961,0.99084,0.71461,0.5376,0.32903,0.13302,0.09999,337.326,368.676,371.561,290.676,89.777,30.832,305.706,242.741,184.903,88.96,11.297,2.963,28.53,20.717,14.849,6.68,0.645,0.12,1.915
65.0,4500,0.3,2.0,1.01945,0.73167,0.54841,0.33406,0.13625,0.10408,1.10905,0.79035,0.58972,0.35754,0.14349,0.10801,282.423,313.056,320.533,256.194,80.659,27.767,287.916,229.054,175.782,85.585,10.99,2.89,25.304,18.369,13.243,6.014,0.584,0.109,2.006
67.5,4500,0.3,2.0,1.17083,0.8276,0.61385,0.36945,0.14905,0.1138,1.26714,0.88952,0.65691,0.39355,0.15638,0.11777,229.171,258.473,269.848,221.455,71.392,24.649,268.32,213.911,165.646,81.817,10.641,2.805,22.071,16.007,11.62,5.337,0.523,0.098,1.999
70.0,4500,0.3,2.0,1.38258,0.95834,0.70134,0.41562,0.16517,0.12583,1.48828,1.02469,0.74674,0.44053,0.17261,0.12983,178.427,205.674,220.049,186.688,62.008,21.489,246.689,197.105,154.33,77.591,10.242,2.704,18.86,13.648,9.989,4.65,0.461,0.086,2.05
72.5,4500,0.3,2.0,1.69704,1.14621,0.82401,0.47832,0.18611,0.14122,1.81669,1.21894,0.87268,0.50433,0.19366,0.14526,131.257,155.614,171.848,152.19,52.545,18.298,222.748,178.366,141.605,72.795,9.779,2.584,15.705,11.318,8.363,3.959,0.397,0.074,2.019
75.0,4500,0.3,2.0,2.20491,1.43684,1.00779,0.56842,0.21452,0.16168,2.3471,1.51943,1.06136,0.59602,0.22226,0.16578,88.981,109.53,126.199,118.378,43.054,15.092,196.195,157.377,127.182,67.289,9.236,2.44,12.652,9.046,6.76,3.267,0.333,0.062,2.07
77.5,4500,0.3,2.0,3.13316,1.9374,1.31055,0.70862,0.25549,0.19031,3.31656,2.03697,1.37218,0.73868,0.26349,0.19452,53.213,69.037,84.434,85.863,33.606,11.891,166.725,133.752,110.655,60.844,8.586,2.263,9.759,6.874,5.204,2.581,0.269,0.05,2.071
80.0,4500,0.3,2.0,5.20186,2.95942,1.88971,0.95517,0.32006,0.23416,5.47712,3.09365,1.9668,0.98957,0.32849,0.23852,25.79,36.197,48.428,55.607,24.317,8.729,134.156,107.122,91.515,53.114,7.783,2.044,7.099,4.859,3.733,1.913,0.205,0.038,2.108
10.0,5000,0.3,2.0,0.3776,0.29421,0.23321,0.15128,0.06366,0.04741,0.43732,0.33728,0.2657,0.1714,0.07044,0.05112,1207.441,1213.295,1115.102,770.187,213.336,72.353,455.93,356.96,260.051,116.516,13.581,3.43,72.105,52.259,36.234,15.497,1.447,0.269,0.833
12.5,5000,0.3,2.0,0.38103,0.29675,0.23515,0.15249,0.06417,0.0478,0.44089,0.3399,0.26769,0.17263,0.07096,0.05152,1192.364,1198.868,1102.597,762.264,211.317,71.676,454.322,355.759,259.274,116.235,13.56,3.426,71.381,51.739,35.884,15.354,1.434,0.267,0.925
15.0,5000,0.3,2.0,0.38529,0.2999,0.23756,0.15398,0.06481,0.0483,0.44534,0.34316,0.27016,0.17415,0.0716,0.05202,1174.02,1181.309,1087.373,752.613,208.857,70.851,452.336,354.274,258.312,115.888,13.535,3.422,70.5,51.105,35.458,15.179,1.419,0.264,0.971
17.5,5000,0.3,2.0,0.39043,0.3037,0.24046,0.15578,0.06557,0.0489,0.45071,0.34709,0.27314,0.17598,0.07237,0.05262,1152.459,1160.663,1069.464,741.256,205.962,69.881,449.96,352.496,257.159,115.472,13.505,3.417,69.462,50.359,34.955,14.973,1.4,0.26,1.026
20.0,5000,0.3,2.0,0.39652,0.3082,0.24388,0.1579,0.06647,0.04959,0.45706,0.35173,0.27665,0.17813,0.07327,0.05331,1127.742,1136.982,1048.912,728.216,202.636,68.765,447.177,350.413,255.808,114.983,13.469,3.41,68.269,49.502,34.378,14.737,1.378,0.256,1.095
22.5,5000,0.3,2.0,0.40363,0.31343,0.24786,0.16036,0.06751,0.05041,0.46448,0.35714,0.28074,0.18064,0.07432,0.05414,1099.938,1110.328,1025.766,713.52,198.887,67.508,443.97,348.009,254.248,114.418,13.427,3.403,66.924,48.535,33.727,14.47,1.354,0.252,1.166
25.0,5000,0.3,2.0,0.41185,0.31947,0.25245,0.16319,0.06871,0.05134,0.47305,0.36338,0.28545,0.18351,0.07552,0.05507,1069.128,1080.772,1000.082,697.199,194.722,66.112,440.318,345.27,252.468,113.773,13.379,3.394,65.43,47.46,33.003,14.173,1.327,0.247,1.241
27.5,5000,0.3,2.0,0.42128,0.32638,0.25769,0.16641,0.07007,0.0524,0.48289,0.37052,0.29083,0.1868,0.0769,0.05615,1035.401,1048.392,971.922,679.29,190.149,64.578,436.195,342.175,250.454,113.043,13.324,3.384,63.789,46.279,32.208,13.848,1.298,0.242,1.339
30.0,5000,0.3,2.0,0.43207,0.33426,0.26365,0.17008,0.07162,0.05362,0.49414,0.37867,0.29695,0.19052,0.07845,0.05737,998.861,1013.277,941.356,659.83,185.177,62.911,431.576,338.703,248.193,112.221,13.262,3.373,62.004,44.995,31.343,13.493,1.266,0.236,1.399
32.5,5000,0.3,2.0,0.44437,0.34323,0.27042,0.17422,0.07336,0.05498,0.50698,0.38793,0.3039,0.19474,0.08021,0.05873,959.619,975.526,908.459,638.861,179.817,61.113,426.428,334.828,245.667,111.302,13.192,3.36,60.079,43.61,30.41,13.111,1.231,0.229,1.469
35.0,5000,0.3,2.0,0.45839,0.35341,0.27809,0.1789,0.07533,0.05651,0.52161,0.39845,0.31176,0.1995,0.08219,0.06026,917.803,935.249,873.317,616.431,174.078,59.189,420.715,330.524,242.858,110.279,13.113,3.345,58.018,42.126,29.409,12.701,1.194,0.222,1.497
37.5,5000,0.3,2.0,0.47438,0.36497,0.28677,0.18418,0.07754,0.05826,0.53829,0.4104,0.32067,0.20488,0.08442,0.06202,873.55,892.565,836.022,592.588,167.973,57.141,414.399,325.758,239.743,109.143,13.025,3.329,55.825,40.547,28.345,12.264,1.155,0.215,1.551
40.0,5000,0.3,2.0,0.49265,0.37812,0.29661,0.19014,0.08003,0.06021,0.55735,0.42398,0.33077,0.21094,0.08692,0.06398,827.017,847.608,796.676,567.389,161.513,54.974,407.433,320.495,236.299,107.885,12.926,3.31,53.506,38.875,27.217,11.802,1.113,0.207,1.586
42.5,5000,0.3,2.0,0.5136,0.39311,0.30779,0.19689,0.08284,0.06242,0.5792,0.43948,0.34224,0.21781,0.08975,0.0662,778.373,800.523,755.391,540.89,154.713,52.692,399.769,314.696,232.499,106.495,12.816,3.289,51.064,37.115,26.029,11.314,1.069,0.199,1.742
45.0,5000,0.3,2.0,0.53771,0.41028,0.32053,0.20454,0.086,0.06493,0.60435,0.45721,0.35533,0.22559,0.09293,0.06871,727.81,751.474,712.287,513.156,147.586,50.301,391.348,308.314,228.311,104.961,12.693,3.266,48.506,35.271,24.783,10.803,1.022,0.19,1.699
47.5,5000,0.3,2.0,0.56564,0.43004,0.33514,0.21326,0.08959,0.06776,0.63349,0.47763,0.37031,0.23446,0.09654,0.07154,675.537,700.639,667.5,484.256,140.146,47.804,382.109,301.301,223.703,103.272,12.555,3.239,45.839,33.345,23.481,10.268,0.974,0.181,1.734
50.0,5000,0.3,2.0,0.59823,0.45293,0.35196,0.22324,0.09366,0.07096,0.6675,0.50128,0.38759,0.24462,0.10064,0.07477,621.794,648.219,621.177,454.262,132.41,45.208,371.977,293.597,218.632,101.41,12.402,3.208,43.07,31.344,22.127,9.711,0.924,0.172,1.801
52.5,5000,0.3,2.0,0.63663,0.47968,0.37151,0.23475,0.09832,0.07463,0.70756,0.52892,0.40765,0.25633,0.10533,0.07844,566.847,594.438,573.484,423.257,124.394,42.517,360.874,285.14,213.057,99.361,12.231,3.173,40.206,29.273,20.723,9.134,0.871,0.162,1.837
55.0,5000,0.3,2.0,0.6824,0.51126,0.39444,0.24814,0.10368,0.07884,0.75531,0.56156,0.43118,0.26995,0.11072,0.08267,511.001,539.554,524.606,391.328,116.117,39.737,348.706,275.855,206.925,97.104,12.039,3.133,37.258,27.138,19.273,8.536,0.817,0.152,1.867
57.5,5000,0.3,2.0,0.73772,0.54904,0.42164,0.26386,0.1099,0.08372,0.81302,0.60059,0.45909,0.28595,0.11698,0.08757,454.605,483.857,474.755,358.574,107.596,36.875,335.37,265.655,200.175,94.615,11.825,3.087,34.234,24.945,17.782,7.92,0.762,0.142,1.863
60.0,5000,0.3,2.0,0.80575,0.59492,0.45438,0.28258,0.1172,0.0894,0.884,0.648,0.4927,0.305,0.12432,0.09326,398.067,427.689,424.174,325.106,98.852,33.937,320.742,254.441,192.738,91.87,11.585,3.034,31.149,22.702,16.253,7.287,0.704,0.131,1.862
62.5,5000,0.3,2.0,0.89123,0.65175,0.49451,0.30521,0.12584,0.09609,0.97318,0.70672,0.53388,0.32802,0.13303,0.09997,341.866,371.452,373.15,291.049,89.907,30.93,304.681,242.094,184.527,88.832,11.314,2.972,28.017,20.42,14.692,6.639,0.646,0.12,1.937
65.0,5000,0.3,2.0,1.00156,0.72387,0.54479,0.33312,0.13626,0.10408,1.08829,0.78124,0.58549,0.35641,0.14351,0.108,286.576,315.632,322.031,256.553,80.784,27.862,287.024,228.475,175.44,85.462,11.008,2.9,24.855,18.109,13.105,5.977,0.585,0.109,1.956
67.5,5000,0.3,2.0,1.14891,0.81821,0.60957,0.36836,0.14907,0.11378,1.24202,0.87873,0.65198,0.39227,0.15639,0.11774,232.892,260.822,271.24,221.799,71.512,24.741,267.571,213.408,165.341,81.701,10.66,2.815,21.685,15.784,11.501,5.304,0.524,0.098,1.997
70.0,5000,0.3,2.0,1.35463,0.94668,0.69613,0.41431,0.16517,0.12583,1.45665,1.01147,0.74081,0.43903,0.17261,0.12981,181.669,207.765,221.319,187.011,62.122,21.577,246.094,196.686,154.067,77.481,10.261,2.715,18.535,13.462,9.888,4.622,0.462,0.086,2.014
72.5,5000,0.3,2.0,1.65946,1.13103,0.81741,0.47672,0.18611,0.14123,1.77469,1.20196,0.86528,0.50252,0.19367,0.14531,133.969,157.414,172.975,152.49,52.652,18.381,222.316,178.04,141.391,72.695,9.799,2.596,15.438,11.166,8.281,3.935,0.398,0.075,2.109
75.0,5000,0.3,2.0,2.15033,1.41574,0.99892,0.56637,0.21454,0.16165,2.28684,1.49615,1.05157,0.59374,0.22228,0.1658,91.117,111.002,127.16,118.649,43.152,15.169,195.932,157.15,127.023,67.199,9.258,2.452,12.438,8.926,6.695,3.248,0.334,0.063,2.077
77.5,5000,0.3,2.0,3.04393,1.905,1.2976,0.70578,0.25551,0.19029,3.21918,2.00171,1.35811,0.7356,0.26352,0.19455,54.74,70.147,85.202,86.099,33.694,11.961,166.625,133.63,110.558,60.767,8.609,2.276,9.593,6.784,5.156,2.567,0.27,0.051,2.071
80.0,5000,0.3,2.0,5.02381,2.90069,1.86791,0.95084,0.32005,0.23413,5.28493,3.03058,1.94344,0.98493,0.32845,0.23857,26.712,36.923,48.976,55.797,24.393,8.79,134.196,107.102,91.483,53.054,7.807,2.058,6.975,4.796,3.699,1.902,0.205,0.039,1.879
10.0,5500,0.3,2.0,0.37356,0.29224,0.2322,0.15099,0.06366,0.04741,0.43174,0.33451,0.26428,0.17097,0.07045,0.05114,1214.676,1217.343,1117.196,770.623,213.491,72.455,453.754,355.762,259.416,116.354,13.591,3.435,70.673,51.451,35.831,15.402,1.449,0.27,0.823
12.5,5500,0.3,2.0,0.37694,0.29476,0.23413,0.15219,0.06417,0.0478,0.43526,0.33711,0.26625,0.1722,0.07096,0.05152,1199.571,1202.903,1104.687,762.699,211.472,71.778,452.162,354.568,258.642,116.074,13.571,3.431,69.965,50.939,35.485,15.259,1.436,0.267,0.892
15.0,5500,0.3,2.0,0.38114,0.29789,0.23653,0.15368,0.06481,0.0483,0.43964,0.34033,0.26871,0.17371,0.0716,0.05202,1181.192,1185.328,1089.455,753.048,209.012,70.953,450.194,353.092,257.684,115.727,13.546,3.427,69.103,50.316,35.063,15.086,1.42,0.264,0.944
17.5,5500,0.3,2.0,0.3862,0.30165,0.23941,0.15547,0.06557,0.0489,0.44492,0.34423,0.27167,0.17553,0.07237,0.05263,1159.59,1164.662,1071.538,741.689,206.116,69.982,447.839,351.324,256.535,115.311,13.515,3.422,68.088,49.583,34.567,14.881,1.401,0.261,1.052
20.0,5500,0.3,2.0,0.3922,0.30611,0.24281,0.15759,0.06647,0.04959,0.45117,0.34882,0.27516,0.17769,0.07327,0.05332,1134.823,1140.958,1050.977,728.648,202.79,68.867,445.081,349.253,255.19,114.824,13.479,3.415,66.922,48.74,33.997,14.646,1.38,0.257,1.091
22.5,5500,0.3,2.0,0.3992,0.31129,0.24677,0.16004,0.06751,0.05041,0.45847,0.35418,0.27922,0.18018,0.07433,0.05413,1106.963,1114.277,1027.82,713.95,199.04,67.609,441.902,346.863,253.635,114.259,13.438,3.408,65.606,47.789,33.354,14.381,1.356,0.252,1.139
25.0,5500,0.3,2.0,0.40729,0.31727,0.25133,0.16286,0.06871,0.05134,0.4669,0.36035,0.2839,0.18305,0.07553,0.05507,1076.088,1084.69,1002.124,697.628,194.874,66.212,438.282,344.139,251.862,113.615,13.39,3.399,64.145,46.732,32.638,14.087,1.329,0.247,1.243
27.5,5500,0.3,2.0,0.41658,0.32412,0.25654,0.16608,0.07007,0.0524,0.47658,0.36742,0.28924,0.18633,0.0769,0.05614,1042.289,1052.276,973.949,679.717,190.301,64.679,434.195,341.06,249.855,112.886,13.335,3.389,62.54,45.571,31.853,13.763,1.299,0.242,1.316
30.0,5500,0.3,2.0,0.4272,0.33192,0.26247,0.16973,0.07162,0.05361,0.48765,0.37549,0.29533,0.19004,0.07846,0.05736,1005.666,1017.122,943.366,660.254,185.328,63.011,429.616,337.607,247.603,112.066,13.273,3.378,60.794,44.308,30.998,13.411,1.267,0.236,1.399
32.5,5500,0.3,2.0,0.4393,0.3408,0.26919,0.17386,0.07336,0.05497,0.50026,0.38465,0.30223,0.19425,0.08021,0.05871,966.333,979.327,910.451,639.283,179.966,61.213,424.511,333.753,245.086,111.148,13.203,3.365,58.911,42.946,30.076,13.031,1.232,0.229,1.494
35.0,5500,0.3,2.0,0.4531,0.35087,0.27681,0.17853,0.07533,0.05652,0.51464,0.39506,0.31004,0.19899,0.08219,0.06028,924.413,939.001,875.288,616.85,174.226,59.287,418.847,329.471,242.287,110.126,13.125,3.351,56.895,41.487,29.088,12.623,1.195,0.223,1.52
37.5,5500,0.3,2.0,0.46882,0.36232,0.28543,0.1838,0.07755,0.05826,0.53103,0.40687,0.31889,0.20435,0.08442,0.06202,880.047,896.262,837.971,593.005,168.12,57.239,412.582,324.73,239.183,108.992,13.037,3.335,54.749,39.934,28.035,12.19,1.156,0.215,1.564
40.0,5500,0.3,2.0,0.48678,0.37532,0.29521,0.18974,0.08003,0.06021,0.54975,0.42031,0.32892,0.2104,0.08692,0.06399,833.387,851.244,798.6,567.801,161.659,55.071,405.673,319.493,235.751,107.735,12.938,3.316,52.48,38.291,26.921,11.73,1.114,0.208,1.6
42.5,5500,0.3,2.0,0.50735,0.39016,0.30631,0.19647,0.08284,0.06244,0.57119,0.43563,0.34031,0.21724,0.08975,0.06621,784.602,804.092,757.285,541.299,154.857,52.789,398.069,313.723,231.964,106.348,12.828,3.296,50.09,36.56,25.747,11.246,1.07,0.199,1.691
45.0,5500,0.3,2.0,0.53103,0.40713,0.31897,0.2041,0.086,0.06492,0.59587,0.45316,0.3533,0.22501,0.09293,0.06871,733.882,754.966,714.15,513.561,147.728,50.397,389.714,307.372,227.79,104.816,12.705,3.272,47.587,34.745,24.516,10.738,1.024,0.191,1.686
47.5,5500,0.3,2.0,0.55845,0.42667,0.33347,0.21279,0.08959,0.06775,0.62445,0.47333,0.36817,0.23384,0.09654,0.07155,681.437,704.047,669.327,484.655,140.286,47.899,380.546,300.394,223.198,103.128,12.568,3.245,44.977,32.852,23.229,10.206,0.975,0.182,1.771
50.0,5500,0.3,2.0,0.59042,0.44929,0.35017,0.22274,0.09366,0.07097,0.65778,0.49669,0.38531,0.24397,0.10064,0.07476,627.501,651.533,622.964,454.656,132.548,45.302,370.492,292.727,218.144,101.269,12.415,3.215,42.266,30.884,21.891,9.653,0.925,0.172,1.793
52.5,5500,0.3,2.0,0.62808,0.47572,0.36957,0.23421,0.09833,0.07463,0.69702,0.52398,0.40522,0.25564,0.10534,0.07846,572.34,597.648,575.226,423.644,124.53,42.609,359.473,284.311,212.588,99.223,12.245,3.18,39.462,28.846,20.504,9.079,0.873,0.163,1.85
55.0,5500,0.3,2.0,0.67291,0.50691,0.39232,0.24755,0.10369,0.07884,0.74376,0.55619,0.42855,0.26922,0.11074,0.08268,516.256,542.645,526.297,391.708,116.25,39.828,347.396,275.07,206.476,96.969,12.054,3.14,36.575,26.745,19.071,8.485,0.819,0.153,1.873
57.5,5500,0.3,2.0,0.72707,0.54418,0.4193,0.26323,0.10991,0.0837,0.8002,0.59469,0.45624,0.28516,0.11699,0.08754,459.596,486.817,476.388,358.946,107.726,36.965,334.157,264.918,199.749,94.484,11.84,3.094,33.613,24.587,17.596,7.873,0.763,0.142,1.903
60.0,5500,0.3,2.0,0.79361,0.58945,0.45177,0.28188,0.1172,0.0894,0.86956,0.64144,0.48955,0.30413,0.12433,0.09328,402.763,430.5,425.741,325.468,98.979,34.025,319.636,253.758,192.338,91.742,11.6,3.042,30.591,22.38,16.085,7.244,0.706,0.132,1.907
62.5,5500,0.3,2.0,0.87713,0.64547,0.49154,0.30442,0.12585,0.09608,0.95661,0.69929,0.53036,0.32707,0.13303,0.09998,346.233,374.097,374.644,291.4,90.03,31.016,303.69,241.469,184.154,88.708,11.33,2.98,27.521,20.133,14.542,6.6,0.647,0.121,1.915
65.0,5500,0.3,2.0,0.9848,0.71652,0.54137,0.33222,0.13627,0.1041,1.06884,0.77266,0.58148,0.35535,0.14353,0.10803,290.576,318.087,323.438,256.892,80.903,27.945,286.158,227.915,175.099,85.344,11.025,2.909,24.421,17.858,12.974,5.943,0.587,0.11,1.988
67.5,5500,0.3,2.0,1.12838,0.80939,0.60552,0.36731,0.14907,0.11381,1.2185,0.86857,0.6473,0.39106,0.1564,0.11776,236.481,263.062,272.549,222.122,71.626,24.821,266.841,212.92,165.035,81.588,10.677,2.825,21.312,15.569,11.387,5.274,0.525,0.098,1.985
70.0,5500,0.3,2.0,1.32851,0.93571,0.69121,0.41308,0.16518,0.12584,1.4271,0.99902,0.73521,0.43761,0.17262,0.12986,184.801,209.763,222.514,187.316,62.23,21.654,245.51,196.277,153.803,77.376,10.279,2.725,18.22,13.281,9.792,4.596,0.463,0.087,1.988
72.5,5500,0.3,2.0,1.62442,1.11678,0.81117,0.4752,0.18613,0.14122,1.73554,1.18602,0.8583,0.50081,0.1937,0.14528,136.595,159.135,174.036,152.773,52.753,18.454,221.887,177.718,141.173,72.598,9.819,2.606,15.179,11.019,8.202,3.913,0.399,0.075,2.049
75.0,5500,0.3,2.0,2.09957,1.39595,0.99056,0.56442,0.21455,0.16165,2.23081,1.47433,1.04235,0.59158,0.22229,0.16578,93.192,112.413,128.066,118.905,43.245,15.237,195.663,156.923,126.857,67.112,9.278,2.463,12.231,8.811,6.633,3.23,0.335,0.063,2.028
77.5,5500,0.3,2.0,2.9613,1.87467,1.28539,0.70312,0.25549,0.1903,3.12906,1.96873,1.34485,0.73269,0.26351,0.19454,56.23,71.214,85.927,86.32,33.778,12.023,166.514,133.503,110.45,60.693,8.63,2.288,9.433,6.698,5.109,2.553,0.271,0.051,2.062
80.0,5500,0.3,2.0,4.85991,2.84592,1.84738,0.94673,0.32006,0.23417,5.10815,2.97177,1.92145,0.98053,0.32848,0.23858,27.618,37.623,49.496,55.976,24.464,8.844,134.221,107.072,91.438,52.994,7.83,2.071,6.856,4.735,3.666,1.892,0.206,0.039,1.96
10.0,0,0.3,4.0,0.43428,0.32146,0.24672,0.15533,0.06432,0.04738,0.51464,0.37535,0.28495,0.17724,0.07148,0.0511,1114.356,1154.599,1077.395,762.942,210.805,68.651,483.948,371.163,265.82,118.504,13.559,3.253,89.545,62.221,41.185,16.718,1.51,0.255,0.794
12.5,0,0.3,4.0,0.43843,0.32433,0.24882,0.15657,0.06484,0.04779,0.51902,0.37834,0.28711,0.17851,0.07201,0.05151,1099.675,1140.386,1065.008,755.032,208.79,67.985,482.136,369.86,264.991,118.216,13.538,3.249,88.621,61.589,40.78,16.562,1.496,0.253,0.914
15.0,0,0.3,4.0,0.4436,0.32789,0.25141,0.15812,0.06549,0.04828,0.52448,0.38204,0.28978,0.18008,0.07266,0.052,1081.82,1123.09,1049.929,745.398,206.337,67.173,479.899,368.249,263.966,117.86,13.512,3.243,87.494,60.818,40.286,16.373,1.48,0.25,0.955
17.5,0,0.3,4.0,0.44985,0.33219,0.25454,0.15998,0.06626,0.04887,0.53108,0.38651,0.29301,0.18198,0.07343,0.05258,1060.846,1102.76,1032.194,734.059,203.448,66.218,477.224,366.321,262.739,117.432,13.48,3.236,86.169,59.91,39.704,16.149,1.46,0.246,1.019
20.0,0,0.3,4.0,0.45726,0.33727,0.25824,0.16217,0.06717,0.04957,0.5389,0.3918,0.29682,0.18421,0.07435,0.0533,1036.818,1079.45,1011.847,721.042,200.131,65.122,474.095,364.064,261.301,116.931,13.442,3.228,84.646,58.868,39.036,15.893,1.438,0.243,1.096
22.5,0,0.3,4.0,0.46592,0.3432,0.26255,0.16472,0.06822,0.05039,0.54805,0.39797,0.30126,0.18681,0.07541,0.05411,1009.808,1053.224,988.937,706.372,196.392,63.886,470.492,361.463,259.641,116.352,13.398,3.219,82.93,57.693,38.283,15.604,1.412,0.238,1.165
25.0,0,0.3,4.0,0.47596,0.35004,0.26751,0.16765,0.06943,0.05132,0.55864,0.4051,0.30637,0.18979,0.07663,0.05504,979.905,1024.157,963.524,690.082,192.238,62.513,466.394,358.5,257.749,115.69,13.348,3.208,81.024,56.387,37.445,15.282,1.384,0.233,1.239
27.5,0,0.3,4.0,0.48751,0.3579,0.27318,0.17099,0.07082,0.05239,0.57084,0.41328,0.31222,0.1932,0.07803,0.05612,947.204,992.331,935.67,672.207,187.678,61.007,461.774,355.155,255.611,114.941,13.291,3.196,78.931,54.953,36.525,14.929,1.353,0.228,1.33
30.0,0,0.3,4.0,0.50076,0.36687,0.27965,0.17479,0.07238,0.0536,0.58484,0.42262,0.31889,0.19707,0.0796,0.05734,911.816,957.841,905.448,652.786,182.72,59.37,456.604,351.407,253.212,114.099,13.226,3.182,76.658,53.394,35.525,14.545,1.319,0.222,1.349
32.5,0,0.3,4.0,0.51593,0.3771,0.287,0.17909,0.07415,0.05496,0.60085,0.43326,0.32646,0.20145,0.08138,0.05871,873.864,920.789,872.939,631.862,177.375,57.606,450.849,347.228,250.534,113.158,13.153,3.166,74.208,51.713,34.446,14.13,1.282,0.216,1.43
35.0,0,0.3,4.0,0.53327,0.38874,0.29533,0.18394,0.07614,0.0565,0.61916,0.44537,0.33505,0.2064,0.08338,0.06025,833.485,881.292,838.229,609.481,171.654,55.719,444.473,342.591,247.557,112.109,13.07,3.148,71.587,49.913,33.29,13.686,1.243,0.209,1.512
37.5,0,0.3,4.0,0.55313,0.40199,0.30479,0.18943,0.07838,0.05824,0.64013,0.45917,0.34479,0.21198,0.08564,0.062,790.829,839.477,801.417,585.694,165.569,53.712,437.433,337.462,244.261,110.946,12.978,3.128,68.801,47.999,32.06,13.212,1.202,0.202,1.53
40.0,0,0.3,4.0,0.57593,0.41711,0.31552,0.19562,0.08091,0.06018,0.6642,0.4749,0.35585,0.2183,0.08819,0.06395,746.066,795.486,762.608,560.556,159.131,51.591,429.68,331.804,240.619,109.658,12.876,3.105,65.857,45.975,30.758,12.711,1.158,0.194,1.613
42.5,0,0.3,4.0,0.60219,0.43441,0.32774,0.20264,0.08376,0.0624,0.69193,0.49291,0.36845,0.22545,0.09105,0.06617,699.384,749.475,721.92,534.128,152.355,49.36,421.162,325.576,236.604,108.236,12.761,3.08,62.763,43.845,29.387,12.183,1.111,0.186,1.655
45.0,0,0.3,4.0,0.6326,0.45428,0.3417,0.21061,0.08696,0.06488,0.72404,0.51359,0.38284,0.23357,0.09428,0.06867,650.99,701.617,679.482,506.473,145.254,47.023,411.817,318.729,232.182,106.666,12.632,3.051,59.527,41.614,27.95,11.629,1.063,0.178,1.749
47.5,0,0.3,4.0,0.66805,0.47724,0.35774,0.21969,0.09061,0.06771,0.76147,0.53749,0.39936,0.24282,0.09795,0.0715,601.119,652.105,635.435,477.66,137.845,44.587,401.578,311.212,227.32,104.937,12.49,3.019,56.158,39.289,26.45,11.049,1.012,0.169,1.767
50.0,0,0.3,4.0,0.70972,0.50397,0.37627,0.2301,0.09474,0.07093,0.80547,0.56531,0.41846,0.25343,0.10211,0.07473,550.032,601.155,589.937,447.767,130.142,42.057,390.366,302.962,221.975,103.032,12.33,2.983,52.666,36.875,24.891,10.446,0.959,0.16,1.767
52.5,0,0.3,4.0,0.75919,0.53535,0.39786,0.24212,0.09947,0.0746,0.85771,0.59797,0.44071,0.26568,0.10687,0.0784,498.025,549.01,543.165,416.874,122.163,39.439,378.096,293.912,216.102,100.934,12.152,2.942,49.064,34.38,23.276,9.82,0.904,0.15,1.841
55.0,0,0.3,4.0,0.81868,0.57261,0.42325,0.25612,0.10492,0.0788,0.92052,0.63675,0.46688,0.27994,0.11235,0.08263,445.435,495.947,495.317,385.074,113.927,36.74,364.668,283.983,209.645,98.624,11.953,2.895,45.365,31.812,21.611,9.174,0.847,0.141,1.856
57.5,0,0.3,4.0,0.89131,0.61744,0.4535,0.27258,0.11123,0.08367,0.99721,0.68342,0.49805,0.29672,0.11872,0.08753,392.647,442.284,446.621,352.467,105.453,33.967,349.97,273.084,202.541,96.076,11.73,2.842,41.583,29.18,19.9,8.507,0.789,0.131,1.991
60.0,0,0.3,4.0,0.98166,0.67229,0.49006,0.29221,0.11864,0.08934,1.09262,0.7405,0.53573,0.31672,0.12618,0.0932,340.108,388.39,397.339,319.166,96.761,31.127,333.872,261.109,194.718,93.265,11.48,2.781,37.738,26.494,18.149,7.822,0.729,0.12,1.918
62.5,0,0.3,4.0,1.0967,0.74076,0.53506,0.31598,0.12744,0.09604,1.2141,0.81177,0.58211,0.34094,0.13503,0.09993,288.342,334.701,347.782,285.304,87.876,28.229,316.226,247.932,186.083,90.151,11.199,2.711,33.85,23.768,16.364,7.121,0.667,0.11,1.925
65.0,0,0.3,4.0,1.24749,0.82845,0.59175,0.34535,0.13805,0.10402,1.37332,0.90305,0.64054,0.37086,0.14571,0.10794,237.966,281.738,298.322,251.035,78.822,25.283,296.86,233.407,176.531,86.695,10.881,2.63,29.943,21.016,14.555,6.405,0.604,0.099,1.97
67.5,0,0.3,4.0,1.4526,0.94445,0.66524,0.38253,0.15107,0.11373,1.58991,1.02378,0.71628,0.40875,0.15881,0.11767,189.713,230.138,249.418,216.547,69.629,22.299,275.578,217.354,165.922,82.835,10.519,2.536,26.049,18.257,12.73,5.678,0.539,0.088,1.978
70.0,0,0.3,4.0,1.74546,1.10447,0.76415,0.43114,0.16748,0.12577,1.89916,1.19034,0.81822,0.45828,0.17534,0.12976,144.466,180.685,201.647,182.077,60.33,19.289,252.16,199.561,154.089,78.501,10.104,2.426,22.204,15.515,10.902,4.942,0.474,0.077,2.055
72.5,0,0.3,4.0,2.19174,1.3379,0.904,0.49737,0.18882,0.14112,2.37044,1.43332,0.96235,0.52576,0.19683,0.14518,103.278,134.364,155.755,147.937,50.969,16.27,226.359,179.766,140.803,73.579,9.624,2.296,18.455,12.82,9.088,4.201,0.408,0.066,2.002
75.0,0,0.3,4.0,2.93711,1.7061,1.11574,0.5929,0.21779,0.16154,3.15756,1.81657,1.18057,0.62311,0.22599,0.16569,67.392,92.417,112.735,114.56,41.599,13.26,197.938,157.673,125.783,67.923,9.06,2.142,14.856,10.209,7.308,3.461,0.341,0.055,2.05
77.5,0,0.3,4.0,4.36334,2.35723,1.46959,0.74228,0.25959,0.19022,4.66369,2.49431,1.54524,0.77531,0.26807,0.1944,38.209,56.404,73.931,82.582,32.301,10.288,166.719,132.957,108.648,61.299,8.385,1.957,11.476,7.732,5.593,2.728,0.274,0.043,2.035
80.0,0,0.3,4.0,7.76327,3.7392,2.16049,1.00691,0.32557,0.23394,8.25427,3.93283,2.2573,1.04497,0.3345,0.23827,17.1,28.182,41.174,52.992,23.199,7.395,132.752,105.378,88.956,53.358,7.553,1.73,8.396,5.457,3.986,2.017,0.207,0.032,2.066
10.0,500,0.3,4.0,0.42702,0.31801,0.24503,0.15482,0.06429,0.04739,0.50481,0.37056,0.28255,0.17651,0.07143,0.05111,1125.486,1162.073,1082.704,763.962,211.163,69.229,480.605,369.546,265.295,118.276,13.575,3.281,87.554,61.067,40.62,16.571,1.509,0.257,0.884
12.5,500,0.3,4.0,0.43108,0.32083,0.2471,0.15606,0.0648,0.0478,0.50909,0.37349,0.28468,0.17777,0.07195,0.05152,1110.754,1147.83,1070.298,756.05,209.149,68.561,478.819,368.255,264.473,117.989,13.553,3.277,86.653,60.447,40.222,16.417,1.495,0.255,0.881
15.0,500,0.3,4.0,0.43612,0.32434,0.24968,0.1576,0.06544,0.04828,0.51441,0.37714,0.28733,0.17934,0.0726,0.052,1092.837,1130.498,1055.195,746.413,206.694,67.747,476.613,366.661,263.457,117.634,13.527,3.271,85.556,59.693,39.736,16.23,1.478,0.252,0.959
17.5,500,0.3,4.0,0.44223,0.32857,0.25278,0.15945,0.06622,0.04887,0.52085,0.38154,0.29053,0.18123,0.07337,0.0526,1071.788,1110.124,1037.432,735.072,203.805,66.789,473.976,364.753,262.239,117.208,13.495,3.264,84.264,58.805,39.164,16.009,1.459,0.249,1.028
20.0,500,0.3,4.0,0.44947,0.33358,0.25644,0.16164,0.06713,0.04957,0.52848,0.38675,0.2943,0.18346,0.07429,0.0533,1047.67,1086.763,1017.052,722.051,200.486,65.688,470.891,362.518,260.813,116.709,13.458,3.256,82.78,57.784,38.506,15.755,1.436,0.245,1.102
22.5,500,0.3,4.0,0.45792,0.33941,0.2607,0.16417,0.06818,0.05038,0.5374,0.39282,0.29869,0.18604,0.07535,0.05411,1020.559,1060.478,994.105,707.377,196.746,64.448,467.338,359.941,259.167,116.131,13.414,3.247,81.107,56.634,37.765,15.468,1.411,0.24,1.167
25.0,500,0.3,4.0,0.46772,0.34616,0.26562,0.16709,0.0694,0.05132,0.54773,0.39983,0.30375,0.18901,0.07657,0.05505,990.539,1031.343,968.648,691.083,192.59,63.071,463.297,357.007,257.29,115.472,13.365,3.237,79.249,55.355,36.941,15.15,1.382,0.235,1.244
27.5,500,0.3,4.0,0.479,0.35389,0.27124,0.17042,0.07078,0.05239,0.55962,0.40788,0.30955,0.1924,0.07796,0.05613,957.708,999.44,940.745,673.203,188.028,61.559,458.74,353.695,255.168,114.726,13.308,3.225,77.21,53.952,36.036,14.8,1.351,0.23,1.332
30.0,500,0.3,4.0,0.49193,0.36273,0.27765,0.1742,0.07234,0.05359,0.57325,0.41706,0.31615,0.19625,0.07954,0.05733,922.173,964.864,910.468,653.775,183.069,59.917,453.64,349.982,252.788,113.887,13.243,3.211,74.993,52.425,35.052,14.419,1.318,0.224,1.369
32.5,500,0.3,4.0,0.50671,0.37279,0.28492,0.17848,0.0741,0.05497,0.58884,0.42752,0.32364,0.20061,0.08131,0.05871,884.056,927.716,877.897,632.844,177.722,58.146,447.962,345.842,250.13,112.949,13.17,3.196,72.605,50.779,33.99,14.008,1.281,0.218,1.434
35.0,500,0.3,4.0,0.52362,0.38424,0.29317,0.18331,0.0761,0.0565,0.60667,0.43943,0.33213,0.20554,0.08332,0.06025,843.493,888.112,843.119,610.456,171.998,56.251,441.671,341.248,247.176,111.904,13.089,3.178,70.049,49.018,32.853,13.568,1.242,0.211,1.496
37.5,500,0.3,4.0,0.54297,0.39728,0.30252,0.18877,0.07834,0.05824,0.62707,0.45299,0.34177,0.2111,0.08558,0.06201,800.634,846.178,806.23,586.66,165.91,54.237,434.723,336.166,243.904,110.744,12.997,3.159,67.332,47.143,31.643,13.099,1.201,0.204,1.526
40.0,500,0.3,4.0,0.56517,0.41214,0.31314,0.19494,0.08086,0.0602,0.65048,0.46845,0.35271,0.21738,0.08812,0.06396,755.646,802.055,767.337,561.514,159.469,52.107,427.07,330.558,240.287,109.46,12.895,3.137,64.461,45.161,30.361,12.603,1.157,0.196,1.605
42.5,500,0.3,4.0,0.59073,0.42914,0.32523,0.20192,0.08371,0.06241,0.67743,0.48612,0.36517,0.2245,0.09098,0.06618,708.714,755.897,726.555,535.074,152.689,49.866,418.661,324.385,236.301,108.043,12.781,3.112,61.443,43.075,29.012,12.08,1.111,0.188,1.65
45.0,500,0.3,4.0,0.62031,0.44866,0.33904,0.20985,0.08691,0.0649,0.70862,0.50643,0.37939,0.23257,0.09421,0.06869,660.045,707.877,684.013,507.407,145.585,47.519,409.433,317.597,231.91,106.478,12.653,3.084,58.286,40.89,27.598,11.531,1.062,0.18,1.709
47.5,500,0.3,4.0,0.65476,0.47121,0.3549,0.21889,0.09055,0.06772,0.74494,0.52987,0.39572,0.24178,0.09786,0.07151,609.87,658.186,639.851,478.582,138.171,45.071,399.321,310.144,227.081,104.755,12.511,3.052,54.998,38.612,26.121,10.957,1.011,0.171,1.757
50.0,500,0.3,4.0,0.69522,0.49744,0.37321,0.22924,0.09469,0.07094,0.78761,0.55715,0.41459,0.25233,0.10204,0.07475,558.448,607.037,594.226,448.673,130.464,42.529,388.247,301.963,221.772,102.856,12.353,3.017,51.59,36.247,24.586,10.359,0.959,0.162,1.813
52.5,500,0.3,4.0,0.74323,0.52822,0.39454,0.2412,0.09941,0.07459,0.83822,0.58916,0.43656,0.26451,0.10679,0.0784,506.071,554.672,547.312,417.764,122.48,39.898,376.125,292.989,215.936,100.765,12.176,2.976,48.073,33.801,22.996,9.739,0.904,0.152,1.822
55.0,500,0.3,4.0,0.80088,0.56474,0.41962,0.25512,0.10485,0.0788,0.89901,0.62714,0.46239,0.27869,0.11227,0.08262,453.073,501.366,499.307,385.944,114.238,37.184,362.857,283.141,209.521,98.462,11.978,2.93,44.46,31.284,21.356,9.098,0.847,0.142,1.855
57.5,500,0.3,4.0,0.87119,0.60865,0.44948,0.27149,0.11116,0.08367,0.97314,0.6728,0.49315,0.29538,0.11862,0.08751,399.834,447.431,450.435,353.315,105.757,34.395,348.331,272.329,202.462,95.923,11.756,2.878,40.765,28.703,19.67,8.438,0.789,0.132,1.871
60.0,500,0.3,4.0,0.95853,0.66233,0.48555,0.29101,0.11857,0.08935,1.06524,0.72862,0.53031,0.31526,0.12608,0.09322,346.798,393.235,400.958,319.99,97.058,31.538,332.417,260.45,194.686,93.12,11.508,2.818,37.006,26.069,17.945,7.759,0.729,0.122,1.933
62.5,500,0.3,4.0,1.06957,0.72927,0.52993,0.31464,0.12735,0.09605,1.18232,0.79824,0.57602,0.33933,0.13492,0.09993,294.483,339.21,351.183,286.099,88.164,28.621,314.969,247.376,186.104,90.017,11.228,2.749,33.204,23.394,16.186,7.064,0.667,0.111,1.949
65.0,500,0.3,4.0,1.21484,0.81492,0.58581,0.34382,0.13794,0.10404,1.33549,0.8873,0.63358,0.36906,0.14557,0.10798,243.503,285.873,301.479,251.797,79.101,25.654,295.816,232.963,176.608,86.573,10.911,2.669,29.381,20.693,14.402,6.355,0.604,0.101,1.999
67.5,500,0.3,4.0,1.41201,0.92805,0.65818,0.38076,0.15095,0.11375,1.5434,1.00495,0.70813,0.40669,0.15868,0.11772,194.588,233.856,252.3,217.27,69.896,22.646,274.76,217.03,166.059,82.727,10.551,2.576,25.568,17.984,12.602,5.635,0.54,0.09,1.996
70.0,500,0.3,4.0,1.69276,1.08386,0.75551,0.42904,0.16735,0.1258,1.83946,1.16699,0.80838,0.45588,0.17519,0.12977,148.619,183.939,204.22,182.753,60.584,19.611,251.577,199.365,154.29,78.408,10.139,2.467,21.801,15.29,10.798,4.905,0.475,0.078,2.045
72.5,500,0.3,4.0,2.11916,1.31073,0.89297,0.49478,0.18867,0.14116,2.28908,1.40291,0.94998,0.52286,0.19665,0.1452,106.655,137.104,157.982,148.558,51.207,16.563,226.019,179.706,141.073,73.504,9.661,2.338,18.123,12.639,9.007,4.171,0.409,0.067,2.052
75.0,500,0.3,4.0,2.82817,1.66762,1.10078,0.58957,0.2176,0.1616,3.03673,1.77407,1.16404,0.61943,0.22578,0.16574,69.952,94.597,114.575,115.114,41.819,13.521,197.836,157.752,126.122,67.868,9.1,2.185,14.589,10.07,7.248,3.437,0.342,0.056,2.026
77.5,500,0.3,4.0,4.17665,2.29654,1.44742,0.7377,0.25937,0.19024,4.45874,2.42812,1.52111,0.77034,0.26783,0.19443,39.944,57.986,75.343,83.054,32.498,10.513,166.832,133.167,109.053,61.269,8.429,2.0,11.268,7.63,5.552,2.711,0.275,0.044,2.061
80.0,500,0.3,4.0,7.36252,3.62441,2.12241,0.99985,0.32525,0.23394,7.81841,3.8091,2.21641,1.0374,0.33415,0.23829,18.068,29.162,42.128,53.364,23.367,7.579,133.026,105.695,89.413,53.356,7.6,1.773,8.237,5.386,3.96,2.004,0.208,0.033,2.118
10.0,1000,0.3,4.0,0.42017,0.31473,0.24342,0.15434,0.06425,0.0474,0.49552,0.36601,0.28027,0.17582,0.07137,0.05111,1136.182,1169.138,1087.6,764.899,211.491,69.754,477.389,367.968,264.748,118.051,13.588,3.306,85.617,59.947,40.069,16.432,1.507,0.259,0.801
12.5,1000,0.3,4.0,0.42414,0.31752,0.24548,0.15557,0.06477,0.0478,0.4997,0.3689,0.28238,0.17708,0.07189,0.05152,1121.402,1154.868,1075.177,756.985,209.475,69.084,475.627,366.69,263.933,117.765,13.567,3.302,84.739,59.341,39.677,16.28,1.493,0.257,0.9
15.0,1000,0.3,4.0,0.42907,0.32098,0.24803,0.1571,0.06541,0.04828,0.5049,0.37249,0.28501,0.17864,0.07254,0.052,1103.426,1137.502,1060.054,747.346,207.02,68.267,473.452,365.111,262.924,117.411,13.541,3.296,83.669,58.602,39.199,16.094,1.477,0.254,0.942
17.5,1000,0.3,4.0,0.43504,0.32515,0.2511,0.15895,0.06618,0.04888,0.51119,0.37683,0.28817,0.18052,0.07332,0.05261,1082.306,1117.088,1042.266,736.002,204.13,67.306,470.85,363.22,261.716,116.987,13.509,3.29,82.41,57.732,38.636,15.875,1.457,0.251,1.051
20.0,1000,0.3,4.0,0.44212,0.33008,0.25473,0.16112,0.06709,0.04957,0.51863,0.38196,0.29191,0.18273,0.07423,0.05331,1058.105,1093.679,1021.857,722.978,200.81,66.203,467.807,361.007,260.301,116.489,13.472,3.282,80.963,56.733,37.989,15.623,1.435,0.247,1.103
22.5,1000,0.3,4.0,0.45039,0.33584,0.25896,0.16365,0.06814,0.05039,0.52734,0.38794,0.29626,0.18531,0.07529,0.05411,1030.898,1067.339,998.876,708.301,197.068,64.959,464.301,358.455,258.667,115.913,13.429,3.273,79.333,55.607,37.26,15.339,1.409,0.242,1.182
25.0,1000,0.3,4.0,0.45996,0.34248,0.26383,0.16656,0.06935,0.05132,0.53742,0.39484,0.30127,0.18827,0.07651,0.05505,1000.769,1038.142,973.38,692.003,192.911,63.578,460.313,355.548,256.804,115.257,13.379,3.263,77.521,54.355,36.449,15.023,1.381,0.237,1.251
27.5,1000,0.3,4.0,0.47098,0.35011,0.2694,0.16987,0.07074,0.05238,0.54902,0.40276,0.30701,0.19164,0.0779,0.05612,967.813,1006.169,945.434,674.118,188.348,62.062,455.816,352.265,254.698,114.512,13.323,3.251,75.533,52.98,35.558,14.677,1.35,0.232,1.315
30.0,1000,0.3,4.0,0.4836,0.35881,0.27574,0.17363,0.0723,0.0536,0.56231,0.4118,0.31354,0.19548,0.07948,0.05734,932.138,971.513,915.109,654.685,183.386,60.414,450.783,348.586,252.335,113.676,13.259,3.238,73.372,51.485,34.59,14.3,1.317,0.226,1.364
32.5,1000,0.3,4.0,0.49804,0.36872,0.28295,0.1779,0.07406,0.05497,0.57751,0.4221,0.32096,0.19982,0.08125,0.05872,893.866,934.276,882.482,633.748,178.037,58.637,445.178,344.483,249.696,112.741,13.186,3.223,71.042,49.873,33.545,13.892,1.28,0.22,1.456
35.0,1000,0.3,4.0,0.51454,0.37999,0.29112,0.18271,0.07605,0.05651,0.59489,0.43381,0.32937,0.20472,0.08326,0.06026,853.13,894.573,847.643,611.353,172.312,56.736,438.966,339.929,246.763,111.699,13.105,3.206,68.55,48.147,32.425,13.456,1.241,0.213,1.541
37.5,1000,0.3,4.0,0.53341,0.39282,0.30038,0.18814,0.07829,0.05825,0.61476,0.44714,0.33891,0.21026,0.08551,0.06201,810.079,852.529,810.687,587.55,166.221,54.715,432.105,334.891,243.513,110.544,13.014,3.187,65.9,46.311,31.234,12.992,1.2,0.206,1.549
40.0,1000,0.3,4.0,0.55505,0.40744,0.31089,0.19428,0.08081,0.0602,0.63755,0.46234,0.34973,0.21651,0.08805,0.06396,764.878,808.284,771.718,562.395,159.777,52.577,424.547,329.331,239.922,109.264,12.912,3.165,63.099,44.369,29.972,12.5,1.156,0.198,1.588
42.5,1000,0.3,4.0,0.57996,0.42416,0.32286,0.20123,0.08366,0.06241,0.66377,0.47971,0.36205,0.22359,0.09091,0.06619,717.71,761.99,730.852,535.946,152.994,50.328,416.241,323.209,235.962,107.85,12.799,3.141,60.155,42.325,28.644,11.981,1.11,0.19,1.67
45.0,1000,0.3,4.0,0.60876,0.44336,0.33652,0.20912,0.08686,0.06491,0.6941,0.49965,0.37612,0.23162,0.09414,0.06869,668.781,713.82,688.217,508.269,145.887,47.972,407.124,316.478,231.6,106.29,12.672,3.114,57.074,40.184,27.251,11.437,1.062,0.181,1.678
47.5,1000,0.3,4.0,0.64228,0.46552,0.3522,0.21812,0.0905,0.06774,0.72939,0.52268,0.39226,0.24079,0.0978,0.07154,618.319,663.962,643.952,479.431,138.469,45.515,397.133,309.085,226.802,104.572,12.531,3.083,53.865,37.952,25.797,10.868,1.011,0.173,1.711
50.0,1000,0.3,4.0,0.68161,0.49128,0.37031,0.22842,0.09463,0.07095,0.77081,0.54944,0.41091,0.25129,0.10195,0.07474,566.579,612.629,598.212,449.509,130.757,42.962,386.188,300.971,221.526,102.679,12.373,3.048,50.538,35.634,24.285,10.276,0.958,0.163,1.793
52.5,1000,0.3,4.0,0.72824,0.5215,0.3914,0.24032,0.09935,0.07461,0.81991,0.58084,0.43262,0.2634,0.10671,0.07842,513.851,560.059,551.171,418.585,122.769,40.319,374.207,292.068,215.728,100.595,12.197,3.008,47.103,33.237,22.72,9.662,0.904,0.154,1.891
55.0,1000,0.3,4.0,0.78418,0.55732,0.41618,0.25417,0.10478,0.07882,0.87881,0.61807,0.45814,0.27751,0.11218,0.08265,460.465,506.524,503.024,386.748,114.521,37.592,361.089,282.297,209.351,98.299,12.0,2.963,43.574,30.768,21.104,9.027,0.847,0.144,1.843
57.5,1000,0.3,4.0,0.85233,0.60037,0.44568,0.27045,0.1111,0.08368,0.95057,0.66279,0.4885,0.2941,0.11854,0.08753,406.798,452.336,453.994,354.099,106.034,34.789,346.726,271.569,202.335,95.767,11.78,2.911,39.964,28.237,19.443,8.372,0.789,0.134,1.88
60.0,1000,0.3,4.0,0.93688,0.65295,0.48129,0.28986,0.11848,0.08936,1.03959,0.71742,0.52517,0.31387,0.12597,0.09321,353.289,397.858,404.34,320.751,97.329,31.916,330.988,259.78,194.606,92.974,11.532,2.852,36.289,25.653,17.742,7.699,0.729,0.123,1.889
62.5,1000,0.3,4.0,1.04419,0.71846,0.52509,0.31335,0.12727,0.09606,1.1526,0.7855,0.57026,0.33779,0.13481,0.09996,300.451,343.518,354.367,286.835,88.427,28.982,313.729,246.805,186.073,89.88,11.254,2.784,32.57,23.028,16.009,7.011,0.667,0.113,1.955
65.0,1000,0.3,4.0,1.18436,0.80219,0.58019,0.34236,0.13785,0.10405,1.30019,0.87249,0.62699,0.36734,0.14546,0.10798,248.894,289.83,304.439,252.502,79.355,25.996,294.779,232.498,176.631,86.447,10.939,2.705,28.83,20.376,14.25,6.308,0.604,0.102,1.957
67.5,1000,0.3,4.0,1.37418,0.91264,0.65151,0.37907,0.15086,0.11377,1.50007,0.98726,0.70043,0.40473,0.15855,0.11773,199.346,237.42,255.009,217.939,70.14,22.968,273.937,216.68,166.141,82.614,10.581,2.613,25.096,17.716,12.474,5.593,0.54,0.091,1.986
70.0,1000,0.3,4.0,1.64378,1.06455,0.74734,0.42703,0.16722,0.12582,1.78397,1.1451,0.7991,0.45359,0.17503,0.12983,152.685,187.065,206.645,183.381,60.817,19.91,250.981,199.14,154.435,78.309,10.17,2.505,21.404,15.068,10.694,4.87,0.475,0.08,2.045
72.5,1000,0.3,4.0,2.05192,1.28528,0.88255,0.49233,0.18853,0.14119,2.21375,1.37446,0.9383,0.5201,0.19648,0.14522,109.973,139.745,160.088,149.135,51.425,16.836,225.656,179.612,141.285,73.423,9.695,2.377,17.797,12.462,8.925,4.142,0.409,0.068,2.06
75.0,1000,0.3,4.0,2.72769,1.63168,1.08668,0.58642,0.21744,0.16156,2.92537,1.7344,1.14847,0.61595,0.22558,0.1657,72.48,96.705,116.32,115.63,42.02,13.766,197.703,157.792,126.403,67.808,9.137,2.224,14.328,9.933,7.187,3.414,0.342,0.057,2.018
77.5,1000,0.3,4.0,4.00552,2.24007,1.42657,0.73335,0.25913,0.19023,4.27101,2.36656,1.49842,0.76561,0.26755,0.19442,41.67,59.524,76.689,83.496,32.678,10.724,166.91,133.338,109.402,61.232,8.468,2.04,11.063,7.529,5.51,2.693,0.275,0.045,2.047
80.0,1000,0.3,4.0,6.99884,3.51824,2.0867,0.99319,0.32494,0.234,7.4233,3.69473,2.17808,1.03027,0.33383,0.23839,19.041,30.121,43.043,53.713,23.521,7.752,133.265,105.973,89.818,53.347,7.643,1.814,8.082,5.316,3.933,1.992,0.209,0.034,2.088
10.0,1500,0.3,4.0,0.41369,0.31163,0.2419,0.15387,0.06389,0.0474,0.48673,0.36169,0.2781,0.17516,0.0708,0.05112,1146.478,1175.833,1092.113,765.76,211.792,70.226,474.29,366.43,264.181,117.828,13.532,3.329,83.73,58.861,39.531,16.3,1.463,0.261,0.87
12.5,1500,0.3,4.0,0.41758,0.31438,0.24394,0.1551,0.06441,0.04779,0.49081,0.36454,0.28019,0.17641,0.07132,0.05151,1131.653,1161.537,1079.676,757.844,209.776,69.554,472.552,365.163,263.371,117.543,13.511,3.324,82.874,58.267,39.145,16.148,1.45,0.259,0.913
15.0,1500,0.3,4.0,0.42241,0.31779,0.24646,0.15663,0.06504,0.04829,0.49589,0.36809,0.28279,0.17797,0.07196,0.05201,1113.62,1144.14,1064.534,748.203,207.32,68.736,470.405,363.598,262.37,117.19,13.485,3.319,81.831,57.544,38.674,15.964,1.434,0.256,0.961
17.5,1500,0.3,4.0,0.42825,0.32191,0.24951,0.15847,0.06581,0.04888,0.50204,0.37236,0.28593,0.17984,0.07273,0.0526,1092.433,1123.689,1046.724,736.857,204.429,67.773,467.838,361.725,261.171,116.767,13.454,3.313,80.603,56.692,38.12,15.747,1.415,0.252,1.031
20.0,1500,0.3,4.0,0.43518,0.32678,0.25311,0.16063,0.06672,0.04957,0.50932,0.37741,0.28964,0.18204,0.07364,0.05329,1068.154,1100.236,1026.289,723.831,201.108,66.667,464.834,359.532,259.766,116.271,13.417,3.305,79.193,55.713,37.484,15.498,1.393,0.248,1.115
22.5,1500,0.3,4.0,0.44326,0.33245,0.2573,0.16315,0.06776,0.0504,0.51782,0.38331,0.29395,0.18461,0.07469,0.05413,1040.856,1073.845,1003.279,709.15,197.365,65.42,461.374,357.002,258.143,115.697,13.373,3.297,77.603,54.609,36.766,15.216,1.369,0.244,1.197
25.0,1500,0.3,4.0,0.45263,0.339,0.26213,0.16604,0.06896,0.05133,0.52767,0.39011,0.29891,0.18755,0.0759,0.05506,1010.623,1044.59,977.749,692.848,193.207,64.035,457.436,354.121,256.294,115.042,13.324,3.287,75.837,53.383,35.967,14.903,1.341,0.239,1.275
27.5,1500,0.3,4.0,0.4634,0.34652,0.26765,0.16934,0.07033,0.05239,0.53899,0.39791,0.30459,0.19092,0.07728,0.05613,977.55,1012.552,949.764,674.959,188.642,62.515,452.996,350.867,254.202,114.3,13.268,3.275,73.898,52.036,35.091,14.56,1.311,0.234,1.315
30.0,1500,0.3,4.0,0.47574,0.35509,0.27394,0.17309,0.07189,0.0536,0.55197,0.40681,0.31107,0.19473,0.07885,0.05734,941.744,977.823,919.395,655.522,183.679,60.862,448.025,347.219,251.855,113.467,13.204,3.262,71.79,50.572,34.137,14.186,1.279,0.228,1.39
32.5,1500,0.3,4.0,0.48985,0.36486,0.28108,0.17734,0.07364,0.05496,0.5668,0.41695,0.31841,0.19905,0.08061,0.0587,903.324,940.503,886.72,634.579,178.328,59.081,442.489,343.151,249.235,112.534,13.132,3.247,69.518,48.992,33.108,13.782,1.243,0.221,1.439
35.0,1500,0.3,4.0,0.50596,0.37597,0.28917,0.18213,0.07561,0.05651,0.58375,0.42848,0.32674,0.20394,0.0826,0.06025,862.424,900.708,851.827,612.178,172.6,57.175,436.353,338.636,246.321,111.496,13.051,3.231,67.087,47.301,32.006,13.35,1.206,0.214,1.499
37.5,1500,0.3,4.0,0.52439,0.3886,0.29834,0.18754,0.07784,0.05824,0.60313,0.4416,0.33618,0.20945,0.08484,0.062,819.19,858.562,814.81,588.368,166.507,55.148,429.574,333.639,243.093,110.343,12.961,3.212,64.502,45.502,30.833,12.889,1.165,0.207,1.542
40.0,1500,0.3,4.0,0.54551,0.403,0.30875,0.19365,0.08034,0.0602,0.62534,0.45655,0.3469,0.21567,0.08735,0.06398,773.788,814.202,775.774,563.206,160.061,53.004,422.107,328.124,239.524,109.067,12.859,3.191,61.77,43.599,29.591,12.401,1.123,0.2,1.626
42.5,1500,0.3,4.0,0.56979,0.41946,0.3206,0.20057,0.08316,0.06241,0.65087,0.47363,0.35909,0.22272,0.09019,0.06617,726.397,767.783,734.833,536.749,153.275,50.747,413.897,322.052,235.589,107.658,12.746,3.167,58.896,41.596,28.282,11.887,1.078,0.191,1.664
45.0,1500,0.3,4.0,0.59786,0.43834,0.33413,0.20843,0.08634,0.0649,0.68039,0.49324,0.37301,0.23072,0.0934,0.06868,677.221,719.472,692.115,509.061,146.164,48.384,404.886,315.374,231.254,106.102,12.62,3.14,55.889,39.497,26.911,11.348,1.031,0.183,1.729
47.5,1500,0.3,4.0,0.63051,0.46013,0.34965,0.21738,0.08994,0.06773,0.71473,0.51586,0.38898,0.23984,0.09702,0.07152,626.485,669.459,647.757,480.213,138.743,45.918,395.008,308.039,226.486,104.389,12.479,3.11,52.757,37.309,25.479,10.784,0.982,0.174,1.905
50.0,1500,0.3,4.0,0.6688,0.48545,0.36756,0.22764,0.09404,0.07095,0.75498,0.54215,0.40742,0.25028,0.10115,0.07475,574.444,617.954,601.915,450.279,131.028,43.355,384.187,299.987,221.242,102.501,12.322,3.076,49.508,35.036,23.989,10.197,0.931,0.165,1.789
52.5,1500,0.3,4.0,0.71414,0.51514,0.38842,0.23948,0.09873,0.07462,0.80266,0.57297,0.42888,0.26234,0.10586,0.07842,521.383,565.192,554.759,419.341,123.035,40.702,372.339,291.152,215.478,100.423,12.147,3.037,46.154,32.686,22.447,9.588,0.878,0.155,1.835
55.0,1500,0.3,4.0,0.76848,0.55031,0.41292,0.25326,0.10412,0.07881,0.85981,0.60948,0.4541,0.27638,0.11129,0.08263,467.628,511.445,506.484,387.488,114.782,37.964,359.365,281.454,209.139,98.134,11.951,2.992,42.706,30.264,20.855,8.958,0.823,0.145,1.819
57.5,1500,0.3,4.0,0.83461,0.59255,0.44207,0.26946,0.11037,0.08367,0.92935,0.65333,0.48409,0.29288,0.11757,0.08751,413.553,457.02,457.312,354.822,106.29,35.149,345.156,270.806,202.163,95.61,11.731,2.941,39.178,27.781,19.218,8.309,0.766,0.135,1.871
60.0,1500,0.3,4.0,0.91655,0.64409,0.47725,0.28876,0.1177,0.08936,1.01551,0.70685,0.5203,0.31254,0.12496,0.09323,359.593,402.277,407.498,321.454,97.578,32.263,329.586,259.103,194.478,92.824,11.485,2.883,35.586,25.246,17.542,7.642,0.708,0.125,1.96
62.5,1500,0.3,4.0,1.0204,0.70826,0.52049,0.31213,0.1264,0.09606,1.12473,0.77347,0.56479,0.33633,0.13372,0.09995,306.257,347.642,357.344,287.513,88.669,29.314,312.506,246.222,185.993,89.74,11.208,2.816,31.949,22.669,15.833,6.959,0.649,0.114,1.955
65.0,1500,0.3,4.0,1.15581,0.79019,0.57486,0.34097,0.13689,0.10406,1.26712,0.85853,0.62075,0.36571,0.14428,0.10797,254.148,293.623,307.213,253.153,79.589,26.312,293.748,232.018,176.603,86.318,10.895,2.738,28.288,20.066,14.098,6.262,0.588,0.103,1.957
67.5,1500,0.3,4.0,1.33884,0.89814,0.64519,0.37746,0.14976,0.11378,1.45958,0.9706,0.69312,0.40286,0.15722,0.11773,203.993,240.843,257.553,218.558,70.365,23.265,273.113,216.31,166.17,82.496,10.538,2.647,24.632,17.452,12.346,5.553,0.525,0.092,2.02
70.0,1500,0.3,4.0,1.59813,1.04638,0.73961,0.42512,0.16598,0.12582,1.73226,1.1245,0.79029,0.45141,0.17355,0.12984,156.667,190.074,208.929,183.962,61.03,20.187,250.374,198.889,154.526,78.206,10.13,2.54,21.014,14.85,10.589,4.836,0.462,0.081,1.994
72.5,1500,0.3,4.0,1.98943,1.26139,0.87268,0.48998,0.18708,0.14119,2.14377,1.34774,0.92724,0.51747,0.19479,0.14523,113.235,142.294,162.076,149.67,51.626,17.09,225.273,179.488,141.441,73.336,9.658,2.413,17.477,12.287,8.842,4.114,0.398,0.069,2.023
75.0,1500,0.3,4.0,2.63469,1.59801,1.07335,0.58341,0.21571,0.16158,2.82236,1.69723,1.13374,0.61262,0.2236,0.16573,74.978,98.747,117.975,116.11,42.205,13.993,197.544,157.799,126.628,67.74,9.104,2.261,14.071,9.797,7.125,3.391,0.333,0.058,2.115
77.5,1500,0.3,4.0,3.84809,2.18736,1.40689,0.72922,0.25697,0.19026,4.09846,2.30913,1.47699,0.76112,0.26513,0.19447,43.387,61.02,77.97,83.907,32.844,10.922,166.957,133.473,109.695,61.187,8.44,2.078,10.863,7.43,5.466,2.676,0.268,0.046,2.053
80.0,1500,0.3,4.0,6.66727,3.4197,2.05305,0.98682,0.32209,0.23399,7.06339,3.5886,2.14196,1.02346,0.33067,0.23841,20.019,31.06,43.92,54.04,23.664,7.915,133.472,106.216,90.17,53.328,7.622,1.852,7.93,5.246,3.905,1.98,0.203,0.035,2.1
10.0,2000,0.3,4.0,0.40759,0.3087,0.24045,0.15342,0.06388,0.0474,0.47842,0.35761,0.27604,0.17452,0.07078,0.05113,1156.353,1182.148,1096.261,766.552,212.067,70.648,471.317,364.934,263.599,117.608,13.547,3.349,81.9,57.811,39.009,16.174,1.464,0.263,0.797
12.5,2000,0.3,4.0,0.41139,0.31141,0.24247,0.15465,0.06439,0.0478,0.48241,0.36042,0.27811,0.17577,0.0713,0.05152,1141.485,1167.829,1083.811,758.635,210.05,69.975,469.601,363.679,262.795,117.324,13.526,3.345,81.065,57.229,38.628,16.024,1.451,0.26,0.865
15.0,2000,0.3,4.0,0.41613,0.31478,0.24498,0.15617,0.06503,0.0483,0.48739,0.36391,0.2807,0.17732,0.07194,0.05201,1123.399,1150.404,1068.653,748.992,207.594,69.155,467.481,362.128,261.801,116.973,13.5,3.34,80.048,56.52,38.165,15.841,1.435,0.257,0.945
17.5,2000,0.3,4.0,0.42185,0.31885,0.24801,0.158,0.0658,0.04888,0.4934,0.36813,0.28381,0.17919,0.07272,0.0526,1102.149,1129.917,1050.823,737.644,204.702,68.19,464.946,360.271,260.61,116.551,13.469,3.333,78.851,55.685,37.619,15.626,1.416,0.254,1.018
20.0,2000,0.3,4.0,0.42863,0.32365,0.25157,0.16016,0.0667,0.04958,0.50052,0.37311,0.28748,0.18139,0.07362,0.05331,1077.795,1106.424,1030.366,724.615,201.381,67.082,461.979,358.096,259.214,116.056,13.432,3.326,77.475,54.726,36.992,15.379,1.394,0.25,1.126
22.5,2000,0.3,4.0,0.43655,0.32925,0.25573,0.16267,0.06775,0.0504,0.50883,0.37892,0.29175,0.18394,0.07467,0.05414,1050.412,1079.987,1007.329,709.931,197.637,65.833,458.561,355.588,257.603,115.484,13.389,3.318,75.925,53.645,36.285,15.099,1.369,0.246,1.215
25.0,2000,0.3,4.0,0.44572,0.33572,0.26052,0.16555,0.06895,0.05133,0.51846,0.38563,0.29667,0.18687,0.07588,0.05507,1020.081,1050.679,981.769,693.626,193.477,64.445,454.672,352.731,255.766,114.831,13.34,3.308,74.202,52.443,35.499,14.789,1.342,0.241,1.265
27.5,2000,0.3,4.0,0.45626,0.34313,0.26599,0.16884,0.07032,0.0524,0.52953,0.39332,0.30231,0.19022,0.07726,0.05613,986.897,1018.58,953.75,675.733,188.911,62.921,450.285,349.504,253.688,114.091,13.284,3.297,72.311,51.123,34.636,14.448,1.312,0.235,1.314
30.0,2000,0.3,4.0,0.46834,0.35159,0.27222,0.17258,0.07187,0.0536,0.54221,0.4021,0.30872,0.19403,0.07883,0.05734,950.967,983.782,923.342,656.292,183.946,61.265,445.373,345.886,251.356,113.26,13.221,3.284,70.254,49.688,33.696,14.078,1.279,0.229,1.386
32.5,2000,0.3,4.0,0.48213,0.36122,0.2793,0.1768,0.07363,0.05498,0.5567,0.41208,0.316,0.19833,0.08059,0.05873,912.409,946.387,890.625,635.344,178.594,59.48,439.903,341.851,248.752,112.33,13.149,3.27,68.038,48.14,32.683,13.677,1.244,0.223,1.457
35.0,2000,0.3,4.0,0.49789,0.37217,0.28732,0.18158,0.0756,0.05651,0.57325,0.42344,0.32425,0.20319,0.08257,0.06026,871.354,906.506,855.683,612.938,172.864,57.57,433.838,337.371,245.857,111.295,13.068,3.253,65.666,46.482,31.597,13.248,1.206,0.216,1.51
37.5,2000,0.3,4.0,0.5159,0.38462,0.29641,0.18697,0.07782,0.05825,0.59217,0.43636,0.3336,0.20868,0.08481,0.06201,827.948,864.265,818.612,589.122,166.769,55.537,427.138,332.414,242.648,110.146,12.978,3.235,63.144,44.718,30.442,12.792,1.166,0.209,1.556
40.0,2000,0.3,4.0,0.53653,0.39881,0.30673,0.19305,0.08032,0.0602,0.61383,0.45108,0.34421,0.21488,0.08733,0.06397,782.355,819.801,779.516,563.952,160.32,53.388,419.754,326.942,239.101,108.873,12.877,3.214,60.477,42.853,29.218,12.308,1.124,0.201,1.631
42.5,2000,0.3,4.0,0.56024,0.41501,0.31847,0.19994,0.08314,0.06242,0.63873,0.46789,0.35628,0.2219,0.09017,0.06619,734.753,773.264,738.509,537.488,153.532,51.125,411.637,320.916,235.19,107.468,12.765,3.191,57.672,40.889,27.929,11.798,1.079,0.193,1.684
45.0,2000,0.3,4.0,0.58762,0.43361,0.33186,0.20776,0.08632,0.06492,0.66749,0.48718,0.37006,0.22986,0.09337,0.06869,685.344,724.824,695.716,509.792,146.418,48.755,402.725,314.288,230.881,105.916,12.639,3.165,54.737,38.831,26.578,11.263,1.032,0.184,1.69
47.5,2000,0.3,4.0,0.61946,0.45505,0.34723,0.21668,0.08992,0.06774,0.70093,0.50943,0.38587,0.23894,0.097,0.07152,634.35,674.667,651.276,480.934,138.994,46.282,392.955,307.008,226.14,104.208,12.499,3.135,51.678,36.685,25.167,10.704,0.983,0.175,1.74
50.0,2000,0.3,4.0,0.65676,0.47996,0.36496,0.22689,0.09402,0.07094,0.7401,0.53527,0.40411,0.24933,0.10112,0.07474,582.024,623.001,605.342,450.989,131.275,43.712,382.25,299.015,220.926,102.325,12.343,3.101,48.506,34.456,23.7,10.122,0.932,0.166,1.789
52.5,2000,0.3,4.0,0.7009,0.50914,0.38559,0.23868,0.0987,0.07462,0.78645,0.56554,0.42534,0.26134,0.10583,0.07844,528.647,570.062,558.083,420.038,123.278,41.05,370.527,290.244,215.194,100.253,12.168,3.063,45.229,32.15,22.179,9.518,0.879,0.157,1.827
55.0,2000,0.3,4.0,0.75376,0.54371,0.40984,0.25239,0.10409,0.07882,0.84197,0.6014,0.45027,0.2753,0.11126,0.08266,474.542,516.117,509.694,388.172,115.021,38.302,357.689,280.616,208.891,97.97,11.973,3.019,41.86,29.775,20.61,8.893,0.824,0.147,1.84
57.5,2000,0.3,4.0,0.818,0.58518,0.43865,0.26851,0.11034,0.08369,0.90944,0.64442,0.47992,0.29171,0.11754,0.08755,420.08,461.471,460.392,355.489,106.523,35.476,343.627,270.043,201.953,95.452,11.754,2.969,38.412,27.338,18.997,8.249,0.767,0.137,1.843
60.0,2000,0.3,4.0,0.89752,0.63575,0.47343,0.28772,0.11767,0.08938,0.99295,0.69689,0.51568,0.31127,0.12492,0.09325,365.692,406.481,410.434,322.103,97.806,32.579,328.215,258.422,194.31,92.675,11.509,2.912,34.899,24.849,17.344,7.587,0.709,0.126,1.941
62.5,2000,0.3,4.0,0.99816,0.69867,0.51614,0.31096,0.12637,0.09606,1.09865,0.76215,0.55962,0.33494,0.13368,0.09994,311.881,351.569,360.117,288.141,88.891,29.617,311.306,245.63,185.87,89.599,11.233,2.845,31.341,22.319,15.658,6.91,0.65,0.115,1.92
65.0,2000,0.3,4.0,1.12915,0.77891,0.56982,0.33965,0.13685,0.10406,1.23623,0.84539,0.61484,0.36415,0.14423,0.10797,259.248,297.241,309.802,253.756,79.803,26.6,292.731,231.523,176.531,86.187,10.921,2.768,27.759,19.762,13.947,6.218,0.589,0.104,1.972
67.5,2000,0.3,4.0,1.30587,0.88451,0.63921,0.37592,0.14972,0.11377,1.42183,0.95495,0.68622,0.40109,0.15718,0.11772,208.513,244.113,259.932,219.132,70.57,23.538,272.291,215.921,166.152,82.377,10.566,2.678,24.179,17.194,12.219,5.515,0.526,0.093,1.925
70.0,2000,0.3,4.0,1.55564,1.02933,0.7323,0.42331,0.16594,0.12583,1.68416,1.10519,0.78198,0.44934,0.1735,0.12984,160.551,192.955,211.07,184.5,61.226,20.441,249.76,198.615,154.567,78.1,10.16,2.572,20.633,14.636,10.485,4.804,0.463,0.082,2.02
72.5,2000,0.3,4.0,1.93146,1.23901,0.86338,0.48776,0.18703,0.14119,2.07887,1.32272,0.9168,0.51497,0.19473,0.14523,116.427,144.74,163.946,150.167,51.81,17.324,224.874,179.335,141.547,73.245,9.69,2.446,17.163,12.115,8.759,4.087,0.399,0.07,2.045
75.0,2000,0.3,4.0,2.54876,1.56657,1.06079,0.58055,0.21562,0.16157,2.72724,1.66253,1.11987,0.60947,0.2235,0.16573,77.434,100.713,119.536,116.556,42.375,14.204,197.361,157.774,126.802,67.667,9.137,2.295,13.82,9.664,7.063,3.37,0.334,0.059,2.047
77.5,2000,0.3,4.0,3.70348,2.13823,1.38835,0.72531,0.25688,0.19027,3.94007,2.2556,1.45682,0.75686,0.26503,0.19451,45.086,62.469,79.186,84.29,32.996,11.105,166.975,133.573,109.938,61.136,8.476,2.113,10.667,7.332,5.422,2.66,0.269,0.047,2.039
80.0,2000,0.3,4.0,6.36575,3.32838,2.02145,0.98083,0.32197,0.23404,6.73641,3.49032,2.10805,1.01706,0.33055,0.23838,20.995,31.975,44.757,54.345,23.794,8.067,133.649,106.425,90.474,53.303,7.661,1.888,7.782,5.178,3.876,1.969,0.204,0.035,2.14
10.0,2500,0.3,4.0,0.40182,0.30593,0.23908,0.153,0.06387,0.0474,0.47055,0.35373,0.27408,0.17392,0.07077,0.05111,1165.838,1188.107,1100.056,767.278,212.321,71.019,468.461,363.478,263.002,117.393,13.561,3.366,80.123,56.795,38.5,16.055,1.465,0.264,0.84
12.5,2500,0.3,4.0,0.40555,0.30861,0.24109,0.15422,0.06438,0.04779,0.47446,0.35651,0.27614,0.17517,0.07128,0.05152,1150.929,1173.767,1087.594,759.36,210.304,70.345,466.765,362.233,262.203,117.11,13.54,3.362,79.309,56.224,38.125,15.906,1.451,0.262,0.871
15.0,2500,0.3,4.0,0.4102,0.31193,0.24358,0.15574,0.06502,0.04829,0.47934,0.35996,0.2787,0.17671,0.07192,0.05201,1132.794,1156.315,1072.421,749.716,207.847,69.524,464.671,360.695,261.215,116.759,13.514,3.357,78.317,55.529,37.669,15.724,1.435,0.259,0.96
17.5,2500,0.3,4.0,0.41581,0.31595,0.24658,0.15756,0.06579,0.04888,0.48522,0.36412,0.28178,0.17857,0.07269,0.0526,1111.484,1135.797,1054.575,738.366,204.955,68.557,462.166,358.853,260.032,116.338,13.483,3.351,77.148,54.711,37.131,15.511,1.416,0.255,1.046
20.0,2500,0.3,4.0,0.42246,0.32069,0.25012,0.15971,0.06669,0.04958,0.49219,0.36904,0.28543,0.18076,0.0736,0.0533,1087.06,1112.266,1034.097,725.334,201.632,67.447,459.234,356.696,258.645,115.845,13.446,3.344,75.807,53.771,36.514,15.265,1.395,0.251,1.176
22.5,2500,0.3,4.0,0.43022,0.32622,0.25424,0.16221,0.06774,0.0504,0.50033,0.37477,0.28966,0.1833,0.07466,0.05413,1059.596,1085.786,1011.037,710.648,197.887,66.196,455.857,354.208,257.044,115.275,13.404,3.336,74.294,52.71,35.817,14.988,1.37,0.247,1.173
25.0,2500,0.3,4.0,0.4392,0.33261,0.25899,0.16508,0.06894,0.05132,0.50976,0.38139,0.29455,0.18623,0.07587,0.05506,1029.172,1056.428,985.451,694.34,193.727,64.806,452.013,351.374,255.218,114.624,13.355,3.326,72.613,51.532,35.043,14.681,1.343,0.242,1.276
27.5,2500,0.3,4.0,0.44953,0.33992,0.26442,0.16836,0.07031,0.0524,0.52059,0.38897,0.30013,0.18956,0.07725,0.05615,995.885,1024.274,957.401,676.443,189.159,63.279,447.677,348.172,253.153,113.886,13.299,3.316,70.768,50.238,34.192,14.342,1.313,0.237,1.35
30.0,2500,0.3,4.0,0.46135,0.34827,0.2706,0.17208,0.07186,0.0536,0.53299,0.39762,0.30649,0.19335,0.07881,0.05735,959.837,989.413,926.96,656.998,184.193,61.62,442.821,344.582,250.835,113.057,13.236,3.303,68.761,48.831,33.266,13.975,1.28,0.231,1.38
32.5,2500,0.3,4.0,0.47486,0.35777,0.27762,0.17629,0.07361,0.05497,0.54716,0.40747,0.3137,0.19764,0.08057,0.05871,921.147,951.947,894.203,636.046,178.839,59.832,437.413,340.578,248.246,112.129,13.164,3.289,66.598,47.313,32.268,13.577,1.245,0.224,1.439
35.0,2500,0.3,4.0,0.49028,0.36857,0.28557,0.18105,0.07558,0.05651,0.56333,0.41867,0.32188,0.20248,0.08256,0.06026,879.946,911.987,859.219,613.635,173.107,57.918,431.416,336.133,245.368,111.097,13.084,3.273,64.284,45.687,31.198,13.152,1.207,0.217,1.509
37.5,2500,0.3,4.0,0.50789,0.38085,0.29458,0.18641,0.07781,0.05825,0.58181,0.4314,0.33115,0.20795,0.0848,0.06201,836.378,869.659,822.1,589.814,167.01,55.881,424.789,331.212,242.178,109.95,12.995,3.255,61.822,43.958,30.06,12.699,1.167,0.21,1.573
40.0,2500,0.3,4.0,0.52806,0.39484,0.30481,0.19248,0.08031,0.06021,0.60296,0.4459,0.34166,0.21412,0.08731,0.06397,790.604,825.096,782.951,564.638,160.56,53.727,417.486,325.781,238.651,108.681,12.894,3.235,59.218,42.128,28.854,12.219,1.125,0.202,1.607
42.5,2500,0.3,4.0,0.55123,0.41081,0.31644,0.19934,0.08312,0.06242,0.62727,0.46246,0.35362,0.22111,0.09015,0.06619,742.803,778.452,741.885,538.166,153.769,51.46,409.455,319.798,234.762,107.279,12.782,3.212,56.48,40.202,27.584,11.713,1.08,0.194,1.684
45.0,2500,0.3,4.0,0.57798,0.42913,0.32971,0.20713,0.08631,0.06491,0.65532,0.48144,0.36726,0.22904,0.09335,0.0687,693.172,729.891,699.027,510.463,146.652,49.084,400.638,313.218,230.476,105.732,12.657,3.186,53.614,38.184,26.252,11.182,1.033,0.186,1.705
47.5,2500,0.3,4.0,0.60905,0.45025,0.34493,0.21601,0.0899,0.06774,0.68791,0.50334,0.38292,0.23807,0.09697,0.07154,641.934,679.6,654.513,481.596,139.225,46.605,390.969,305.989,225.761,104.028,12.517,3.157,50.627,36.078,24.862,10.627,0.984,0.177,1.745
50.0,2500,0.3,4.0,0.64543,0.47477,0.36249,0.22618,0.09401,0.07095,0.72608,0.52875,0.40097,0.24843,0.1011,0.07475,589.337,627.786,608.497,451.641,131.502,44.028,380.375,298.052,220.575,102.15,12.362,3.124,47.528,33.891,23.415,10.05,0.933,0.167,1.837
52.5,2500,0.3,4.0,0.68844,0.50348,0.38292,0.23791,0.09869,0.07461,0.77119,0.55852,0.42197,0.26037,0.10581,0.07844,535.66,574.681,561.147,420.679,123.502,41.359,368.771,289.341,214.874,100.083,12.188,3.086,44.327,31.629,21.916,9.45,0.88,0.158,1.78
55.0,2500,0.3,4.0,0.73991,0.53747,0.40691,0.25156,0.10407,0.07883,0.82518,0.59375,0.44664,0.27427,0.11123,0.08266,481.224,520.551,512.655,388.8,115.241,38.604,356.061,279.779,208.603,97.805,11.993,3.043,41.034,29.297,20.369,8.831,0.825,0.148,1.817
57.5,2500,0.3,4.0,0.8024,0.57822,0.43542,0.26761,0.11033,0.0837,0.89073,0.636,0.47595,0.29061,0.11752,0.08756,426.395,465.699,463.238,356.103,106.739,35.769,342.138,269.278,201.701,95.295,11.776,2.994,37.663,26.905,18.778,8.192,0.768,0.138,1.851
60.0,2500,0.3,4.0,0.87965,0.62789,0.4698,0.28672,0.11765,0.08938,0.97176,0.68748,0.51131,0.31007,0.1249,0.09324,371.598,410.479,413.149,322.7,98.016,32.861,326.875,257.735,194.098,92.524,11.532,2.937,34.228,24.462,17.149,7.535,0.71,0.127,1.882
62.5,2500,0.3,4.0,0.97729,0.68962,0.51202,0.30984,0.12634,0.09606,1.07418,0.75148,0.55471,0.33361,0.13364,0.09994,317.335,355.309,362.686,288.719,89.095,29.889,310.128,245.028,185.701,89.457,11.256,2.871,30.747,21.978,15.486,6.863,0.651,0.116,1.949
65.0,2500,0.3,4.0,1.10419,0.76828,0.56504,0.33838,0.13683,0.10406,1.20729,0.83301,0.60924,0.36267,0.1442,0.10797,264.201,300.69,312.204,254.311,80.0,26.859,291.727,231.013,176.409,86.054,10.946,2.795,27.241,19.466,13.798,6.177,0.59,0.105,1.983
67.5,2500,0.3,4.0,1.27505,0.87169,0.63355,0.37447,0.14969,0.11378,1.38652,0.94021,0.67968,0.39941,0.15714,0.11773,212.913,247.237,262.145,219.66,70.76,23.783,271.475,215.513,166.083,82.255,10.592,2.706,23.734,16.942,12.092,5.479,0.527,0.094,1.998
70.0,2500,0.3,4.0,1.516,1.01329,0.72539,0.42157,0.1659,0.12583,1.63928,1.08701,0.7741,0.44737,0.17345,0.12984,164.341,195.713,213.066,184.997,61.406,20.671,249.141,198.315,154.555,77.99,10.187,2.601,20.26,14.427,10.38,4.772,0.464,0.083,1.97
72.5,2500,0.3,4.0,1.87751,1.21801,0.85457,0.48564,0.18698,0.1412,2.0185,1.29922,0.90693,0.5126,0.19467,0.14524,119.553,147.088,165.694,150.626,51.979,17.536,224.462,179.154,141.597,73.15,9.719,2.476,16.856,11.946,8.676,4.061,0.4,0.071,2.01
75.0,2500,0.3,4.0,2.46912,1.5371,1.0489,0.57785,0.21556,0.16164,2.63912,1.63001,1.10674,0.60648,0.22344,0.16574,79.849,102.606,121.003,116.969,42.531,14.396,197.157,157.716,126.92,67.59,9.168,2.327,13.574,9.533,6.999,3.349,0.335,0.059,2.054
77.5,2500,0.3,4.0,3.57017,2.09239,1.37086,0.72159,0.25678,0.19028,3.79415,2.20567,1.43778,0.75283,0.26493,0.19454,46.767,63.868,80.332,84.645,33.137,11.273,166.966,133.637,110.124,61.079,8.509,2.145,10.475,7.235,5.376,2.644,0.27,0.048,2.05
80.0,2500,0.3,4.0,6.08975,3.24348,1.9917,0.97512,0.32186,0.23407,6.43735,3.399,2.07613,1.01096,0.33043,0.23845,21.971,32.865,45.551,54.629,23.914,8.207,133.798,106.597,90.724,53.27,7.697,1.921,7.637,5.111,3.846,1.958,0.205,0.036,2.131
10.0,3000,0.3,4.0,0.39639,0.30331,0.23778,0.15259,0.06386,0.04741,0.46313,0.35007,0.27222,0.17335,0.07075,0.05112,1174.912,1193.697,1103.503,767.944,212.553,71.337,465.727,362.062,262.392,117.182,13.573,3.382,78.406,55.815,38.008,15.942,1.465,0.265,0.841
12.5,3000,0.3,4.0,0.40006,0.30596,0.23977,0.15381,0.06437,0.0478,0.46696,0.35281,0.27427,0.17459,0.07127,0.05153,1159.966,1179.336,1091.031,760.025,210.536,70.663,464.051,360.827,261.598,116.899,13.552,3.378,77.611,55.255,37.639,15.794,1.452,0.263,0.926
15.0,3000,0.3,4.0,0.40461,0.30925,0.24224,0.15532,0.06501,0.0483,0.47174,0.35622,0.27681,0.17613,0.07191,0.05202,1141.784,1161.86,1075.845,750.379,208.078,69.84,461.981,359.301,260.616,116.549,13.527,3.373,76.643,54.574,37.189,15.614,1.436,0.26,0.958
17.5,3000,0.3,4.0,0.41012,0.31321,0.24522,0.15714,0.06577,0.04889,0.47751,0.36033,0.27987,0.17798,0.07268,0.05262,1120.417,1141.312,1057.984,739.027,205.185,68.873,459.505,357.474,259.44,116.13,13.496,3.367,75.503,53.771,36.659,15.402,1.417,0.257,1.03
20.0,3000,0.3,4.0,0.41664,0.3179,0.24874,0.15928,0.06667,0.04959,0.48434,0.36518,0.28348,0.18016,0.07358,0.05332,1095.928,1117.748,1037.489,725.993,201.862,67.761,456.606,355.333,258.061,115.638,13.459,3.36,74.193,52.849,36.05,15.158,1.395,0.253,1.108
22.5,3000,0.3,4.0,0.42425,0.32336,0.25283,0.16177,0.06772,0.0504,0.49232,0.37084,0.28769,0.1827,0.07464,0.05413,1068.387,1091.228,1014.408,711.305,198.116,66.508,453.267,352.864,256.469,115.069,13.417,3.352,72.717,51.809,35.363,14.883,1.371,0.248,1.173
25.0,3000,0.3,4.0,0.43306,0.32967,0.25754,0.16463,0.06892,0.05134,0.50154,0.37737,0.29253,0.18561,0.07585,0.05507,1037.877,1061.825,988.799,694.994,193.954,65.116,449.466,350.051,254.653,114.419,13.368,3.343,71.076,50.653,34.6,14.578,1.343,0.243,1.217
27.5,3000,0.3,4.0,0.44319,0.33689,0.26293,0.1679,0.0703,0.0524,0.51215,0.38486,0.29807,0.18893,0.07723,0.05614,1004.491,1029.618,960.723,677.095,189.385,63.588,445.178,346.873,252.6,113.684,13.313,3.332,69.275,49.384,33.762,14.242,1.313,0.238,1.288
30.0,3000,0.3,4.0,0.45478,0.34514,0.26906,0.17161,0.07185,0.05361,0.52429,0.3934,0.30437,0.19271,0.07879,0.05736,968.333,994.7,930.251,657.646,184.418,61.927,440.375,343.31,250.295,112.857,13.25,3.32,67.317,48.003,32.85,13.877,1.281,0.232,1.368
32.5,3000,0.3,4.0,0.46801,0.35452,0.27602,0.1758,0.0736,0.05498,0.53816,0.40311,0.31153,0.19698,0.08056,0.05872,929.519,957.169,897.461,636.69,179.062,60.136,435.024,339.335,247.72,111.932,13.179,3.306,65.205,46.514,31.865,13.483,1.246,0.225,1.407
35.0,3000,0.3,4.0,0.48311,0.36518,0.28391,0.18054,0.07557,0.05651,0.55398,0.41416,0.31964,0.2018,0.08254,0.06026,888.18,917.137,862.439,614.274,173.329,58.218,429.091,334.921,244.857,110.901,13.099,3.29,62.945,44.92,30.811,13.061,1.208,0.218,1.548
37.5,3000,0.3,4.0,0.50036,0.3773,0.29285,0.18589,0.07779,0.05826,0.57205,0.42671,0.32882,0.20725,0.08478,0.06202,844.459,874.727,825.278,590.448,167.23,56.179,422.534,330.035,241.684,109.758,13.009,3.273,60.541,43.223,29.688,12.611,1.168,0.211,1.516
40.0,3000,0.3,4.0,0.5201,0.3911,0.30299,0.19193,0.08029,0.06022,0.59273,0.44101,0.33925,0.2134,0.08729,0.06398,798.515,830.075,786.083,565.267,160.778,54.021,415.306,324.641,238.176,108.492,12.909,3.253,57.999,41.428,28.5,12.135,1.125,0.203,1.588
42.5,3000,0.3,4.0,0.54276,0.40685,0.31452,0.19877,0.08311,0.06242,0.61648,0.45733,0.3511,0.22036,0.09013,0.06618,750.525,783.33,744.964,538.789,153.985,51.75,407.358,318.7,234.306,107.094,12.798,3.23,55.325,39.538,27.248,11.633,1.081,0.195,1.664
45.0,3000,0.3,4.0,0.56891,0.42491,0.32767,0.20652,0.08629,0.06492,0.64387,0.47603,0.36462,0.22825,0.09333,0.06871,700.686,734.658,702.047,511.078,146.866,49.37,398.629,312.164,230.043,105.55,12.673,3.205,52.525,37.557,25.935,11.106,1.034,0.187,1.76
47.5,3000,0.3,4.0,0.59927,0.44572,0.34276,0.21537,0.08989,0.06774,0.67568,0.49759,0.38012,0.23725,0.09695,0.07154,649.217,684.244,657.469,482.204,139.436,46.886,389.057,304.984,225.352,103.85,12.534,3.176,49.607,35.491,24.564,10.555,0.985,0.178,1.734
50.0,3000,0.3,4.0,0.63479,0.46988,0.36016,0.22549,0.09399,0.07094,0.71289,0.52261,0.398,0.24756,0.10108,0.07476,596.364,632.292,611.38,452.24,131.71,44.304,378.565,297.099,220.192,101.976,12.379,3.143,46.579,33.344,23.137,9.982,0.934,0.169,1.817
52.5,3000,0.3,4.0,0.67675,0.49815,0.38039,0.23717,0.09867,0.07461,0.75686,0.5519,0.41879,0.25946,0.10579,0.07843,542.404,579.034,563.949,421.268,123.706,41.628,367.074,288.445,214.518,99.914,12.206,3.106,43.451,31.123,21.66,9.387,0.881,0.159,1.831
55.0,3000,0.3,4.0,0.72692,0.53159,0.40414,0.25076,0.10405,0.07883,0.80942,0.58654,0.4432,0.27329,0.11121,0.08267,487.654,524.733,515.365,389.377,115.441,38.867,354.485,278.945,208.278,97.642,12.012,3.064,40.232,28.834,20.134,8.771,0.826,0.149,1.915
57.5,3000,0.3,4.0,0.78777,0.57168,0.43236,0.26674,0.1103,0.08369,0.87318,0.62807,0.47221,0.28956,0.11749,0.08755,432.477,469.69,465.846,356.667,106.935,36.024,340.693,268.511,201.411,95.138,11.795,3.015,36.936,26.486,18.565,8.137,0.769,0.139,1.864
60.0,3000,0.3,4.0,0.86291,0.62049,0.46637,0.28577,0.11763,0.08937,0.9519,0.67863,0.50717,0.30892,0.12487,0.09324,377.294,414.256,415.642,323.249,98.207,33.109,325.572,257.041,193.844,92.374,11.552,2.959,33.576,24.085,16.957,7.485,0.711,0.128,1.869
62.5,3000,0.3,4.0,0.95777,0.68111,0.50812,0.30878,0.12631,0.09606,1.05129,0.74143,0.55008,0.33235,0.13361,0.09994,322.602,358.846,365.047,289.25,89.28,30.127,308.978,244.414,185.488,89.315,11.277,2.894,30.169,21.645,15.316,6.818,0.652,0.117,1.939
65.0,3000,0.3,4.0,1.08086,0.75829,0.56053,0.33718,0.13679,0.10407,1.18025,0.82138,0.60395,0.36126,0.14416,0.10798,268.992,303.957,314.416,254.822,80.18,27.088,290.743,230.487,176.241,85.921,10.968,2.819,26.736,19.176,13.65,6.137,0.591,0.106,1.965
67.5,3000,0.3,4.0,1.2463,0.85964,0.62821,0.37308,0.14966,0.11379,1.35359,0.92637,0.6735,0.39781,0.15711,0.11775,217.176,250.2,264.187,220.147,70.932,24.0,270.667,215.083,165.964,82.132,10.616,2.731,23.301,16.695,11.966,5.444,0.528,0.095,2.004
70.0,3000,0.3,4.0,1.47911,0.99827,0.71885,0.41993,0.16586,0.12584,1.59752,1.06998,0.76667,0.44551,0.17341,0.12982,168.022,198.333,214.913,185.455,61.57,20.875,248.523,197.99,154.491,77.879,10.212,2.627,19.896,14.222,10.276,4.743,0.465,0.083,1.976
72.5,3000,0.3,4.0,1.82743,1.19834,0.84627,0.48363,0.18693,0.14121,1.96248,1.27723,0.89762,0.51035,0.19462,0.14528,122.599,149.324,167.316,151.05,52.133,17.725,224.041,178.941,141.594,73.052,9.745,2.503,16.557,11.78,8.593,4.036,0.401,0.072,2.089
75.0,3000,0.3,4.0,2.39547,1.50956,1.03771,0.57527,0.21552,0.1616,2.55766,1.59963,1.09438,0.60364,0.2234,0.16572,82.212,104.416,122.367,117.35,42.673,14.567,196.936,157.622,126.981,67.508,9.197,2.354,13.334,9.405,6.935,3.329,0.336,0.06,2.026
77.5,3000,0.3,4.0,3.4475,2.04967,1.35442,0.71807,0.25673,0.1903,3.65997,2.15914,1.41989,0.74901,0.26488,0.1945,48.422,65.212,81.404,84.974,33.264,11.424,166.935,133.663,110.255,61.017,8.54,2.174,10.288,7.139,5.33,2.629,0.271,0.048,2.051
80.0,3000,0.3,4.0,5.83788,3.16471,1.96378,0.96974,0.32172,0.23413,6.16469,3.31428,2.0462,1.00521,0.33029,0.23857,22.94,33.725,46.298,54.892,24.024,8.333,133.921,106.73,90.919,53.231,7.729,1.951,7.497,5.044,3.816,1.947,0.206,0.037,2.038
10.0,3500,0.3,4.0,0.39127,0.30084,0.23655,0.1522,0.06385,0.04741,0.4561,0.3466,0.27046,0.1728,0.07073,0.05113,1183.611,1198.955,1106.641,768.556,212.768,71.608,463.106,360.688,261.772,116.974,13.585,3.395,76.743,54.869,37.531,15.835,1.465,0.266,0.833
12.5,3500,0.3,4.0,0.39486,0.30345,0.23852,0.15341,0.06436,0.04781,0.45987,0.34931,0.27249,0.17404,0.07125,0.05153,1168.629,1184.577,1094.159,760.635,210.75,70.933,461.449,359.461,260.983,116.692,13.564,3.391,75.967,54.32,37.167,15.688,1.452,0.264,0.93
15.0,3500,0.3,4.0,0.39934,0.3067,0.24098,0.15492,0.065,0.0483,0.46455,0.35267,0.27501,0.17557,0.07189,0.05202,1150.403,1167.078,1078.964,750.988,208.292,70.11,459.402,357.947,260.007,116.343,13.539,3.386,75.022,53.651,36.724,15.509,1.436,0.261,0.994
17.5,3500,0.3,4.0,0.40475,0.31062,0.24393,0.15673,0.06577,0.04889,0.47021,0.35673,0.27805,0.17742,0.07266,0.05262,1128.983,1146.503,1061.089,739.635,205.398,69.141,456.952,356.132,258.836,115.925,13.508,3.38,73.909,52.863,36.201,15.299,1.417,0.258,1.057
20.0,3500,0.3,4.0,0.41115,0.31526,0.24742,0.15887,0.06667,0.04958,0.47691,0.36153,0.28164,0.17959,0.07357,0.05332,1104.431,1122.907,1040.578,726.599,202.074,68.029,454.085,354.007,257.465,115.434,13.472,3.373,72.63,51.958,35.601,15.057,1.395,0.254,1.12
22.5,3500,0.3,4.0,0.41862,0.32066,0.25149,0.16135,0.06771,0.05039,0.48473,0.36712,0.28581,0.18212,0.07462,0.05412,1076.819,1096.35,1017.479,711.909,198.328,66.774,450.782,351.556,255.881,114.866,13.429,3.365,71.189,50.938,34.924,14.784,1.371,0.249,1.187
25.0,3500,0.3,4.0,0.42727,0.32689,0.25616,0.1642,0.06892,0.05133,0.49378,0.37357,0.29061,0.18502,0.07584,0.05506,1046.227,1066.905,991.849,695.595,194.165,65.381,447.022,348.763,254.075,114.219,13.381,3.356,69.587,49.804,34.171,14.481,1.344,0.244,1.239
27.5,3500,0.3,4.0,0.43721,0.33403,0.26151,0.16746,0.07028,0.0524,0.50418,0.38097,0.29611,0.18833,0.07721,0.05615,1012.747,1034.651,963.75,677.693,189.595,63.851,442.779,345.608,252.032,113.485,13.325,3.346,67.829,48.558,33.345,14.148,1.314,0.239,1.326
30.0,3500,0.3,4.0,0.44857,0.34218,0.2676,0.17115,0.07184,0.05361,0.51608,0.3894,0.30237,0.1921,0.07878,0.05736,976.485,999.679,933.251,658.241,184.626,62.188,438.026,342.069,249.739,112.66,13.263,3.334,65.916,47.203,32.445,13.785,1.281,0.233,1.393
32.5,3500,0.3,4.0,0.46155,0.35145,0.27451,0.17533,0.07359,0.05497,0.52966,0.39899,0.30947,0.19635,0.08054,0.05871,937.554,962.088,900.432,637.282,179.269,60.395,432.73,338.122,247.178,111.737,13.192,3.32,63.855,45.742,31.475,13.394,1.246,0.226,1.418
35.0,3500,0.3,4.0,0.47636,0.36198,0.28234,0.18006,0.07556,0.05652,0.54515,0.40989,0.31751,0.20116,0.08252,0.06027,896.085,921.989,865.376,614.862,173.535,58.475,426.857,333.737,244.329,110.709,13.112,3.305,61.647,44.177,30.435,12.975,1.208,0.219,1.54
37.5,3500,0.3,4.0,0.49326,0.37394,0.29121,0.18538,0.07778,0.05826,0.56284,0.42228,0.32662,0.20658,0.08476,0.06202,852.219,879.504,828.179,591.031,167.434,56.433,420.366,328.884,241.172,109.568,13.023,3.288,59.3,42.512,29.328,12.528,1.168,0.212,1.573
40.0,3500,0.3,4.0,0.51259,0.38756,0.30127,0.1914,0.08028,0.06021,0.58308,0.43638,0.33695,0.21271,0.08728,0.06397,806.114,834.769,788.941,565.845,160.98,54.273,413.21,323.526,237.681,108.305,12.924,3.268,56.817,40.75,28.156,12.055,1.126,0.204,1.626
42.5,3500,0.3,4.0,0.53479,0.40311,0.3127,0.19822,0.08309,0.06243,0.6063,0.45247,0.3487,0.21964,0.09011,0.06619,757.947,787.931,747.776,539.361,154.185,51.998,405.339,317.623,233.83,106.91,12.812,3.246,54.204,38.894,26.921,11.556,1.081,0.196,1.724
45.0,3500,0.3,4.0,0.56037,0.42092,0.32574,0.20594,0.08628,0.06492,0.63308,0.47091,0.3621,0.22751,0.09331,0.06871,707.91,739.156,704.808,511.644,147.063,49.615,396.694,311.129,229.586,105.37,12.688,3.221,51.469,36.95,25.626,11.033,1.034,0.188,1.683
47.5,3500,0.3,4.0,0.59006,0.44145,0.34069,0.21475,0.08988,0.06775,0.66415,0.49216,0.37746,0.23647,0.09693,0.07155,656.223,688.627,660.172,482.763,139.631,47.127,387.212,303.994,224.917,103.674,12.55,3.193,48.617,34.921,24.273,10.486,0.985,0.179,1.704
50.0,3500,0.3,4.0,0.62478,0.46526,0.35794,0.22484,0.09397,0.07095,0.70048,0.51681,0.39518,0.24674,0.10105,0.07474,603.127,636.548,614.018,452.791,131.902,44.541,376.819,296.158,219.781,101.804,12.395,3.16,45.658,32.814,22.866,9.917,0.934,0.169,1.85
52.5,3500,0.3,4.0,0.66576,0.49311,0.37799,0.23647,0.09865,0.07463,0.74337,0.54564,0.41578,0.25858,0.10576,0.07845,548.899,583.148,566.514,421.81,123.895,41.861,365.434,287.558,214.134,99.747,12.222,3.124,42.599,30.633,21.409,9.326,0.881,0.16,1.855
55.0,3500,0.3,4.0,0.71471,0.52605,0.40151,0.25001,0.10403,0.07884,0.79459,0.57974,0.43995,0.27236,0.11118,0.08267,493.852,528.688,517.85,389.908,115.627,39.094,352.96,278.116,207.923,97.48,12.029,3.082,39.452,28.385,19.903,8.715,0.826,0.15,1.915
57.5,3500,0.3,4.0,0.77403,0.5655,0.42945,0.26592,0.11028,0.08371,0.85668,0.62058,0.46865,0.28855,0.11747,0.08757,438.344,473.467,468.239,357.186,107.116,36.246,339.292,267.745,201.086,94.982,11.813,3.034,36.228,26.077,18.355,8.085,0.77,0.14,1.911
60.0,3500,0.3,4.0,0.84721,0.61351,0.46312,0.28486,0.11761,0.08937,0.93326,0.67028,0.50325,0.30784,0.12485,0.09324,382.794,417.834,417.931,323.754,98.384,33.323,324.305,256.345,193.554,92.225,11.571,2.978,32.94,23.719,16.768,7.438,0.712,0.129,1.904
62.5,3500,0.3,4.0,0.93946,0.67309,0.50443,0.30777,0.12629,0.09606,1.02981,0.73196,0.54568,0.33115,0.13358,0.09995,327.694,362.199,367.218,289.739,89.452,30.335,307.856,243.793,185.236,89.172,11.297,2.914,29.606,21.321,15.149,6.776,0.652,0.118,1.91
65.0,3500,0.3,4.0,1.05901,0.74888,0.55626,0.33603,0.13677,0.10408,1.15492,0.81041,0.59894,0.35992,0.14413,0.108,273.631,307.058,316.453,255.293,80.345,27.287,289.777,229.95,176.031,85.787,10.989,2.84,26.245,18.894,13.504,6.099,0.591,0.107,1.959
67.5,3500,0.3,4.0,1.21942,0.84831,0.62315,0.37175,0.14963,0.11377,1.32279,0.91334,0.66766,0.39628,0.15707,0.11773,221.311,253.016,266.07,220.596,71.091,24.19,269.87,214.636,165.801,82.007,10.637,2.752,22.879,16.454,11.842,5.411,0.529,0.096,1.977
70.0,3500,0.3,4.0,1.44466,0.98414,0.71268,0.41837,0.16583,0.12583,1.55852,1.05395,0.75964,0.44373,0.17338,0.12982,171.602,200.829,216.62,185.878,61.721,21.053,247.906,197.643,154.381,77.765,10.235,2.649,19.54,14.021,10.172,4.714,0.466,0.084,1.998
72.5,3500,0.3,4.0,1.78078,1.17986,0.83841,0.48172,0.18688,0.14119,1.91031,1.25657,0.88882,0.50821,0.19457,0.14527,125.57,151.459,168.82,151.441,52.275,17.891,223.613,178.701,141.541,72.952,9.769,2.526,16.265,11.618,8.509,4.012,0.402,0.073,2.032
75.0,3500,0.3,4.0,2.32709,1.48376,1.02714,0.57283,0.21547,0.16164,2.48208,1.57117,1.08271,0.60095,0.22334,0.16578,84.526,106.147,123.637,117.702,42.804,14.718,196.7,157.497,126.992,67.423,9.223,2.379,13.1,9.278,6.871,3.31,0.337,0.061,2.035
77.5,3500,0.3,4.0,3.33424,2.00974,1.3389,0.71472,0.25664,0.19026,3.53617,2.11568,1.40301,0.74539,0.26478,0.1945,50.051,66.503,82.405,85.278,33.382,11.558,166.882,133.654,110.332,60.95,8.567,2.199,10.107,7.045,5.283,2.615,0.272,0.049,2.071
80.0,3500,0.3,4.0,5.6071,3.09154,1.93751,0.96462,0.32162,0.23408,5.91503,3.2356,2.01802,0.99975,0.33016,0.23846,23.902,34.555,47.0,55.137,24.125,8.446,134.021,106.828,91.063,53.186,7.759,1.977,7.36,4.978,3.784,1.937,0.206,0.037,2.163
10.0,4000,0.3,4.0,0.38644,0.2985,0.23538,0.15192,0.06365,0.04741,0.44948,0.34332,0.26879,0.17233,0.07043,0.05113,1191.918,1203.895,1109.509,769.12,212.965,71.84,460.603,359.362,261.153,116.843,13.556,3.406,75.14,53.959,37.074,15.703,1.444,0.267,0.812
12.5,4000,0.3,4.0,0.38998,0.30109,0.23734,0.15313,0.06417,0.04781,0.45318,0.346,0.27081,0.17357,0.07095,0.05153,1176.902,1189.5,1097.02,761.199,210.947,71.163,458.963,358.144,260.367,116.561,13.536,3.402,74.382,53.42,36.715,15.558,1.431,0.265,0.899
15.0,4000,0.3,4.0,0.39438,0.30431,0.23978,0.15463,0.0648,0.04829,0.45778,0.34933,0.27331,0.1751,0.07159,0.05202,1158.634,1171.98,1081.814,751.551,208.488,70.34,456.938,356.64,259.396,116.213,13.51,3.397,73.459,52.764,36.277,15.381,1.415,0.262,0.958
17.5,4000,0.3,4.0,0.39969,0.30818,0.24271,0.15644,0.06557,0.04888,0.46333,0.35334,0.27633,0.17694,0.07236,0.0526,1137.165,1151.38,1063.928,740.196,205.594,69.37,454.514,354.838,258.231,115.795,13.48,3.391,72.372,51.99,35.762,15.172,1.397,0.258,1.014
20.0,4000,0.3,4.0,0.40598,0.31277,0.24618,0.15857,0.06646,0.04959,0.46991,0.35808,0.27989,0.1791,0.07326,0.05333,1112.554,1127.754,1043.403,727.159,202.269,68.257,451.677,352.728,256.867,115.304,13.443,3.385,71.124,51.102,35.17,14.932,1.375,0.255,1.079
22.5,4000,0.3,4.0,0.41333,0.31811,0.25021,0.16104,0.0675,0.0504,0.47759,0.36361,0.28403,0.18162,0.07431,0.05413,1084.874,1101.164,1020.288,712.466,198.522,67.002,448.408,350.293,255.291,114.737,13.401,3.377,69.716,50.1,34.502,14.662,1.351,0.25,1.204
25.0,4000,0.3,4.0,0.42182,0.32427,0.25486,0.16389,0.0687,0.05134,0.48647,0.36999,0.2888,0.18452,0.07552,0.05507,1054.205,1071.68,994.639,696.151,194.358,65.607,444.685,347.519,253.494,114.09,13.353,3.368,68.151,48.987,33.759,14.361,1.324,0.245,1.229
27.5,4000,0.3,4.0,0.43158,0.33134,0.26017,0.16713,0.07007,0.05241,0.49667,0.37729,0.29426,0.18782,0.07689,0.05615,1020.639,1039.382,966.519,678.246,189.787,64.076,440.485,344.385,251.461,113.357,13.298,3.358,66.433,47.764,32.944,14.031,1.295,0.24,1.291
30.0,4000,0.3,4.0,0.44274,0.33939,0.26622,0.17082,0.07161,0.05361,0.50834,0.38562,0.30047,0.19157,0.07844,0.05736,984.277,1004.36,935.997,658.791,184.818,62.412,435.779,340.869,249.179,112.533,13.235,3.346,64.565,46.434,32.056,13.671,1.263,0.234,1.393
32.5,4000,0.3,4.0,0.45548,0.34855,0.27308,0.17499,0.07336,0.05497,0.52165,0.3951,0.30751,0.19581,0.0802,0.05871,945.237,966.713,903.151,637.828,179.46,60.617,430.536,336.947,246.629,111.611,13.165,3.332,62.551,44.999,31.099,13.283,1.228,0.227,1.465
35.0,4000,0.3,4.0,0.47001,0.35896,0.28085,0.17969,0.07532,0.05651,0.53684,0.40586,0.31549,0.2006,0.08218,0.06026,903.645,926.552,868.066,615.405,173.723,58.696,424.719,332.591,243.794,110.584,13.085,3.317,60.395,43.462,30.073,12.868,1.191,0.22,1.489
37.5,4000,0.3,4.0,0.48659,0.37078,0.28965,0.18501,0.07753,0.05825,0.55417,0.41809,0.32453,0.20601,0.0844,0.06201,859.642,883.998,830.835,591.57,167.621,56.651,418.29,327.768,240.651,109.444,12.996,3.3,58.101,41.827,28.981,12.425,1.152,0.213,1.536
40.0,4000,0.3,4.0,0.50554,0.38423,0.29963,0.19101,0.08002,0.06021,0.57399,0.43201,0.33478,0.21212,0.08691,0.06398,813.387,839.185,791.56,566.379,161.165,54.489,411.201,322.443,237.175,108.182,12.897,3.281,55.674,40.096,27.824,11.956,1.11,0.205,1.593
42.5,4000,0.3,4.0,0.52729,0.39958,0.31098,0.1978,0.08283,0.06242,0.59672,0.44789,0.34643,0.21903,0.08973,0.06619,765.051,792.262,750.354,539.89,154.368,52.212,403.403,316.576,233.342,106.788,12.786,3.259,53.121,38.274,26.606,11.462,1.066,0.197,1.702
45.0,4000,0.3,4.0,0.55235,0.41717,0.32391,0.2055,0.08599,0.06493,0.62292,0.46609,0.35972,0.22686,0.09291,0.06872,714.829,743.392,707.339,512.168,147.245,49.826,394.837,310.121,229.117,105.249,12.662,3.235,50.447,36.365,25.328,10.943,1.019,0.189,1.715
47.5,4000,0.3,4.0,0.58142,0.43742,0.33874,0.21427,0.08958,0.06775,0.65331,0.48704,0.37495,0.2358,0.09652,0.07155,662.935,692.756,662.651,483.279,139.809,47.335,385.441,303.028,224.468,103.554,12.524,3.207,47.66,34.372,23.993,10.401,0.971,0.18,1.81
50.0,4000,0.3,4.0,0.61538,0.46091,0.35584,0.22432,0.09366,0.07096,0.68881,0.51134,0.39251,0.24602,0.10063,0.07476,609.612,640.558,616.439,453.3,132.078,44.745,375.14,295.239,219.354,101.686,12.37,3.175,44.766,32.302,22.605,9.837,0.921,0.17,1.79
52.5,4000,0.3,4.0,0.65544,0.48837,0.37571,0.23592,0.09832,0.07463,0.73069,0.53975,0.41292,0.25782,0.10532,0.07846,555.13,587.026,568.871,422.31,124.068,42.062,363.855,286.688,213.731,99.63,12.198,3.139,41.775,30.159,21.166,9.251,0.869,0.161,1.822
55.0,4000,0.3,4.0,0.70326,0.52083,0.39903,0.2494,0.10367,0.07882,0.78068,0.57333,0.43686,0.27155,0.11071,0.08267,499.801,532.418,520.133,390.399,115.797,39.29,351.489,277.301,207.547,97.366,12.005,3.097,38.697,27.95,19.68,8.645,0.815,0.151,1.88
57.5,4000,0.3,4.0,0.76115,0.55969,0.4267,0.26524,0.10989,0.0837,0.84121,0.61352,0.46529,0.28767,0.11696,0.08755,443.981,477.032,470.44,357.666,107.282,36.438,337.938,266.989,200.739,94.869,11.789,3.05,35.542,25.682,18.152,8.021,0.759,0.14,1.868
60.0,4000,0.3,4.0,0.8325,0.60695,0.46005,0.28411,0.11718,0.08938,0.91579,0.66242,0.49954,0.30687,0.12431,0.09326,388.084,421.213,420.038,324.221,98.546,33.51,323.078,255.654,193.239,92.115,11.548,2.995,32.325,23.365,16.586,7.379,0.702,0.13,1.887
62.5,4000,0.3,4.0,0.92233,0.66556,0.50094,0.30692,0.12582,0.09608,1.00971,0.72305,0.54153,0.33008,0.133,0.09998,332.598,365.37,369.22,290.192,89.61,30.515,306.766,243.174,184.957,89.066,11.275,2.932,29.06,21.006,14.987,6.722,0.643,0.119,1.912
65.0,4000,0.3,4.0,1.03859,0.74004,0.55223,0.33506,0.13625,0.10407,1.13124,0.80011,0.5942,0.35872,0.14349,0.10801,278.104,309.994,318.334,255.728,80.498,27.461,288.835,229.409,175.792,85.684,10.968,2.858,25.767,18.62,13.362,6.051,0.583,0.108,1.937
67.5,4000,0.3,4.0,1.19432,0.83767,0.61837,0.37061,0.14905,0.11377,1.29404,0.90111,0.66213,0.3949,0.15638,0.11771,225.307,255.686,267.812,221.011,71.237,24.356,269.088,214.181,165.606,81.908,10.618,2.771,22.469,16.22,11.72,5.369,0.522,0.096,2.0
70.0,4000,0.3,4.0,1.41256,0.97089,0.70685,0.41699,0.16516,0.12584,1.5222,1.03892,0.753,0.4421,0.17258,0.12984,175.068,203.198,218.201,186.269,61.86,21.21,247.294,197.282,154.235,77.672,10.217,2.669,19.195,13.825,10.071,4.678,0.459,0.085,2.074
72.5,4000,0.3,4.0,1.73744,1.16258,0.831,0.48,0.1861,0.14121,1.86185,1.23724,0.88051,0.50624,0.19366,0.14526,128.454,153.489,170.216,151.803,52.406,18.037,223.181,178.443,141.45,72.866,9.753,2.547,15.981,11.46,8.427,3.982,0.396,0.073,2.074
75.0,4000,0.3,4.0,2.26378,1.45964,1.01718,0.57059,0.21451,0.16166,2.41212,1.54457,1.07171,0.59843,0.22225,0.16577,86.781,107.799,124.818,118.029,42.925,14.852,196.453,157.348,126.962,67.346,9.208,2.401,12.873,9.155,6.807,3.286,0.332,0.061,2.065
77.5,4000,0.3,4.0,3.22977,1.97253,1.32429,0.7116,0.25548,0.19029,3.42203,2.07519,1.38713,0.74194,0.26348,0.19448,51.648,67.739,83.341,85.561,33.49,11.677,166.811,133.617,110.368,60.885,8.556,2.222,9.93,6.954,5.237,2.596,0.268,0.049,2.061
80.0,4000,0.3,4.0,5.39608,3.02348,1.91284,0.95976,0.32011,0.23412,5.68693,3.16247,1.99159,0.99449,0.32853,0.23845,24.851,35.355,47.659,55.364,24.217,8.547,134.098,106.895,91.164,53.136,7.752,2.001,7.228,4.914,3.753,1.923,0.204,0.037,1.837
10.0,4500,0.3,4.0,0.38188,0.29629,0.23426,0.15159,0.06366,0.04741,0.44322,0.34021,0.26721,0.17186,0.07044,0.05113,1199.866,1208.551,1112.138,769.643,213.15,72.035,458.21,358.084,260.534,116.672,13.569,3.415,73.592,53.083,36.635,15.596,1.446,0.268,0.782
12.5,4500,0.3,4.0,0.38536,0.29886,0.23622,0.1528,0.06417,0.0478,0.44685,0.34287,0.26921,0.17309,0.07096,0.05153,1184.818,1194.14,1099.641,761.721,211.131,71.358,456.587,356.875,259.752,116.391,13.548,3.411,72.852,52.554,36.28,15.452,1.433,0.266,0.91
15.0,4500,0.3,4.0,0.38969,0.30204,0.23864,0.1543,0.06481,0.0483,0.45137,0.34616,0.27169,0.17461,0.0716,0.05203,1166.511,1176.601,1084.427,752.071,208.672,70.534,454.581,355.381,258.785,116.043,13.523,3.407,71.95,51.909,35.848,15.276,1.417,0.263,0.948
17.5,4500,0.3,4.0,0.39492,0.30588,0.24156,0.1561,0.06557,0.04889,0.45683,0.35013,0.27469,0.17644,0.07236,0.05261,1144.995,1155.978,1066.53,740.715,205.777,69.564,452.182,353.591,257.627,115.626,13.492,3.401,70.888,51.15,35.34,15.069,1.398,0.259,1.047
20.0,4500,0.3,4.0,0.40111,0.31042,0.245,0.15823,0.06647,0.04958,0.46329,0.35482,0.27823,0.17861,0.07327,0.05331,1120.33,1132.325,1045.992,727.677,202.452,68.45,449.373,351.494,256.269,115.137,13.456,3.394,69.668,50.277,34.755,14.831,1.377,0.255,1.097
22.5,4500,0.3,4.0,0.40833,0.3157,0.24901,0.16069,0.06751,0.05041,0.47084,0.36028,0.28234,0.18112,0.07432,0.05414,1092.586,1105.703,1022.863,712.982,198.703,67.194,446.135,349.075,254.7,114.571,13.414,3.387,68.293,49.293,34.096,14.562,1.353,0.251,1.169
25.0,4500,0.3,4.0,0.41668,0.3218,0.25362,0.16353,0.06871,0.05134,0.47956,0.36659,0.28708,0.184,0.07552,0.05508,1061.843,1076.182,997.198,696.664,194.539,65.799,442.449,346.318,252.911,113.925,13.366,3.378,66.764,48.2,33.363,14.264,1.326,0.246,1.232
27.5,4500,0.3,4.0,0.42627,0.32879,0.2589,0.16676,0.07007,0.05241,0.48957,0.37381,0.2925,0.1873,0.07689,0.05614,1028.195,1043.844,969.059,678.757,189.967,64.267,438.289,343.203,250.887,113.192,13.311,3.368,65.085,46.998,32.558,13.936,1.296,0.24,1.339
30.0,4500,0.3,4.0,0.43724,0.33675,0.2649,0.17044,0.07161,0.05361,0.50103,0.38205,0.29866,0.19103,0.07844,0.05735,991.741,1008.776,938.516,659.3,184.996,62.601,433.628,339.71,248.615,112.37,13.248,3.356,63.26,45.692,31.682,13.579,1.264,0.234,1.342
32.5,4500,0.3,4.0,0.44975,0.34581,0.27171,0.17459,0.07336,0.05498,0.51409,0.39141,0.30565,0.19526,0.08021,0.05873,952.597,971.077,905.646,638.334,179.637,60.805,428.433,335.811,246.077,111.449,13.178,3.343,61.291,44.282,30.737,13.194,1.23,0.228,1.433
35.0,4500,0.3,4.0,0.46402,0.3561,0.27943,0.17929,0.07532,0.05652,0.52899,0.40205,0.31358,0.20004,0.08219,0.06027,910.889,930.858,870.534,615.907,173.9,58.882,422.671,331.481,243.253,110.424,13.099,3.328,59.184,42.773,29.725,12.781,1.193,0.221,1.51
37.5,4500,0.3,4.0,0.48029,0.36779,0.28817,0.18458,0.07754,0.05825,0.54599,0.41414,0.32255,0.20543,0.08441,0.06202,866.758,888.24,833.273,592.069,167.796,56.837,416.299,326.686,240.124,109.286,13.011,3.311,56.941,41.166,28.646,12.342,1.153,0.214,1.547
40.0,4500,0.3,4.0,0.4989,0.38109,0.29808,0.19056,0.08002,0.06021,0.56542,0.42788,0.33272,0.21151,0.08691,0.06398,820.359,843.355,793.965,566.873,161.338,54.672,409.274,321.392,236.663,108.026,12.911,3.292,54.57,39.466,27.505,11.876,1.111,0.206,1.605
42.5,4500,0.3,4.0,0.52023,0.39626,0.30934,0.19733,0.08283,0.06243,0.58769,0.44357,0.34428,0.2184,0.08974,0.06621,771.865,796.352,752.721,540.38,154.539,52.394,401.545,315.559,232.845,106.634,12.801,3.271,52.073,37.676,26.302,11.385,1.067,0.198,1.664
45.0,4500,0.3,4.0,0.5448,0.41363,0.32218,0.20501,0.086,0.06491,0.61335,0.46153,0.35746,0.22621,0.09292,0.06869,721.467,747.392,709.665,512.652,147.414,50.005,393.054,309.141,228.638,105.097,12.677,3.246,49.459,35.8,25.041,10.87,1.021,0.189,1.726
47.5,4500,0.3,4.0,0.57328,0.43363,0.33689,0.21375,0.08959,0.06775,0.64309,0.4822,0.37257,0.23511,0.09654,0.07154,669.378,696.657,664.93,483.757,139.976,47.512,383.738,302.088,224.008,103.405,12.54,3.219,46.733,33.842,23.723,10.332,0.973,0.18,1.742
50.0,4500,0.3,4.0,0.60653,0.45681,0.35385,0.22377,0.09366,0.07095,0.67782,0.50617,0.38998,0.2453,0.10063,0.07476,615.839,644.349,618.666,453.771,132.243,44.92,373.525,294.342,218.915,101.54,12.386,3.187,43.903,31.807,22.352,9.772,0.922,0.171,1.772
52.5,4500,0.3,4.0,0.64574,0.4839,0.37355,0.23532,0.09832,0.07463,0.71876,0.53418,0.41021,0.25706,0.10532,0.07845,561.117,590.694,571.039,422.774,124.23,42.233,362.333,285.838,213.314,99.487,12.214,3.152,40.977,29.701,20.931,9.19,0.87,0.161,1.867
55.0,4500,0.3,4.0,0.69249,0.51591,0.39667,0.24875,0.10368,0.07884,0.76759,0.56728,0.43394,0.27073,0.11072,0.08267,505.522,535.948,522.235,390.854,115.955,39.458,350.07,276.502,207.154,97.226,12.022,3.111,37.964,27.529,19.464,8.589,0.816,0.151,1.884
57.5,4500,0.3,4.0,0.74905,0.55421,0.4241,0.26454,0.1099,0.08371,0.82666,0.60687,0.4621,0.28679,0.11697,0.08756,449.406,480.408,472.468,358.111,107.438,36.602,336.629,266.246,200.374,94.734,11.807,3.064,34.877,25.3,17.955,7.969,0.76,0.141,1.86
60.0,4500,0.3,4.0,0.81868,0.60076,0.45714,0.28333,0.11719,0.0894,0.89937,0.655,0.49602,0.30591,0.12431,0.09326,393.18,424.416,421.982,324.654,98.697,33.67,321.888,254.972,192.904,91.984,11.566,3.01,31.727,23.021,16.408,7.331,0.703,0.13,1.892
62.5,4500,0.3,4.0,0.90626,0.65845,0.49763,0.30604,0.12583,0.09609,0.99084,0.71465,0.5376,0.32903,0.133,0.09997,337.326,368.377,371.067,290.612,89.757,30.67,305.706,242.559,184.655,88.94,11.294,2.947,28.53,20.702,14.829,6.679,0.644,0.119,1.935
65.0,4500,0.3,4.0,1.01945,0.73172,0.5484,0.33406,0.13626,0.10409,1.10905,0.7904,0.58972,0.35754,0.1435,0.108,282.423,312.78,320.071,256.132,80.639,27.611,287.916,228.867,175.527,85.564,10.988,2.874,25.304,18.354,13.224,6.013,0.584,0.108,1.987
67.5,4500,0.3,4.0,1.17083,0.82766,0.61384,0.36945,0.14905,0.1138,1.26714,0.8896,0.6569,0.39355,0.15638,0.11776,229.171,258.223,269.423,221.397,71.373,24.499,268.32,213.721,165.383,81.795,10.638,2.788,22.071,15.993,11.602,5.335,0.523,0.097,1.995
70.0,4500,0.3,4.0,1.38258,0.95842,0.70133,0.41561,0.16517,0.12583,1.48828,1.02479,0.74672,0.44052,0.17261,0.12981,178.427,205.453,219.666,186.633,61.989,21.347,246.689,196.911,154.059,77.567,10.239,2.686,18.86,13.635,9.971,4.649,0.461,0.085,2.031
72.5,4500,0.3,4.0,1.69704,1.14633,0.82401,0.47832,0.18611,0.14121,1.81669,1.21908,0.87267,0.50433,0.19367,0.14528,131.257,155.426,171.512,152.14,52.527,18.165,222.748,178.17,141.327,72.771,9.776,2.565,15.705,11.306,8.346,3.958,0.397,0.074,2.042
75.0,4500,0.3,4.0,2.20491,1.43703,1.00777,0.56842,0.21454,0.16167,2.3471,1.51964,1.06133,0.59602,0.22227,0.16581,88.981,109.378,125.919,118.333,43.037,14.969,196.195,157.18,126.897,67.263,9.233,2.42,12.652,9.035,6.745,3.266,0.333,0.062,2.048
77.5,4500,0.3,4.0,3.13316,1.93771,1.31053,0.70861,0.25549,0.19029,3.31656,2.0373,1.37217,0.73867,0.2635,0.19453,53.213,68.925,84.215,85.824,33.59,11.782,166.725,133.557,110.366,60.816,8.582,2.242,9.759,6.864,5.191,2.58,0.269,0.05,2.092
80.0,4500,0.3,4.0,5.20186,2.96008,1.88964,0.95516,0.32008,0.23414,5.47712,3.09436,1.96671,0.98956,0.32852,0.23854,25.79,36.126,48.278,55.576,24.303,8.636,134.156,106.936,91.228,53.084,7.779,2.022,7.099,4.851,3.721,1.912,0.205,0.038,2.042
10.0,5000,0.3,4.0,0.3776,0.29421,0.23321,0.15128,0.06366,0.04741,0.43732,0.33729,0.2657,0.1714,0.07044,0.05114,1207.441,1212.931,1114.554,770.128,213.319,72.199,455.93,356.86,259.923,116.507,13.58,3.423,72.105,52.245,36.216,15.496,1.447,0.269,0.809
12.5,5000,0.3,4.0,0.38103,0.29675,0.23515,0.15249,0.06417,0.0478,0.44089,0.33991,0.26769,0.17263,0.07096,0.05152,1192.364,1198.505,1102.051,762.205,211.3,71.523,454.322,355.658,259.145,116.226,13.559,3.419,71.381,51.725,35.866,15.352,1.434,0.266,0.856
15.0,5000,0.3,4.0,0.38529,0.29991,0.23756,0.15398,0.06481,0.0483,0.44534,0.34317,0.27016,0.17415,0.0716,0.05202,1174.02,1180.948,1086.829,752.554,208.841,70.698,452.336,354.173,258.182,115.879,13.534,3.415,70.5,51.091,35.44,15.178,1.418,0.263,0.979
17.5,5000,0.3,4.0,0.39043,0.30371,0.24046,0.15578,0.06557,0.04889,0.45071,0.3471,0.27314,0.17598,0.07237,0.05262,1152.459,1160.304,1068.922,741.197,205.945,69.728,449.96,352.394,257.028,115.462,13.504,3.409,69.462,50.345,34.937,14.972,1.4,0.26,1.088
20.0,5000,0.3,4.0,0.39652,0.3082,0.24388,0.1579,0.06647,0.04958,0.45706,0.35174,0.27665,0.17813,0.07327,0.05331,1127.742,1136.625,1048.373,728.157,202.62,68.613,447.177,350.31,255.676,114.974,13.468,3.402,68.269,49.487,34.36,14.735,1.378,0.256,1.133
22.5,5000,0.3,4.0,0.40363,0.31344,0.24786,0.16036,0.06751,0.0504,0.46448,0.35715,0.28074,0.18064,0.07432,0.05413,1099.938,1109.974,1025.231,713.461,198.871,67.357,443.97,347.905,254.114,114.409,13.426,3.395,66.924,48.52,33.709,14.469,1.354,0.251,1.221
25.0,5000,0.3,4.0,0.41185,0.31947,0.25245,0.16319,0.06871,0.05133,0.47305,0.36339,0.28545,0.18352,0.07552,0.05506,1069.128,1080.42,999.551,697.141,194.706,65.96,440.318,345.165,252.333,113.764,13.378,3.386,65.43,47.446,32.986,14.172,1.327,0.246,1.253
27.5,5000,0.3,4.0,0.42128,0.32639,0.25769,0.16641,0.07007,0.0524,0.48289,0.37053,0.29083,0.1868,0.0769,0.05614,1035.401,1048.043,971.395,679.232,190.133,64.428,436.195,342.068,250.317,113.033,13.323,3.376,63.789,46.265,32.191,13.846,1.298,0.241,1.283
30.0,5000,0.3,4.0,0.43207,0.33427,0.26365,0.17008,0.07162,0.05362,0.49414,0.37868,0.29695,0.19052,0.07846,0.05736,998.861,1012.932,940.833,659.772,185.161,62.761,431.576,338.595,248.055,112.211,13.261,3.365,62.004,44.981,31.326,13.492,1.266,0.235,1.336
32.5,5000,0.3,4.0,0.44437,0.34324,0.27042,0.17422,0.07336,0.05498,0.50698,0.38794,0.3039,0.19474,0.08021,0.05874,959.619,975.186,907.941,638.804,179.801,60.964,426.428,334.719,245.527,111.292,13.191,3.352,60.079,43.596,30.392,13.109,1.231,0.229,1.407
35.0,5000,0.3,4.0,0.45839,0.35342,0.27809,0.1789,0.07533,0.05652,0.52161,0.39846,0.31176,0.1995,0.08219,0.06028,917.803,934.913,872.805,616.374,174.062,59.04,420.715,330.413,242.715,110.269,13.112,3.337,58.018,42.112,29.392,12.7,1.194,0.222,1.505
37.5,5000,0.3,4.0,0.47438,0.36498,0.28677,0.18418,0.07754,0.05825,0.53829,0.41041,0.32067,0.20488,0.08441,0.06201,873.55,892.234,835.517,592.532,167.957,56.994,414.399,325.645,239.598,109.132,13.024,3.32,55.825,40.533,28.327,12.263,1.154,0.214,1.557
40.0,5000,0.3,4.0,0.49265,0.37813,0.2966,0.19014,0.08003,0.06022,0.55735,0.42399,0.33077,0.21094,0.08692,0.064,827.017,847.283,796.178,567.332,161.497,54.828,407.433,320.38,236.15,107.874,12.925,3.302,53.506,38.862,27.2,11.801,1.113,0.207,1.614
42.5,5000,0.3,4.0,0.5136,0.39312,0.30779,0.19689,0.08283,0.06242,0.5792,0.43949,0.34224,0.21781,0.08974,0.06619,778.373,800.205,754.901,540.835,154.697,52.548,399.769,314.579,232.348,106.484,12.814,3.28,51.064,37.102,26.012,11.313,1.069,0.198,1.711
45.0,5000,0.3,4.0,0.53771,0.41029,0.32053,0.20454,0.086,0.06491,0.60435,0.45723,0.35532,0.22559,0.09293,0.0687,727.81,751.163,711.807,513.101,147.57,50.158,391.348,308.194,228.156,104.95,12.691,3.256,48.506,35.257,24.766,10.802,1.022,0.19,1.7
47.5,5000,0.3,4.0,0.56564,0.43005,0.33513,0.21326,0.08959,0.06775,0.63349,0.47764,0.37031,0.23446,0.09654,0.07154,675.537,700.336,667.03,484.201,140.13,47.663,382.109,301.179,223.544,103.26,12.554,3.229,45.839,33.332,23.464,10.267,0.974,0.181,1.738
50.0,5000,0.3,4.0,0.59823,0.45294,0.35196,0.22324,0.09366,0.07096,0.6675,0.5013,0.38758,0.24462,0.10064,0.07478,621.794,647.925,620.719,454.209,132.395,45.068,371.977,293.473,218.47,101.398,12.4,3.198,43.07,31.331,22.11,9.71,0.924,0.172,1.795
52.5,5000,0.3,4.0,0.63663,0.4797,0.37151,0.23475,0.09832,0.07464,0.70756,0.52894,0.40765,0.25633,0.10532,0.07846,566.847,594.154,573.038,423.204,124.379,42.379,360.874,285.013,212.891,99.348,12.229,3.163,40.206,29.26,20.707,9.133,0.871,0.162,1.88
55.0,5000,0.3,4.0,0.6824,0.51128,0.39444,0.24814,0.10369,0.07883,0.75531,0.56158,0.43117,0.26995,0.11072,0.08267,511.001,539.28,524.175,391.277,116.101,39.602,348.706,275.725,206.754,97.091,12.038,3.122,37.258,27.125,19.257,8.535,0.817,0.152,1.901
57.5,5000,0.3,4.0,0.73772,0.54906,0.42164,0.26387,0.1099,0.08372,0.81302,0.60061,0.45909,0.28595,0.11698,0.08758,454.605,483.596,474.339,358.524,107.58,36.742,335.37,265.521,199.999,94.602,11.823,3.076,34.234,24.932,17.766,7.919,0.762,0.142,1.857
60.0,5000,0.3,4.0,0.80575,0.59495,0.45438,0.28258,0.11719,0.08939,0.884,0.64803,0.4927,0.305,0.12432,0.09326,398.067,427.442,423.777,325.057,98.837,33.807,320.742,254.305,192.557,91.856,11.583,3.022,31.149,22.69,16.238,7.286,0.704,0.131,1.877
62.5,5000,0.3,4.0,0.89123,0.65178,0.49451,0.30521,0.12584,0.09609,0.97318,0.70676,0.53388,0.32802,0.13303,0.09999,341.866,371.221,372.774,291.002,89.892,30.804,304.681,241.955,184.34,88.817,11.312,2.96,28.017,20.408,14.677,6.638,0.646,0.12,1.928
65.0,5000,0.3,4.0,1.00156,0.7239,0.54479,0.33312,0.13626,0.10408,1.08829,0.78128,0.58549,0.35641,0.14351,0.10801,286.576,315.418,321.678,256.508,80.77,27.739,287.024,228.332,175.247,85.447,11.006,2.887,24.855,18.098,13.091,5.976,0.585,0.109,2.001
67.5,5000,0.3,4.0,1.14891,0.81827,0.60957,0.36836,0.14905,0.1138,1.24202,0.87878,0.65197,0.39227,0.15638,0.11774,232.892,260.627,270.915,221.755,71.498,24.623,267.571,213.262,165.141,81.685,10.657,2.802,21.685,15.773,11.487,5.303,0.524,0.097,2.032
70.0,5000,0.3,4.0,1.35463,0.94674,0.69612,0.41431,0.16518,0.12584,1.45665,1.01154,0.7408,0.43903,0.17262,0.12985,181.669,207.593,221.025,186.971,62.108,21.464,246.094,196.537,153.861,77.464,10.259,2.701,18.535,13.452,9.875,4.621,0.462,0.086,2.011
72.5,5000,0.3,4.0,1.65946,1.13112,0.8174,0.47672,0.18612,0.14123,1.77469,1.20206,0.86527,0.50252,0.19368,0.14528,133.969,157.267,172.717,152.453,52.639,18.275,222.316,177.888,141.179,72.677,9.797,2.581,15.438,11.156,8.268,3.934,0.398,0.074,2.002
75.0,5000,0.3,4.0,2.15033,1.41588,0.99891,0.56637,0.21454,0.16163,2.28684,1.49631,1.05156,0.59374,0.22228,0.16575,91.117,110.883,126.943,118.616,43.139,15.071,195.932,156.997,126.805,67.18,9.255,2.436,12.438,8.918,6.683,3.247,0.334,0.062,2.026
77.5,5000,0.3,4.0,3.04393,1.90525,1.29758,0.70577,0.2555,0.19033,3.21918,2.00198,1.35809,0.73559,0.26352,0.19454,54.74,70.058,85.032,86.07,33.683,11.874,166.625,133.478,110.336,60.746,8.606,2.26,9.593,6.777,5.145,2.566,0.27,0.05,2.068
80.0,5000,0.3,4.0,5.02381,2.90118,1.86782,0.95082,0.32007,0.23408,5.28493,3.03111,1.94335,0.9849,0.32848,0.23844,26.712,36.866,48.859,55.774,24.382,8.715,134.196,106.955,91.26,53.031,7.804,2.04,6.975,4.79,3.69,1.901,0.205,0.038,1.803
10.0,5500,0.3,4.0,0.37356,0.29225,0.2322,0.15099,0.06366,0.0474,0.43174,0.33451,0.26427,0.17097,0.07045,0.05112,1214.676,1217.068,1116.787,770.579,213.479,72.339,453.754,355.687,259.321,116.347,13.59,3.429,70.673,51.44,35.817,15.401,1.449,0.269,0.824
12.5,5500,0.3,4.0,0.37694,0.29476,0.23413,0.15219,0.06417,0.04781,0.43526,0.33711,0.26625,0.17219,0.07096,0.05153,1199.571,1202.629,1104.278,762.656,211.46,71.662,452.162,354.492,258.546,116.067,13.57,3.426,69.965,50.929,35.472,15.258,1.436,0.267,0.871
15.0,5500,0.3,4.0,0.38114,0.29789,0.23652,0.15368,0.06481,0.04829,0.43964,0.34034,0.26871,0.17371,0.0716,0.05202,1181.192,1185.054,1089.048,753.004,209.0,70.837,450.194,353.016,257.587,115.72,13.545,3.421,69.103,50.306,35.05,15.085,1.42,0.264,0.984
17.5,5500,0.3,4.0,0.3862,0.30166,0.23941,0.15547,0.06557,0.04889,0.44492,0.34423,0.27167,0.17553,0.07237,0.05262,1159.59,1164.39,1071.133,741.646,206.104,69.866,447.839,351.247,256.438,115.304,13.514,3.416,68.088,49.572,34.554,14.88,1.401,0.26,1.037
20.0,5500,0.3,4.0,0.3922,0.30611,0.24281,0.15758,0.06647,0.04958,0.45117,0.34883,0.27516,0.17768,0.07328,0.05331,1134.823,1140.688,1050.574,728.604,202.778,68.751,445.081,349.175,255.091,114.817,13.479,3.409,66.922,48.729,33.984,14.645,1.38,0.256,1.111
22.5,5500,0.3,4.0,0.3992,0.31129,0.24677,0.16004,0.06751,0.0504,0.45847,0.35418,0.27922,0.18018,0.07433,0.05414,1106.963,1114.009,1027.42,713.907,199.028,67.494,441.902,346.784,253.535,114.252,13.437,3.402,65.606,47.778,33.34,14.38,1.356,0.252,1.195
25.0,5500,0.3,4.0,0.40729,0.31727,0.25133,0.16286,0.06871,0.05133,0.4669,0.36036,0.2839,0.18305,0.07553,0.05507,1076.088,1084.424,1001.726,697.585,194.862,66.098,438.282,344.059,251.761,113.608,13.389,3.393,64.145,46.721,32.625,14.086,1.329,0.247,1.256
27.5,5500,0.3,4.0,0.41658,0.32412,0.25654,0.16608,0.07007,0.0524,0.47658,0.36743,0.28924,0.18633,0.0769,0.05613,1042.289,1052.012,973.554,679.674,190.289,64.564,434.195,340.98,249.754,112.879,13.334,3.383,62.54,45.561,31.84,13.762,1.299,0.241,1.311
30.0,5500,0.3,4.0,0.4272,0.33193,0.26247,0.16973,0.07162,0.05361,0.48765,0.37549,0.29533,0.19004,0.07846,0.05735,1005.666,1016.86,942.974,660.212,185.316,62.897,429.616,337.525,247.5,112.058,13.272,3.372,60.794,44.298,30.985,13.41,1.267,0.235,1.347
32.5,5500,0.3,4.0,0.4393,0.3408,0.26919,0.17386,0.07336,0.05498,0.50026,0.38466,0.30223,0.19425,0.08021,0.05872,966.333,979.069,910.063,639.241,179.954,61.099,424.511,333.67,244.981,111.141,13.202,3.359,58.911,42.936,30.063,13.03,1.232,0.229,1.417
35.0,5500,0.3,4.0,0.4531,0.35088,0.27681,0.17853,0.07533,0.05653,0.51464,0.39506,0.31004,0.19899,0.08219,0.06028,924.413,938.746,874.905,616.808,174.215,59.175,418.847,329.387,242.18,110.118,13.124,3.345,56.895,41.477,29.075,12.622,1.195,0.222,1.52
37.5,5500,0.3,4.0,0.46882,0.36232,0.28543,0.1838,0.07755,0.05826,0.53103,0.40688,0.31889,0.20435,0.08442,0.06202,880.047,896.011,837.592,592.963,168.108,57.127,412.582,324.645,239.075,108.984,13.036,3.328,54.749,39.924,28.023,12.189,1.156,0.215,1.567
40.0,5500,0.3,4.0,0.48678,0.37533,0.2952,0.18974,0.08003,0.06023,0.54975,0.42032,0.32891,0.2104,0.08692,0.06399,833.387,850.997,798.226,567.76,161.647,54.96,405.673,319.406,235.64,107.727,12.937,3.31,52.48,38.281,26.908,11.729,1.114,0.207,1.64
42.5,5500,0.3,4.0,0.50735,0.39017,0.30631,0.19647,0.08284,0.06243,0.57119,0.43563,0.34031,0.21724,0.08975,0.06621,784.602,803.85,756.918,541.258,154.846,52.679,398.069,313.635,231.851,106.34,12.827,3.289,50.09,36.55,25.735,11.245,1.07,0.199,1.694
45.0,5500,0.3,4.0,0.53103,0.40714,0.31897,0.2041,0.086,0.06493,0.59587,0.45316,0.35329,0.225,0.09294,0.06871,733.882,754.73,713.789,513.52,147.716,50.287,389.714,307.282,227.675,104.807,12.704,3.265,47.587,34.735,24.503,10.737,1.024,0.19,1.658
47.5,5500,0.3,4.0,0.55845,0.42668,0.33346,0.21279,0.08959,0.06775,0.62445,0.47334,0.36817,0.23385,0.09654,0.07154,681.437,703.817,668.974,484.615,140.275,47.791,380.546,300.302,223.079,103.12,12.567,3.238,44.977,32.842,23.217,10.205,0.975,0.181,1.777
50.0,5500,0.3,4.0,0.59042,0.4493,0.35017,0.22274,0.09366,0.07096,0.65778,0.4967,0.38531,0.24397,0.10064,0.07476,627.501,651.309,622.619,454.617,132.537,45.195,370.492,292.633,218.023,101.26,12.414,3.207,42.266,30.874,21.879,9.652,0.925,0.172,1.791
52.5,5500,0.3,4.0,0.62808,0.47573,0.36957,0.23421,0.09832,0.07463,0.69702,0.524,0.40522,0.25564,0.10533,0.07844,572.34,597.431,574.89,423.606,124.519,42.504,359.473,284.215,212.464,99.214,12.243,3.172,39.462,28.836,20.491,9.078,0.873,0.162,1.835
55.0,5500,0.3,4.0,0.67291,0.50692,0.39232,0.24755,0.10369,0.07884,0.74376,0.5562,0.42855,0.26922,0.11074,0.08267,516.256,542.437,525.972,391.671,116.239,39.724,347.396,274.971,206.348,96.959,12.053,3.132,36.575,26.735,19.059,8.485,0.819,0.152,1.873
57.5,5500,0.3,4.0,0.72707,0.5442,0.4193,0.26323,0.10991,0.08372,0.8002,0.59471,0.45623,0.28516,0.11699,0.08757,459.596,486.618,476.075,358.909,107.715,36.863,334.157,264.817,199.617,94.474,11.839,3.086,33.613,24.578,17.585,7.873,0.763,0.142,1.851
60.0,5500,0.3,4.0,0.79361,0.58947,0.45177,0.28188,0.1172,0.08937,0.86956,0.64145,0.48955,0.30414,0.12432,0.09324,402.763,430.312,425.442,325.432,98.968,33.925,319.636,253.654,192.202,91.732,11.599,3.032,30.591,22.371,16.074,7.244,0.705,0.131,1.901
62.5,5500,0.3,4.0,0.87713,0.64549,0.49154,0.30442,0.12584,0.09609,0.95661,0.69932,0.53036,0.32707,0.13303,0.09997,346.233,373.92,374.36,291.366,90.019,30.918,303.69,241.363,184.014,88.697,11.328,2.971,27.521,20.125,14.531,6.599,0.647,0.12,1.946
65.0,5500,0.3,4.0,0.9848,0.71654,0.54136,0.33221,0.13627,0.10409,1.06884,0.77269,0.58148,0.35535,0.14351,0.10801,290.576,317.923,323.172,256.858,80.893,27.85,286.158,227.806,174.954,85.332,11.023,2.899,24.421,17.85,12.963,5.942,0.586,0.109,1.978
67.5,5500,0.3,4.0,1.12838,0.80942,0.60552,0.36732,0.14906,0.11379,1.2185,0.86861,0.6473,0.39106,0.15639,0.11775,236.481,262.913,272.303,222.09,71.616,24.73,266.841,212.808,164.885,81.577,10.675,2.814,21.312,15.561,11.377,5.273,0.525,0.098,1.994
70.0,5500,0.3,4.0,1.32851,0.93576,0.6912,0.41307,0.16519,0.12585,1.4271,0.99908,0.7352,0.43761,0.17263,0.12983,184.801,209.63,222.291,187.286,62.22,21.566,245.51,196.163,153.647,77.363,10.278,2.714,18.22,13.274,9.782,4.595,0.463,0.086,2.067
72.5,5500,0.3,4.0,1.62442,1.11684,0.81116,0.4752,0.18613,0.14126,1.73554,1.18609,0.85828,0.50082,0.19369,0.14534,136.595,159.021,173.84,152.745,52.743,18.371,221.887,177.601,141.012,72.584,9.817,2.595,15.179,11.012,8.192,3.913,0.399,0.075,2.024
75.0,5500,0.3,4.0,2.09957,1.39606,0.99054,0.56442,0.21454,0.16168,2.23081,1.47445,1.04233,0.59158,0.22229,0.16583,93.192,112.32,127.901,118.88,43.236,15.16,195.663,156.806,126.691,67.098,9.276,2.451,12.231,8.804,6.624,3.229,0.335,0.063,2.038
77.5,5500,0.3,4.0,2.9613,1.87486,1.28537,0.7031,0.2555,0.19031,3.12906,1.96892,1.34483,0.73267,0.2635,0.19458,56.23,71.144,85.797,86.299,33.769,11.954,166.514,133.385,110.281,60.677,8.628,2.275,9.433,6.692,5.101,2.552,0.27,0.051,2.049
80.0,5500,0.3,4.0,4.85991,2.84629,1.84734,0.94671,0.32004,0.23406,5.10815,2.97216,1.9214,0.9805,0.32847,0.2385,27.618,37.578,49.405,55.959,24.456,8.784,134.221,106.958,91.268,52.977,7.827,2.056,6.856,4.73,3.659,1.891,0.206,0.039,1.809
10.0,0,0.7,2.0,1.03971,0.78571,0.60727,0.37942,0.15436,0.11353,1.18033,0.88516,0.68113,0.42359,0.16926,0.1212,701.072,778.2,772.98,599.289,188.246,63.781,728.914,611.443,469.405,227.38,29.058,7.241,98.583,77.391,57.096,26.474,2.804,0.489,0.888
12.5,0,0.7,2.0,1.05125,0.79369,0.61303,0.38271,0.15564,0.1145,1.19266,0.89358,0.68716,0.42699,0.17055,0.12217,689.05,765.978,761.878,591.828,186.264,63.118,724.362,607.95,467.053,226.499,28.991,7.227,97.44,76.516,56.478,26.206,2.777,0.484,0.919
15.0,0,0.7,2.0,1.06567,0.80364,0.62021,0.3868,0.15724,0.11571,1.20807,0.90409,0.69467,0.43122,0.17217,0.12338,674.475,751.142,748.387,582.75,183.849,62.311,718.765,603.649,464.155,225.41,28.908,7.21,96.048,75.45,55.725,25.881,2.745,0.478,1.02
17.5,0,0.7,2.0,1.08318,0.8157,0.62889,0.39174,0.15915,0.11716,1.22679,0.91682,0.70375,0.43631,0.17411,0.12485,657.416,733.754,732.555,572.08,181.008,61.361,712.101,598.522,460.695,224.109,28.808,7.189,94.412,74.196,54.838,25.498,2.707,0.472,1.051
20.0,0,0.7,2.0,1.10406,0.83003,0.63918,0.39759,0.16141,0.11888,1.24911,0.93195,0.71452,0.44234,0.1764,0.12658,637.96,713.886,714.438,559.847,177.746,60.27,704.345,592.547,456.657,222.588,28.69,7.165,92.535,72.757,53.82,25.057,2.664,0.464,1.194
22.5,0,0.7,2.0,1.12863,0.84684,0.65123,0.4044,0.16404,0.12087,1.27537,0.94969,0.72711,0.44937,0.17905,0.12857,616.206,691.626,694.104,546.087,174.072,59.041,695.47,585.697,452.021,220.837,28.554,7.136,90.423,71.135,52.672,24.56,2.614,0.455,1.261
25.0,0,0.7,2.0,1.15732,0.86639,0.6652,0.41227,0.16706,0.12317,1.30604,0.97033,0.74172,0.45749,0.18212,0.1309,592.268,667.072,671.628,530.837,169.991,57.676,685.444,577.944,446.764,218.846,28.398,7.104,88.08,69.336,51.397,24.008,2.56,0.446,1.296
27.5,0,0.7,2.0,1.19064,0.88899,0.68129,0.42129,0.1705,0.12579,1.34165,0.99419,0.75855,0.46681,0.18561,0.13354,566.278,640.338,647.097,514.143,165.515,56.179,674.231,569.254,440.859,216.603,28.221,7.067,85.514,67.363,49.998,23.402,2.5,0.435,1.426
30.0,0,0.7,2.0,1.22923,0.91504,0.69976,0.4316,0.17442,0.12877,1.3829,1.02169,0.77787,0.47744,0.18957,0.13655,538.38,611.55,620.609,496.055,160.653,54.553,661.793,559.59,434.277,214.095,28.021,7.025,82.732,65.222,48.478,22.742,2.434,0.424,1.439
32.5,0,0.7,2.0,1.27391,0.94501,0.72093,0.44333,0.17885,0.13214,1.43065,1.05333,0.80001,0.48956,0.19406,0.13992,508.739,580.851,592.274,476.629,155.416,52.801,648.086,548.912,426.986,211.306,27.796,6.977,79.743,62.917,46.841,22.031,2.364,0.411,1.523
35.0,0,0.7,2.0,1.32569,0.97953,0.74518,0.4567,0.18386,0.13596,1.486,1.08977,0.82538,0.50335,0.19913,0.14377,477.539,548.401,562.215,455.926,149.816,50.928,633.068,537.176,418.95,208.22,27.545,6.924,76.555,60.457,45.09,21.269,2.288,0.398,1.585
37.5,0,0.7,2.0,1.38587,1.01936,0.773,0.47192,0.18951,0.14026,1.55033,1.13182,0.85448,0.51905,0.20486,0.14811,444.982,514.378,530.567,434.014,143.866,48.938,616.689,524.335,410.13,204.818,27.264,6.864,73.181,57.847,43.23,20.458,2.208,0.384,1.641
40.0,0,0.7,2.0,1.45614,1.06547,0.80502,0.48928,0.1959,0.1451,1.62543,1.1805,0.88796,0.53697,0.21133,0.15298,411.293,478.979,497.483,410.971,137.581,46.836,598.899,510.337,400.482,201.078,26.952,6.796,69.631,55.096,41.265,19.6,2.123,0.369,1.66
42.5,0,0.7,2.0,1.53867,1.11913,0.84201,0.50915,0.20313,0.15061,1.71365,1.23714,0.92665,0.55748,0.21865,0.15852,376.72,442.423,463.132,386.879,130.977,44.626,579.649,495.128,389.96,196.978,26.605,6.721,65.919,52.213,39.203,18.698,2.033,0.353,1.746
45.0,0,0.7,2.0,1.63638,1.18199,0.88499,0.53199,0.21133,0.15682,1.8181,1.30351,0.97161,0.58105,0.22696,0.16479,341.537,404.954,427.702,361.833,124.069,42.315,558.886,478.651,378.512,192.49,26.22,6.636,62.061,49.209,37.048,17.752,1.939,0.337,1.799
47.5,0,0.7,2.0,1.75321,1.25626,0.93531,0.5584,0.22068,0.1639,1.94297,1.38191,1.02424,0.60831,0.23643,0.17192,306.044,366.842,391.405,335.936,116.877,39.909,536.56,460.848,366.085,187.587,25.792,6.541,58.075,46.095,34.809,16.765,1.841,0.32,1.897
50.0,0,0.7,2.0,1.89458,1.34491,0.99476,0.58918,0.23137,0.17197,2.09408,1.4755,1.08643,0.64007,0.24726,0.18004,270.573,328.39,354.476,309.304,109.42,37.414,512.623,441.656,352.619,182.235,25.317,6.434,53.979,42.885,32.493,15.741,1.738,0.302,1.9
52.5,0,0.7,2.0,2.06819,1.45212,1.0658,0.62538,0.2437,0.18122,2.27965,1.58868,1.16073,0.67743,0.25974,0.18934,235.487,289.931,317.181,282.069,101.721,34.836,487.032,421.015,338.053,176.399,24.789,6.313,49.795,39.594,30.109,14.682,1.632,0.283,1.923
55.0,0,0.7,2.0,2.28521,1.58378,1.15187,0.66843,0.25801,0.19189,2.51162,1.72767,1.25075,0.72186,0.27424,0.20009,201.186,251.843,279.82,254.38,93.803,32.185,459.752,398.863,322.317,170.035,24.202,6.176,45.55,36.239,27.669,13.591,1.523,0.264,1.989
57.5,0,0.7,2.0,2.5625,1.74859,1.25793,0.72037,0.27479,0.20435,2.80802,1.90166,1.36168,0.77546,0.29124,0.21263,168.102,214.542,242.735,226.41,85.693,29.469,430.762,375.145,305.343,163.098,23.548,6.022,41.271,32.841,25.184,12.473,1.409,0.244,2.049
60.0,0,0.7,2.0,2.92645,1.95977,1.39134,0.7841,0.29474,0.21898,3.19704,2.12461,1.50122,0.84123,0.31144,0.22737,136.705,178.495,206.316,198.358,77.422,26.697,400.06,349.81,287.056,155.532,22.819,5.846,36.991,29.423,22.67,11.333,1.293,0.224,2.022
62.5,0,0.7,2.0,3.42037,2.23838,1.56356,0.86399,0.31875,0.23638,3.725,2.41874,1.68135,0.92368,0.33576,0.24488,107.495,144.222,171.008,170.46,69.025,23.881,367.673,322.823,267.382,147.275,22.002,5.645,32.746,26.012,20.143,10.175,1.174,0.203,2.034
65.0,0,0.7,2.0,4.11968,2.61965,1.79318,0.96682,0.34826,0.25744,4.47249,2.82125,1.92151,1.0298,0.36566,0.26609,80.994,112.293,137.325,142.998,60.543,21.034,333.669,294.168,246.248,138.253,21.085,5.415,28.576,22.639,17.624,9.007,1.053,0.182,2.127
67.5,0,0.7,2.0,5.16536,3.16667,2.11229,1.10373,0.38534,0.28347,5.59026,3.39875,2.25528,1.1711,0.40322,0.29233,57.727,83.328,105.853,116.314,52.029,18.171,298.181,263.872,223.592,128.379,20.049,5.151,24.528,19.339,15.136,7.836,0.93,0.161,2.085
70.0,0,0.7,2.0,6.84671,4.00185,2.58053,1.29421,0.43341,0.31648,7.38753,4.28047,2.74503,1.36768,0.4519,0.32556,38.183,57.978,77.26,90.829,43.545,15.312,261.428,232.019,199.372,117.552,18.873,4.846,20.65,16.154,12.709,6.673,0.805,0.139,2.064
72.5,0,0.7,2.0,9.83327,5.39031,3.32031,1.57527,0.49828,0.35985,10.57998,5.74632,3.51879,1.65774,0.51761,0.36922,22.756,36.881,52.283,67.071,35.175,12.483,223.766,198.8,173.596,105.655,17.527,4.492,16.992,13.13,10.377,5.531,0.68,0.117,2.116
75.0,0,0.7,2.0,15.95396,7.99621,4.61789,2.02576,0.59083,0.41974,17.12276,8.49747,4.87597,2.12264,0.61136,0.42951,11.641,20.58,31.695,45.694,27.035,9.718,185.72,164.562,146.364,92.565,15.973,4.079,13.606,10.316,8.18,4.427,0.555,0.095,2.188
77.5,0,0.7,2.0,31.56866,13.87663,7.28187,2.84137,0.73388,0.50877,33.8145,14.70583,7.66232,2.96438,0.75627,0.51911,4.69,9.362,16.199,27.511,19.292,7.066,148.057,129.913,117.959,78.169,14.158,3.595,10.533,7.763,6.163,3.384,0.432,0.073,2.173
80.0,0,0.7,2.0,88.92761,31.86498,14.35425,4.63794,0.98426,0.65704,95.13047,33.69771,15.05953,4.81845,1.00984,0.66855,1.257,3.007,6.199,13.462,12.201,4.604,111.782,95.818,88.982,62.436,12.009,3.025,7.797,5.511,4.372,2.43,0.312,0.053,2.172
10.0,500,0.7,2.0,1.02972,0.7812,0.60506,0.37883,0.15432,0.11353,1.1674,0.87919,0.67821,0.42279,0.1692,0.1212,708.057,782.872,776.087,599.967,188.52,64.148,729.101,611.576,469.58,227.284,29.093,7.283,97.488,76.717,56.772,26.376,2.804,0.492,0.855
12.5,500,0.7,2.0,1.04108,0.7891,0.61079,0.38211,0.15561,0.1145,1.17954,0.88753,0.68421,0.42618,0.1705,0.12217,695.976,770.617,764.966,592.503,186.536,63.483,724.569,608.095,467.236,226.403,29.026,7.269,96.36,75.851,56.159,26.11,2.778,0.487,0.914
15.0,500,0.7,2.0,1.05529,0.79896,0.61793,0.3862,0.1572,0.11571,1.1947,0.89793,0.69167,0.4304,0.17211,0.12338,681.326,755.74,751.452,583.422,184.121,62.674,718.995,603.808,464.346,225.317,28.943,7.252,94.988,74.797,55.411,25.786,2.746,0.481,1.062
17.5,500,0.7,2.0,1.07254,0.81091,0.62657,0.39113,0.15911,0.11717,1.21313,0.91054,0.7007,0.43548,0.17405,0.12487,664.179,738.302,735.592,572.748,181.278,61.722,712.359,598.698,460.897,224.018,28.844,7.232,93.374,73.556,54.531,25.404,2.708,0.475,1.096
20.0,500,0.7,2.0,1.0931,0.82511,0.6368,0.39696,0.16137,0.11889,1.23508,0.92552,0.7114,0.4415,0.17634,0.12659,644.621,718.376,717.443,560.511,178.015,60.629,704.635,592.742,456.871,222.499,28.727,7.208,91.522,72.132,53.52,24.965,2.664,0.467,1.126
22.5,500,0.7,2.0,1.11729,0.84177,0.64878,0.40375,0.164,0.12088,1.26091,0.94309,0.72393,0.44851,0.179,0.12859,622.75,696.05,697.071,546.745,174.339,59.397,695.795,585.913,452.248,220.75,28.591,7.18,89.438,70.528,52.381,24.471,2.615,0.458,1.252
25.0,500,0.7,2.0,1.14553,0.86113,0.66267,0.4116,0.16701,0.12318,1.29107,0.96353,0.73845,0.45661,0.18205,0.13092,598.679,671.421,674.553,531.489,170.257,58.029,685.807,578.183,447.006,218.762,28.435,7.148,87.127,68.748,51.115,23.921,2.561,0.449,1.312
27.5,500,0.7,2.0,1.17832,0.88352,0.67867,0.4206,0.17046,0.12579,1.32608,0.98714,0.75517,0.4659,0.18554,0.13354,572.54,644.602,649.974,514.788,165.779,56.529,674.636,569.519,441.118,216.522,28.258,7.111,84.595,66.796,49.726,23.317,2.501,0.438,1.37
30.0,500,0.7,2.0,1.21629,0.90931,0.69703,0.43089,0.17437,0.12876,1.36661,1.01436,0.77438,0.47651,0.1895,0.13652,544.478,615.72,623.433,496.693,160.914,54.899,662.242,559.882,434.554,214.018,28.059,7.069,81.849,64.677,48.218,22.66,2.435,0.426,1.452
32.5,500,0.7,2.0,1.26023,0.93899,0.71808,0.4426,0.1788,0.13215,1.41353,1.04567,0.79638,0.48859,0.194,0.13994,514.656,584.917,595.039,477.257,155.674,53.143,648.583,549.234,427.283,211.233,27.835,7.023,78.899,62.396,46.592,21.952,2.365,0.414,1.502
35.0,500,0.7,2.0,1.31113,0.97316,0.74218,0.45593,0.18381,0.13596,1.46789,1.08172,0.82158,0.50235,0.19906,0.14378,483.256,552.353,564.914,456.544,150.071,51.265,633.613,537.529,419.268,208.151,27.584,6.97,75.752,59.96,44.853,21.193,2.289,0.401,1.58
37.5,500,0.7,2.0,1.37027,1.01257,0.76983,0.4711,0.18946,0.14027,1.53103,1.1233,0.85049,0.51801,0.20479,0.14812,450.483,518.204,533.194,434.623,144.118,49.27,617.284,524.72,410.469,204.753,27.305,6.911,72.42,57.377,43.006,20.386,2.209,0.387,1.682
40.0,500,0.7,2.0,1.43929,1.05819,0.80164,0.48842,0.19585,0.14512,1.60473,1.17143,0.88375,0.53588,0.21126,0.153,416.558,482.667,500.03,411.567,137.83,47.162,599.547,510.755,400.844,201.018,26.994,6.844,68.915,54.654,41.056,19.531,2.124,0.372,1.688
42.5,500,0.7,2.0,1.52031,1.11127,0.83839,0.50824,0.20308,0.1506,1.69124,1.22742,0.92217,0.55633,0.21858,0.15852,381.73,445.961,465.592,387.462,131.221,44.946,580.348,495.581,390.346,196.923,26.648,6.769,65.249,51.799,39.008,18.632,2.034,0.356,1.763
45.0,500,0.7,2.0,1.61618,1.17342,0.88108,0.53102,0.21127,0.15682,1.79361,1.29299,0.96681,0.57983,0.22688,0.16477,346.271,408.329,430.067,362.401,124.309,42.628,559.637,479.14,378.924,192.441,26.263,6.685,61.438,48.824,36.868,17.69,1.94,0.339,1.885
47.5,500,0.7,2.0,1.73073,1.24681,0.93105,0.55736,0.22062,0.1639,1.91592,1.37042,1.01905,0.60701,0.23635,0.17191,310.483,370.04,393.666,336.487,117.112,40.214,537.361,461.371,366.523,187.544,25.837,6.591,57.499,45.74,34.643,16.708,1.842,0.322,1.896
50.0,500,0.7,2.0,1.86923,1.33439,0.99008,0.58805,0.23131,0.17197,2.06381,1.46282,1.08077,0.63868,0.24718,0.18003,274.697,331.397,356.623,309.838,109.65,37.71,513.472,442.214,353.084,182.199,25.363,6.485,53.45,42.561,32.342,15.688,1.74,0.304,1.879
52.5,500,0.7,2.0,2.03916,1.44024,1.06058,0.62413,0.24362,0.18122,2.24526,1.5745,1.15449,0.67591,0.25965,0.18936,239.277,292.733,319.205,282.583,101.945,35.124,487.925,421.607,338.544,176.369,24.836,6.365,49.315,39.3,29.974,14.633,1.634,0.286,1.945
55.0,500,0.7,2.0,2.2514,1.57017,1.14598,0.66705,0.25793,0.19191,2.47189,1.71157,1.24378,0.7202,0.27414,0.2001,204.621,254.424,281.71,254.872,94.02,32.463,460.684,399.488,322.835,170.012,24.251,6.23,45.116,35.976,27.549,13.547,1.524,0.266,1.966
57.5,500,0.7,2.0,2.52228,1.73269,1.25117,0.71882,0.27472,0.20434,2.76113,1.88304,1.35375,0.77362,0.29115,0.21261,171.165,216.887,244.48,226.877,85.902,29.735,431.726,375.799,305.886,163.083,23.599,6.076,40.883,32.608,25.08,12.433,1.411,0.246,2.011
60.0,500,0.7,2.0,2.87733,1.9408,1.38345,0.78234,0.29464,0.21899,3.14025,2.1026,1.49205,0.83916,0.31133,0.22738,139.381,180.59,207.904,198.797,77.623,26.951,401.045,350.489,287.624,155.526,22.871,5.902,36.646,29.219,22.58,11.297,1.295,0.226,2.02
62.5,500,0.7,2.0,3.35846,2.2151,1.55412,0.86193,0.31865,0.23639,3.654,2.39199,1.6705,0.9213,0.33564,0.24489,109.773,146.053,172.427,170.868,69.216,24.121,368.668,323.522,267.972,147.277,22.056,5.702,32.443,25.835,20.068,10.143,1.176,0.205,2.003
65.0,500,0.7,2.0,4.03845,2.5901,1.78154,0.96439,0.34813,0.2575,4.3801,2.78762,1.90828,1.02701,0.36551,0.26616,82.868,113.849,138.564,143.371,60.724,21.258,334.658,294.88,246.857,138.265,21.14,5.474,28.312,22.488,17.562,8.979,1.055,0.184,2.078
67.5,500,0.7,2.0,5.05302,3.12742,2.09736,1.10075,0.38519,0.28348,5.46349,3.35452,2.23849,1.16773,0.40305,0.29229,59.201,84.602,106.903,116.648,52.197,18.379,299.144,264.586,224.214,128.4,20.106,5.21,24.3,19.213,15.087,7.813,0.932,0.162,2.088
70.0,500,0.7,2.0,6.67996,3.94656,2.56046,1.29042,0.43326,0.3165,7.20077,4.21876,2.72269,1.36344,0.45173,0.32553,39.273,58.968,78.111,91.121,43.699,15.501,262.342,232.721,200.0,117.584,18.933,4.906,20.454,16.051,12.672,6.654,0.807,0.14,2.132
72.5,500,0.7,2.0,9.55993,5.30567,3.29129,1.57017,0.49809,0.35989,10.27611,5.6527,3.4868,1.65211,0.5174,0.36922,23.494,37.596,52.933,67.315,35.313,12.651,224.601,199.472,174.218,105.696,17.589,4.553,16.826,13.047,10.349,5.516,0.682,0.118,2.229
75.0,500,0.7,2.0,15.43538,7.84964,4.57148,2.01835,0.59057,0.41979,16.55021,8.33674,4.82531,2.11459,0.61108,0.42953,12.079,21.043,32.148,45.887,27.155,9.862,186.444,165.18,146.964,92.616,16.037,4.14,13.466,10.25,8.16,4.416,0.557,0.096,2.167
77.5,500,0.7,2.0,30.32789,13.57027,7.19456,2.82929,0.73352,0.50884,32.45338,14.37252,7.5679,2.95135,0.75585,0.51928,4.901,9.613,16.473,27.649,19.39,7.183,148.637,130.451,118.516,78.227,14.223,3.655,10.417,7.712,6.15,3.375,0.433,0.075,2.2
80.0,500,0.7,2.0,84.54785,30.97683,14.13827,4.61369,0.98371,0.65722,90.35418,32.73801,14.82791,4.79263,1.00929,0.66873,1.327,3.107,6.328,13.546,12.275,4.691,112.195,96.245,89.467,62.497,12.075,3.083,7.705,5.472,4.364,2.424,0.314,0.054,2.15
10.0,1000,0.7,2.0,1.0203,0.77691,0.60295,0.37826,0.15429,0.11353,1.1552,0.87353,0.67543,0.42202,0.16915,0.12119,714.77,787.305,778.975,600.598,188.772,64.477,729.281,611.667,469.685,227.184,29.125,7.32,96.421,76.065,56.458,26.283,2.805,0.494,0.868
12.5,1000,0.7,2.0,1.03151,0.78475,0.60866,0.38154,0.15557,0.11451,1.16715,0.88179,0.68139,0.42541,0.17044,0.12219,702.631,775.018,767.836,593.132,186.788,63.811,724.768,608.196,467.348,226.305,29.059,7.307,95.308,75.209,55.849,26.018,2.778,0.49,0.967
15.0,1000,0.7,2.0,1.04551,0.79453,0.61576,0.38562,0.15716,0.11571,1.18209,0.8921,0.68881,0.42961,0.17205,0.12339,687.911,760.102,754.301,584.048,184.372,63.001,719.216,603.923,464.466,225.22,28.976,7.29,93.954,74.165,55.107,25.695,2.746,0.484,1.021
17.5,1000,0.7,2.0,1.06251,0.80638,0.62435,0.39054,0.15907,0.11717,1.20022,0.90459,0.69779,0.43469,0.17399,0.12486,670.681,742.617,738.416,573.37,181.528,62.047,712.606,598.829,461.027,223.923,28.876,7.27,92.362,72.937,54.233,25.314,2.708,0.477,1.095
20.0,1000,0.7,2.0,1.08277,0.82045,0.63453,0.39635,0.16133,0.11888,1.22184,0.91944,0.70844,0.44069,0.17628,0.12658,651.025,722.637,720.237,561.129,178.264,60.952,704.912,592.891,457.013,222.406,28.76,7.246,90.535,71.528,53.229,24.878,2.665,0.469,1.189
22.5,1000,0.7,2.0,1.10661,0.83696,0.64645,0.40314,0.16395,0.12088,1.24727,0.93685,0.72089,0.44769,0.17894,0.1286,629.042,700.248,699.831,547.357,174.586,59.718,696.106,586.083,452.403,220.659,28.624,7.219,88.478,69.941,52.098,24.385,2.616,0.461,1.237
25.0,1000,0.7,2.0,1.13443,0.85616,0.66026,0.41097,0.16697,0.12318,1.27694,0.95708,0.73533,0.45577,0.18199,0.13091,604.846,675.549,677.274,532.096,170.502,58.347,686.155,578.375,447.176,218.674,28.469,7.187,86.197,68.178,50.842,23.837,2.561,0.451,1.268
27.5,1000,0.7,2.0,1.16672,0.87834,0.67617,0.41995,0.17042,0.1258,1.31138,0.98047,0.75196,0.46503,0.18548,0.13354,578.565,648.651,652.652,515.389,166.022,56.844,675.023,569.735,441.303,216.437,28.293,7.151,83.698,66.246,49.463,23.236,2.501,0.44,1.407
30.0,1000,0.7,2.0,1.2041,0.90389,0.69443,0.43021,0.17433,0.12878,1.35126,1.00741,0.77104,0.47562,0.18944,0.13655,550.345,619.68,626.062,497.286,161.155,55.211,662.671,560.125,434.757,213.936,28.094,7.11,80.988,64.148,47.964,22.582,2.436,0.429,1.477
32.5,1000,0.7,2.0,1.24734,0.9333,0.71535,0.44189,0.17876,0.13214,1.39739,1.03841,0.79291,0.48767,0.19394,0.13994,520.351,588.779,597.613,477.843,155.913,53.451,649.057,549.505,427.505,211.155,27.871,7.063,78.075,61.89,46.35,21.876,2.366,0.417,1.493
35.0,1000,0.7,2.0,1.29743,0.96713,0.73932,0.45519,0.18376,0.13595,1.45081,1.07409,0.81796,0.50139,0.199,0.14377,488.762,556.107,567.427,457.121,150.307,51.569,634.134,537.83,419.51,208.077,27.621,7.011,74.968,59.479,44.623,21.12,2.29,0.403,1.602
37.5,1000,0.7,2.0,1.35559,1.00616,0.7668,0.47033,0.18941,0.14027,1.51286,1.11523,0.84669,0.51701,0.20472,0.14812,455.781,521.84,535.641,435.189,144.351,49.569,617.854,525.052,410.732,204.683,27.342,6.953,71.678,56.921,42.789,20.316,2.21,0.389,1.667
40.0,1000,0.7,2.0,1.42344,1.05131,0.79842,0.4876,0.1958,0.14512,1.58523,1.16285,0.87973,0.53484,0.21119,0.153,421.631,486.173,502.405,412.123,138.06,47.456,600.165,511.12,401.13,200.953,27.032,6.887,68.216,54.224,40.852,19.465,2.125,0.374,1.673
42.5,1000,0.7,2.0,1.50304,1.10383,0.83494,0.50737,0.20302,0.15061,1.67014,1.21822,0.9179,0.55523,0.21851,0.15853,386.56,449.326,467.886,388.006,131.447,45.235,581.016,495.979,390.655,196.863,26.687,6.813,64.595,51.398,38.817,18.57,2.036,0.358,1.777
45.0,1000,0.7,2.0,1.59718,1.16531,0.87736,0.53009,0.21122,0.15684,1.77056,1.28304,0.96223,0.57867,0.22681,0.16481,350.839,411.54,432.274,362.931,124.531,42.911,560.354,479.571,379.258,192.386,26.303,6.73,60.829,48.451,36.691,17.631,1.942,0.342,1.813
47.5,1000,0.7,2.0,1.70959,1.23789,0.92699,0.55636,0.22056,0.16391,1.89047,1.35956,1.01412,0.60578,0.23627,0.17191,314.769,373.085,395.776,337.002,117.33,40.491,538.126,461.837,366.882,187.495,25.878,6.637,56.936,45.396,34.481,16.653,1.843,0.324,1.877
50.0,1000,0.7,2.0,1.84541,1.32446,0.98561,0.58697,0.23124,0.17199,2.03535,1.45084,1.07538,0.63735,0.24709,0.18004,278.682,334.261,358.629,310.335,109.863,37.98,514.282,442.714,353.469,182.156,25.405,6.532,52.934,42.245,32.195,15.637,1.741,0.306,1.878
52.5,1000,0.7,2.0,2.01192,1.42903,1.05562,0.62294,0.24356,0.18123,2.21297,1.5611,1.14855,0.67447,0.25957,0.18937,242.941,295.403,321.097,283.062,102.151,35.385,488.777,422.14,338.955,176.332,24.88,6.413,48.844,39.014,29.841,14.586,1.635,0.288,1.923
55.0,1000,0.7,2.0,2.21968,1.55732,1.14038,0.66574,0.25786,0.19193,2.43459,1.69637,1.23714,0.71863,0.27406,0.20012,207.946,256.885,283.478,255.33,94.22,32.715,461.573,400.052,323.272,169.983,24.296,6.279,44.691,35.719,27.431,13.504,1.526,0.268,1.957
57.5,1000,0.7,2.0,2.48457,1.7177,1.24475,0.71734,0.27464,0.20436,2.71716,1.86547,1.34623,0.77187,0.29105,0.21266,174.133,219.126,246.114,227.312,86.096,29.977,432.645,376.392,306.35,163.061,23.645,6.126,40.502,32.38,24.976,12.394,1.413,0.249,1.994
60.0,1000,0.7,2.0,2.83134,1.92292,1.37595,0.78066,0.29455,0.21901,3.08708,2.08184,1.48336,0.83719,0.31122,0.22739,141.977,182.592,209.392,199.206,77.809,27.182,401.985,351.109,288.112,155.512,22.919,5.953,36.309,29.019,22.491,11.262,1.297,0.228,1.992
62.5,1000,0.7,2.0,3.30056,2.19318,1.54514,0.85999,0.31855,0.2364,3.58762,2.36681,1.6602,0.91904,0.33552,0.24491,111.986,147.804,173.76,171.249,69.393,24.34,369.617,324.161,268.484,147.272,22.105,5.754,32.146,25.663,19.993,10.113,1.178,0.207,2.089
65.0,1000,0.7,2.0,3.96257,2.5623,1.77049,0.96207,0.34803,0.2575,4.29381,2.756,1.89573,1.02436,0.36539,0.26617,84.693,115.339,139.729,143.72,60.891,21.464,335.602,295.533,247.389,138.268,21.192,5.527,28.054,22.341,17.5,8.953,1.057,0.186,2.076
67.5,1000,0.7,2.0,4.94828,3.09055,2.08323,1.09791,0.38506,0.28352,5.34533,3.31298,2.2226,1.16452,0.40288,0.29235,60.64,85.824,107.891,116.961,52.353,18.57,300.064,265.243,224.762,128.413,20.159,5.265,24.077,19.09,15.037,7.79,0.933,0.164,2.132
70.0,1000,0.7,2.0,6.52489,3.89468,2.54145,1.2868,0.4331,0.31649,7.02719,4.16086,2.70154,1.35941,0.45155,0.32555,40.34,59.92,78.914,91.394,43.842,15.675,263.214,233.369,200.556,117.606,18.988,4.961,20.263,15.95,12.633,6.636,0.809,0.142,2.189
72.5,1000,0.7,2.0,9.30623,5.22643,3.26388,1.56532,0.49788,0.35991,9.99426,5.56508,3.4566,1.64676,0.51715,0.36928,24.22,38.285,53.548,67.544,35.442,12.806,225.397,200.094,174.774,105.728,17.646,4.609,16.664,12.965,10.32,5.501,0.683,0.12,2.195
75.0,1000,0.7,2.0,14.95756,7.71308,4.52772,2.01131,0.59033,0.41981,16.02302,8.18702,4.77758,2.10691,0.6108,0.42961,12.511,21.49,32.578,46.068,27.266,9.995,187.134,165.754,147.504,92.657,16.096,4.196,13.33,10.185,8.14,4.404,0.558,0.098,2.188
77.5,1000,0.7,2.0,29.1955,13.28498,7.11247,2.81781,0.73314,0.50884,31.21213,14.06219,7.47914,2.93902,0.75547,0.51927,5.11,9.857,16.734,27.779,19.482,7.293,149.189,130.95,119.02,78.276,14.283,3.711,10.305,7.661,6.136,3.367,0.435,0.076,2.163
80.0,1000,0.7,2.0,80.53362,30.15351,13.93722,4.59083,0.98315,0.65724,85.98069,31.8493,14.61231,4.76829,1.00867,0.66855,1.398,3.205,6.451,13.625,12.344,4.773,112.586,96.642,89.909,62.55,12.136,3.137,7.615,5.435,4.355,2.418,0.315,0.054,2.203
10.0,1500,0.7,2.0,1.0114,0.77284,0.60093,0.3779,0.1539,0.11354,1.14365,0.86814,0.67277,0.42141,0.16854,0.1212,721.231,791.521,781.663,601.186,189.009,64.771,729.455,611.719,469.726,227.189,29.088,7.354,95.38,75.435,56.155,26.159,2.767,0.496,0.88
12.5,1500,0.7,2.0,1.02245,0.78062,0.60661,0.38118,0.15518,0.11452,1.15543,0.87634,0.6787,0.42479,0.16983,0.12219,709.038,779.204,770.509,593.718,187.024,64.104,724.959,608.259,467.395,226.311,29.022,7.341,94.283,74.587,55.549,25.895,2.741,0.492,0.94
15.0,1500,0.7,2.0,1.03627,0.79031,0.61367,0.38524,0.15676,0.11572,1.17015,0.88656,0.68608,0.42899,0.17143,0.12339,694.251,764.251,756.954,584.631,184.607,63.293,719.43,603.999,464.522,225.226,28.939,7.324,92.946,73.554,54.812,25.574,2.709,0.486,1.054
17.5,1500,0.7,2.0,1.05304,0.80206,0.62222,0.39016,0.15867,0.11717,1.18802,0.89894,0.69501,0.43406,0.17337,0.12485,676.941,746.723,741.045,573.95,181.762,62.337,712.844,598.92,461.092,223.93,28.84,7.304,91.375,72.339,53.944,25.196,2.672,0.479,1.082
20.0,1500,0.7,2.0,1.07302,0.81603,0.63235,0.39596,0.16092,0.11889,1.20931,0.91365,0.7056,0.44004,0.17564,0.1266,657.192,726.692,722.839,561.704,178.497,61.241,705.179,592.999,457.089,222.413,28.723,7.281,89.571,70.943,52.947,24.761,2.629,0.472,1.175
22.5,1500,0.7,2.0,1.09652,0.8324,0.64421,0.40273,0.16353,0.12087,1.23436,0.9309,0.71799,0.44703,0.1783,0.12859,635.102,704.244,702.402,547.929,174.817,60.005,696.405,586.211,452.492,220.668,28.588,7.253,87.541,69.372,51.824,24.271,2.581,0.463,1.256
25.0,1500,0.7,2.0,1.12395,0.85143,0.65795,0.41055,0.16654,0.12318,1.26359,0.95095,0.73235,0.45509,0.18134,0.1309,610.785,679.478,679.809,532.662,170.732,58.632,686.489,578.525,447.279,218.684,28.433,7.222,85.29,67.627,50.576,23.726,2.527,0.453,1.303
27.5,1500,0.7,2.0,1.15577,0.87342,0.67377,0.41951,0.16997,0.12579,1.29749,0.97413,0.74888,0.46434,0.18482,0.13355,584.37,652.505,655.147,515.949,166.25,57.126,675.395,569.908,441.421,216.447,28.258,7.186,82.822,65.714,49.206,23.128,2.468,0.443,1.37
30.0,1500,0.7,2.0,1.19259,0.89875,0.69194,0.42975,0.17387,0.12878,1.33674,1.00082,0.76786,0.4749,0.18876,0.13655,556.001,623.451,628.512,497.84,161.381,55.49,663.084,560.324,434.892,213.947,28.059,7.146,80.147,63.637,47.718,22.477,2.403,0.431,1.456
32.5,1500,0.7,2.0,1.23519,0.92788,0.71275,0.44141,0.17828,0.13215,1.38213,1.03152,0.7896,0.48693,0.19323,0.13995,525.841,592.458,600.013,478.389,156.137,53.727,649.512,549.731,427.657,211.167,27.836,7.1,77.27,61.401,46.114,21.775,2.334,0.419,1.513
35.0,1500,0.7,2.0,1.2845,0.96141,0.73658,0.45468,0.18327,0.13597,1.43468,1.06685,0.8145,0.50062,0.19828,0.14378,494.071,559.683,569.772,457.659,150.529,51.842,634.634,538.084,419.682,208.09,27.587,7.049,74.202,59.013,44.399,21.023,2.26,0.405,1.624
37.5,1500,0.7,2.0,1.34174,1.00006,0.76391,0.46979,0.1889,0.14027,1.49569,1.10758,0.84306,0.51621,0.20398,0.14812,460.892,525.304,537.924,435.718,144.57,49.839,618.399,525.337,410.925,204.698,27.309,6.991,70.953,56.479,42.577,20.223,2.181,0.391,1.658
40.0,1500,0.7,2.0,1.40849,1.04478,0.79534,0.48703,0.19526,0.14514,1.56682,1.1547,0.8759,0.53399,0.21042,0.15301,426.527,489.515,504.62,412.641,138.275,47.721,600.758,511.436,401.345,200.968,26.999,6.926,67.532,53.808,40.652,19.377,2.097,0.376,1.63
42.5,1500,0.7,2.0,1.48676,1.09677,0.83164,0.50675,0.20245,0.15061,1.65024,1.20949,0.91383,0.55433,0.21771,0.15852,391.223,452.534,470.028,388.512,131.659,45.496,581.656,496.327,390.893,196.879,26.655,6.852,63.954,51.008,38.631,18.486,2.008,0.36,1.743
45.0,1500,0.7,2.0,1.57928,1.15762,0.87379,0.52942,0.21062,0.15684,1.74883,1.2736,0.95787,0.57771,0.22598,0.16481,355.251,414.603,434.335,363.425,124.739,43.166,561.041,479.952,379.519,192.404,26.272,6.77,60.233,48.088,36.518,17.552,1.916,0.344,1.866
47.5,1500,0.7,2.0,1.68968,1.22942,0.92311,0.55563,0.21992,0.16392,1.86648,1.34927,1.00941,0.60475,0.2354,0.17192,318.912,375.991,397.749,337.482,117.533,40.74,538.858,462.251,367.168,187.514,25.848,6.678,56.385,45.061,34.322,16.578,1.819,0.326,1.828
50.0,1500,0.7,2.0,1.82298,1.31504,0.98135,0.58615,0.23056,0.17199,2.00854,1.43949,1.07025,0.63624,0.24617,0.18005,282.536,336.996,360.505,310.8,110.062,38.223,515.058,443.162,353.781,182.175,25.376,6.574,52.428,41.939,32.05,15.567,1.718,0.308,1.886
52.5,1500,0.7,2.0,1.98627,1.41841,1.05087,0.62204,0.24283,0.18124,2.18256,1.54841,1.14289,0.67326,0.2586,0.18938,246.488,297.954,322.868,283.509,102.345,35.621,489.592,422.62,339.293,176.353,24.852,6.456,48.383,38.736,29.711,14.521,1.614,0.29,1.904
55.0,1500,0.7,2.0,2.18985,1.54515,1.13503,0.66471,0.25708,0.19194,2.39951,1.68197,1.23083,0.71728,0.27303,0.20013,211.167,259.239,285.135,255.758,94.408,32.943,462.423,400.563,323.637,170.005,24.27,6.323,44.275,35.469,27.315,13.445,1.506,0.27,1.968
57.5,1500,0.7,2.0,2.44912,1.70351,1.23862,0.71617,0.27377,0.20436,2.67582,1.84884,1.33906,0.77036,0.28993,0.21264,177.012,221.268,247.646,227.718,86.277,30.197,433.524,376.932,306.74,163.084,23.62,6.171,40.129,32.157,24.874,12.341,1.394,0.25,2.037
60.0,1500,0.7,2.0,2.78815,1.906,1.3688,0.77928,0.29361,0.219,3.03714,2.06222,1.47509,0.83547,0.31002,0.22739,144.499,184.509,210.789,199.589,77.982,27.393,402.885,351.674,288.529,155.536,22.896,5.999,35.978,28.824,22.403,11.214,1.28,0.23,1.995
62.5,1500,0.7,2.0,3.2463,2.17247,1.5366,0.85835,0.3175,0.23643,3.52539,2.34302,1.65041,0.91704,0.33422,0.24495,114.138,149.483,175.012,171.605,69.559,24.54,370.526,324.748,268.924,147.298,22.085,5.802,31.855,25.494,19.918,10.07,1.163,0.209,2.027
65.0,1500,0.7,2.0,3.89152,2.53605,1.75998,0.96008,0.34683,0.25748,4.21303,2.72615,1.88381,1.02198,0.36391,0.26612,86.471,116.77,140.826,144.046,61.048,21.652,336.504,296.134,247.851,138.296,21.173,5.575,27.801,22.198,17.438,8.916,1.043,0.187,2.037
67.5,1500,0.7,2.0,4.8504,3.05582,2.06981,1.09543,0.3837,0.2835,5.23494,3.27387,2.20753,1.16159,0.40126,0.29236,62.045,86.998,108.822,117.254,52.499,18.744,300.943,265.85,225.241,128.443,20.144,5.314,23.859,18.97,14.987,7.758,0.922,0.166,2.12
70.0,1500,0.7,2.0,6.38028,3.84591,2.5234,1.28355,0.43151,0.31651,6.86541,4.10645,2.68147,1.35566,0.44968,0.32561,41.385,60.836,79.673,91.65,43.976,15.835,264.048,233.97,201.047,117.637,18.976,5.012,20.077,15.85,12.594,6.609,0.799,0.144,2.1
72.5,1500,0.7,2.0,9.07103,5.15191,3.23789,1.56086,0.49598,0.3599,9.73307,5.48271,3.42801,1.64172,0.51496,0.36925,24.932,38.951,54.13,67.759,35.562,12.948,226.159,200.672,175.267,105.762,17.638,4.66,16.506,12.885,10.291,5.479,0.675,0.121,2.234
75.0,1500,0.7,2.0,14.51372,7.58514,4.48622,2.00469,0.58798,0.4198,15.53374,8.04685,4.73232,2.09957,0.60811,0.42959,12.939,21.923,32.987,46.237,27.37,10.119,187.793,166.289,147.987,92.691,16.093,4.248,13.198,10.122,8.118,4.387,0.551,0.099,2.162
77.5,1500,0.7,2.0,28.14721,13.01803,7.03533,2.80671,0.73011,0.50893,30.06392,13.77207,7.39577,2.92692,0.75203,0.51934,5.319,10.095,16.982,27.901,19.567,7.394,149.715,131.417,119.474,78.31,14.286,3.763,10.195,7.612,6.121,3.354,0.429,0.077,2.107
80.0,1500,0.7,2.0,76.89381,29.38897,13.74775,4.56829,0.9788,0.65711,82.0177,31.02424,14.40919,4.74414,1.00387,0.66845,1.469,3.301,6.569,13.699,12.408,4.85,112.957,97.013,90.309,62.581,12.145,3.187,7.527,5.398,4.345,2.409,0.311,0.055,2.228
10.0,2000,0.7,2.0,1.00302,0.76897,0.599,0.37742,0.15389,0.11354,1.13275,0.86304,0.67024,0.42074,0.16852,0.12122,727.428,795.515,784.159,601.734,189.228,65.032,729.623,611.731,469.713,227.106,29.12,7.384,94.37,74.829,55.861,26.067,2.769,0.499,0.931
12.5,2000,0.7,2.0,1.01393,0.77669,0.60465,0.38069,0.15516,0.1145,1.14437,0.87116,0.67614,0.42411,0.16981,0.12218,715.183,783.171,772.991,594.264,187.243,64.365,725.145,608.281,467.388,226.229,29.053,7.37,93.287,73.989,55.26,25.804,2.743,0.494,0.944
15.0,2000,0.7,2.0,1.02756,0.78632,0.61168,0.38475,0.15675,0.11572,1.15888,0.8813,0.68348,0.4283,0.17142,0.1234,700.333,768.183,759.418,585.174,184.825,63.552,719.635,604.034,464.523,225.146,28.971,7.354,91.967,72.966,54.527,25.484,2.712,0.488,1.022
17.5,2000,0.7,2.0,1.04411,0.79797,0.62019,0.38965,0.15866,0.11717,1.17651,0.89358,0.69237,0.43335,0.17335,0.12485,682.946,750.614,743.488,574.49,181.979,62.595,713.074,598.969,461.103,223.85,28.872,7.334,90.416,71.762,53.665,25.108,2.674,0.481,1.087
20.0,2000,0.7,2.0,1.06383,0.81182,0.63027,0.39545,0.16091,0.11888,1.1975,0.90817,0.7029,0.43933,0.17563,0.12659,663.109,730.535,725.257,562.241,178.712,61.497,705.436,593.066,457.111,222.336,28.756,7.311,88.635,70.381,52.675,24.675,2.631,0.474,1.16
22.5,2000,0.7,2.0,1.08702,0.82806,0.64207,0.4022,0.16352,0.12088,1.22219,0.92527,0.71522,0.4463,0.17828,0.12859,640.918,708.032,704.791,548.461,175.032,60.26,696.692,586.296,452.525,220.592,28.621,7.284,86.631,68.824,51.559,24.187,2.583,0.465,1.249
25.0,2000,0.7,2.0,1.11407,0.84694,0.65574,0.41,0.16653,0.12317,1.25099,0.94515,0.72951,0.45435,0.18132,0.1309,616.487,683.203,682.165,533.19,170.945,58.885,686.809,578.631,447.325,218.61,28.467,7.253,84.408,67.096,50.319,23.644,2.529,0.455,1.3
27.5,2000,0.7,2.0,1.14545,0.86875,0.67149,0.41895,0.16996,0.1258,1.2844,0.96812,0.74596,0.46358,0.18479,0.13356,589.943,656.159,657.466,516.471,166.461,57.377,675.752,570.037,441.483,216.376,28.291,7.218,81.972,65.201,48.958,23.048,2.47,0.445,1.396
30.0,2000,0.7,2.0,1.18176,0.89387,0.68956,0.42917,0.17386,0.12878,1.32306,0.99457,0.76483,0.47411,0.18875,0.13655,561.431,627.027,630.789,498.356,161.59,55.739,663.479,560.478,434.969,213.878,28.094,7.178,79.329,63.143,47.479,22.4,2.406,0.433,1.462
32.5,2000,0.7,2.0,1.22374,0.92275,0.71026,0.44081,0.17827,0.13216,1.36776,1.02499,0.78646,0.48612,0.19321,0.13996,531.114,595.947,602.244,478.898,156.344,53.974,649.948,549.911,427.752,211.101,27.871,7.133,76.488,60.929,45.886,21.7,2.336,0.421,1.527
35.0,2000,0.7,2.0,1.27233,0.95598,0.73397,0.45405,0.18326,0.13597,1.41949,1.05999,0.81122,0.49978,0.19826,0.14378,499.172,563.077,571.953,458.16,150.733,52.086,635.111,538.292,419.795,208.027,27.623,7.082,73.457,58.563,44.182,20.951,2.262,0.407,1.618
37.5,2000,0.7,2.0,1.32871,0.99429,0.76115,0.46913,0.18888,0.14028,1.47952,1.10033,0.83961,0.51533,0.20396,0.14813,465.805,528.592,540.049,436.211,144.772,50.079,618.921,525.573,411.058,204.638,27.345,7.025,70.247,56.053,42.371,20.155,2.183,0.393,1.629
40.0,2000,0.7,2.0,1.39442,1.03859,0.79241,0.48632,0.19524,0.14513,1.54948,1.14699,0.87226,0.53307,0.2104,0.15301,431.235,492.688,506.683,413.124,138.474,47.958,601.324,511.703,401.499,200.912,27.036,6.96,66.867,53.406,40.458,19.311,2.099,0.378,1.65
42.5,2000,0.7,2.0,1.47145,1.09009,0.8285,0.506,0.20244,0.15063,1.6315,1.20123,0.90995,0.55337,0.21769,0.15855,395.709,455.581,472.023,388.985,131.855,45.728,582.267,496.625,391.069,196.827,26.693,6.888,63.331,50.631,38.449,18.424,2.011,0.362,1.77
45.0,2000,0.7,2.0,1.56245,1.15034,0.87041,0.52861,0.2106,0.15684,1.72838,1.26468,0.95373,0.57669,0.22595,0.16481,359.498,417.513,436.255,363.886,124.932,43.395,561.696,480.282,379.719,192.355,26.311,6.806,59.653,47.738,36.35,17.494,1.918,0.346,1.768
47.5,2000,0.7,2.0,1.67097,1.22142,0.91943,0.55476,0.2199,0.16393,1.84392,1.33953,1.00494,0.60365,0.23537,0.17194,322.901,378.752,399.587,337.93,117.722,40.963,539.557,462.614,367.392,187.469,25.887,6.715,55.848,44.737,34.167,16.524,1.821,0.328,1.862
50.0,2000,0.7,2.0,1.80191,1.30612,0.97729,0.58521,0.23055,0.17198,1.98335,1.42875,1.06537,0.63506,0.24616,0.18004,286.25,339.597,362.255,311.233,110.246,38.441,515.798,443.556,354.029,182.136,25.417,6.611,51.935,41.642,31.908,15.516,1.721,0.31,1.926
52.5,2000,0.7,2.0,1.9622,1.40836,1.04637,0.621,0.24281,0.18123,2.15401,1.53642,1.13753,0.67198,0.25857,0.18935,249.908,300.381,324.52,283.926,102.524,35.833,490.37,423.046,339.567,176.318,24.894,6.494,47.934,38.466,29.583,14.474,1.616,0.291,1.909
55.0,2000,0.7,2.0,2.16186,1.53366,1.12995,0.66356,0.25705,0.19192,2.36659,1.66838,1.22484,0.71587,0.27299,0.20013,214.276,261.479,286.681,256.158,94.582,33.149,463.235,401.02,323.936,169.975,24.312,6.362,43.869,35.227,27.201,13.402,1.508,0.272,1.943
57.5,2000,0.7,2.0,2.41589,1.69012,1.23282,0.71487,0.27375,0.20437,2.63707,1.83316,1.33227,0.7688,0.2899,0.21266,179.794,223.308,249.077,228.098,86.445,30.396,434.363,377.418,307.066,163.06,23.664,6.212,39.766,31.942,24.773,12.302,1.396,0.252,1.975
60.0,2000,0.7,2.0,2.7477,1.89005,1.36202,0.7778,0.29358,0.21901,2.99036,2.04373,1.46724,0.83371,0.30998,0.22742,146.938,186.336,212.096,199.946,78.143,27.583,403.742,352.185,288.879,155.518,22.941,6.041,35.655,28.635,22.316,11.179,1.282,0.232,2.005
62.5,2000,0.7,2.0,3.19548,2.15295,1.52851,0.85663,0.31746,0.2364,3.46713,2.32061,1.64114,0.91502,0.33417,0.24489,116.224,151.086,176.184,171.937,69.712,24.721,371.392,325.281,269.299,147.286,22.131,5.844,31.572,25.33,19.843,10.039,1.165,0.21,2.006
65.0,2000,0.7,2.0,3.82517,2.51135,1.75004,0.95802,0.34679,0.25748,4.13759,2.69806,1.87253,1.0196,0.36387,0.26614,88.196,118.137,141.853,144.351,61.193,21.823,337.365,296.683,248.248,138.291,21.221,5.619,27.554,22.058,17.376,8.889,1.045,0.189,2.081
67.5,2000,0.7,2.0,4.75914,3.02315,2.05711,1.09289,0.38367,0.2835,5.13204,3.23709,2.19328,1.15871,0.40122,0.29233,63.411,88.122,109.696,117.528,52.634,18.903,301.782,266.406,225.657,128.445,20.194,5.359,23.646,18.853,14.937,7.736,0.924,0.167,2.078
70.0,2000,0.7,2.0,6.24571,3.80008,2.50637,1.28032,0.43145,0.31652,6.71489,4.05535,2.66254,1.35203,0.44961,0.32559,42.404,61.715,80.386,91.889,44.1,15.98,264.843,234.522,201.477,117.647,19.027,5.058,19.895,15.754,12.554,6.59,0.801,0.145,2.13
72.5,2000,0.7,2.0,8.85232,5.08222,3.21334,1.55651,0.49589,0.35989,9.49032,5.40571,3.40099,1.63691,0.51487,0.36922,25.63,39.59,54.679,67.959,35.673,13.079,226.885,201.205,175.702,105.779,17.69,4.707,16.352,12.807,10.261,5.464,0.677,0.122,2.172
75.0,2000,0.7,2.0,14.10435,7.46533,4.44719,1.99834,0.58787,0.41986,15.08264,7.91563,4.68978,2.09264,0.608,0.42963,13.359,22.341,33.373,46.396,27.467,10.232,188.42,166.783,148.416,92.715,16.147,4.296,13.069,10.06,8.096,4.375,0.553,0.1,2.137
77.5,2000,0.7,2.0,27.18824,12.77112,6.96248,2.79636,0.72993,0.50888,29.0143,13.50378,7.31705,2.91576,0.75187,0.5193,5.525,10.324,17.218,28.015,19.647,7.487,150.215,131.849,119.88,78.34,14.341,3.81,10.089,7.564,6.105,3.345,0.431,0.078,2.197
80.0,2000,0.7,2.0,73.62313,28.67658,13.57132,4.54753,0.9785,0.65698,78.45874,30.25596,14.22018,4.72198,1.00361,0.66836,1.539,3.395,6.681,13.769,12.468,4.921,113.306,97.357,90.67,62.615,12.2,3.233,7.442,5.362,4.335,2.402,0.313,0.056,2.177
10.0,2500,0.7,2.0,0.9951,0.76529,0.59733,0.37696,0.15387,0.11354,1.12244,0.85818,0.66796,0.4201,0.16851,0.12121,733.38,799.305,786.475,602.245,189.434,65.261,729.787,611.703,469.788,227.021,29.149,7.41,93.388,74.245,55.546,25.98,2.772,0.5,0.852
12.5,2500,0.7,2.0,1.00588,0.77295,0.60296,0.38022,0.15515,0.11452,1.1339,0.86624,0.67383,0.42346,0.1698,0.1222,721.086,786.934,775.293,594.773,187.448,64.593,725.324,608.263,467.468,226.144,29.083,7.397,92.318,73.413,54.949,25.718,2.746,0.496,0.886
15.0,2500,0.7,2.0,1.01934,0.78251,0.60996,0.38427,0.15674,0.11573,1.14823,0.8763,0.68114,0.42764,0.17141,0.12341,706.175,771.914,761.704,585.681,185.029,63.779,719.834,604.028,464.609,225.062,29.001,7.381,91.016,72.4,54.221,25.399,2.714,0.49,1.02
17.5,2500,0.7,2.0,1.03569,0.79408,0.61843,0.38917,0.15864,0.11717,1.16562,0.88848,0.68999,0.43269,0.17333,0.12486,688.716,754.305,745.754,574.994,182.183,62.822,713.296,598.977,461.196,223.768,28.902,7.361,89.484,71.208,53.365,25.024,2.676,0.483,1.159
20.0,2500,0.7,2.0,1.05516,0.80783,0.62847,0.39495,0.1609,0.11889,1.18633,0.90295,0.70047,0.43865,0.17562,0.1266,668.795,734.181,727.5,562.741,178.915,61.722,705.684,593.09,457.212,222.255,28.787,7.338,87.726,69.839,52.382,24.593,2.634,0.476,1.156
22.5,2500,0.7,2.0,1.07805,0.82394,0.64021,0.40169,0.16351,0.12089,1.21068,0.91991,0.71273,0.44561,0.17826,0.12861,646.507,711.626,707.008,548.958,175.233,60.484,696.969,586.338,452.636,220.513,28.652,7.312,85.746,68.297,51.273,24.106,2.585,0.467,1.259
25.0,2500,0.7,2.0,1.10475,0.84267,0.65382,0.40948,0.16651,0.12318,1.23908,0.93963,0.72695,0.45364,0.1813,0.13091,621.967,686.738,684.352,533.682,171.145,59.108,687.118,578.694,447.446,218.533,28.498,7.281,83.55,66.585,50.042,23.566,2.531,0.457,1.268
27.5,2500,0.7,2.0,1.13572,0.86431,0.6695,0.41841,0.16994,0.1258,1.27203,0.9624,0.74332,0.46285,0.18478,0.13355,595.301,659.628,659.618,516.958,166.66,57.598,676.095,570.122,441.615,216.301,28.323,7.246,81.144,64.707,48.69,22.972,2.472,0.446,1.42
30.0,2500,0.7,2.0,1.17154,0.88922,0.68749,0.42861,0.17385,0.12878,1.31014,0.98863,0.7621,0.47337,0.18873,0.13655,566.653,630.422,632.904,498.837,161.787,55.958,663.859,560.586,435.114,213.806,28.126,7.206,78.533,62.668,47.222,22.326,2.408,0.435,1.465
32.5,2500,0.7,2.0,1.21295,0.91787,0.70809,0.44022,0.17826,0.13216,1.35418,1.01879,0.78361,0.48534,0.1932,0.13995,536.186,599.26,604.317,479.373,156.538,54.19,650.366,550.044,427.91,211.031,27.904,7.162,75.727,60.474,45.639,21.629,2.339,0.422,1.526
35.0,2500,0.7,2.0,1.26086,0.95083,0.73168,0.45344,0.18324,0.13597,1.40514,1.05347,0.80824,0.49897,0.19824,0.14379,504.079,566.299,573.978,458.628,150.926,52.3,635.571,538.452,419.967,207.96,27.656,7.111,72.732,58.129,43.946,20.883,2.264,0.409,1.624
37.5,2500,0.7,2.0,1.31643,0.9888,0.75872,0.46849,0.18887,0.14027,1.46426,1.09345,0.83648,0.51449,0.20394,0.14812,470.533,531.715,542.023,436.67,144.962,50.29,619.422,525.762,411.246,204.574,27.379,7.054,69.559,55.642,42.147,20.089,2.185,0.395,1.643
40.0,2500,0.7,2.0,1.38116,1.03272,0.78982,0.48565,0.19523,0.14512,1.53312,1.13967,0.86895,0.53219,0.21038,0.15301,435.768,495.702,508.6,413.575,138.661,48.166,601.867,511.921,401.702,200.851,27.071,6.99,66.219,53.018,40.247,19.249,2.101,0.38,1.649
42.5,2500,0.7,2.0,1.45702,1.08375,0.82572,0.50528,0.20243,0.15063,1.61382,1.19339,0.90644,0.55244,0.21767,0.15856,400.03,458.477,473.877,389.426,132.039,45.933,582.853,496.874,391.289,196.77,26.728,6.919,62.724,50.268,38.251,18.364,2.013,0.364,1.715
45.0,2500,0.7,2.0,1.54659,1.14343,0.8674,0.52784,0.21059,0.15685,1.7091,1.25621,0.94996,0.57571,0.22593,0.16481,363.59,420.28,438.041,364.316,125.112,43.596,562.324,480.562,379.955,192.302,26.347,6.838,59.087,47.4,36.166,17.438,1.92,0.347,1.822
47.5,2500,0.7,2.0,1.65334,1.21382,0.91614,0.55393,0.21988,0.16392,1.82266,1.3303,1.00086,0.60261,0.23535,0.17193,326.748,381.378,401.298,338.348,117.899,41.161,540.226,462.924,367.646,187.42,25.924,6.747,55.325,44.425,33.997,16.471,1.824,0.33,1.841
50.0,2500,0.7,2.0,1.78208,1.29768,0.97367,0.5843,0.23053,0.17197,1.95961,1.41857,1.06093,0.63394,0.24614,0.18005,289.833,342.072,363.883,311.638,110.419,38.634,516.506,443.899,354.301,182.091,25.455,6.644,51.454,41.355,31.752,15.468,1.723,0.312,1.916
52.5,2500,0.7,2.0,1.93955,1.39884,1.04232,0.62001,0.24279,0.18126,2.12712,1.52507,1.13261,0.67076,0.25855,0.18939,253.211,302.692,326.059,284.316,102.693,36.021,491.115,423.419,339.857,176.278,24.933,6.529,47.496,38.206,29.441,14.43,1.618,0.293,1.931
55.0,2500,0.7,2.0,2.13553,1.52277,1.12537,0.66246,0.25703,0.19192,2.33561,1.65551,1.21934,0.71454,0.27296,0.20014,217.281,263.614,288.122,256.53,94.745,33.331,464.011,401.424,324.245,169.94,24.352,6.397,43.473,34.992,27.073,13.36,1.51,0.274,2.032
57.5,2500,0.7,2.0,2.38467,1.67744,1.22755,0.71363,0.27372,0.20437,2.60064,1.81832,1.32603,0.76732,0.28988,0.21268,182.484,225.254,250.412,228.452,86.602,30.572,435.164,377.85,307.393,163.031,23.705,6.248,39.411,31.733,24.66,12.264,1.399,0.254,1.99
60.0,2500,0.7,2.0,2.70973,1.87497,1.35585,0.77638,0.29354,0.21901,2.94643,2.02624,1.46,0.83204,0.30994,0.22741,149.3,188.08,213.316,200.28,78.295,27.752,404.562,352.644,289.224,155.494,22.983,6.078,35.34,28.451,22.217,11.146,1.284,0.233,2.034
62.5,2500,0.7,2.0,3.14784,2.1345,1.52111,0.85498,0.31744,0.23644,3.4125,2.29943,1.63256,0.91309,0.33414,0.24496,118.246,152.617,177.279,172.248,69.856,24.882,372.219,325.761,269.66,147.268,22.175,5.883,31.295,25.171,19.758,10.01,1.167,0.212,2.031
65.0,2500,0.7,2.0,3.763,2.48802,1.74088,0.95606,0.34675,0.25752,4.06691,2.67155,1.86205,1.01734,0.36382,0.26617,89.872,119.444,142.815,144.635,61.329,21.975,338.188,297.179,248.624,138.28,21.266,5.659,27.313,21.922,17.304,8.863,1.047,0.19,2.053
67.5,2500,0.7,2.0,4.67382,2.99234,2.04537,1.09047,0.38362,0.28354,5.03585,3.20243,2.17999,1.15596,0.40117,0.29236,64.74,89.198,110.515,117.784,52.761,19.045,302.583,266.911,226.044,128.44,20.24,5.4,23.438,18.739,14.878,7.714,0.926,0.168,2.132
70.0,2500,0.7,2.0,6.12014,3.75693,2.49051,1.27724,0.4314,0.31655,6.5745,4.00726,2.64481,1.34857,0.44954,0.32562,43.398,62.558,81.056,92.113,44.216,16.111,265.602,235.026,201.871,117.65,19.075,5.1,19.718,15.66,12.507,6.571,0.802,0.146,2.174
72.5,2500,0.7,2.0,8.64921,5.01661,3.19043,1.55236,0.49585,0.35996,9.26497,5.33324,3.37567,1.63232,0.5148,0.36935,26.312,40.205,55.195,68.147,35.777,13.196,227.578,201.693,176.096,105.789,17.74,4.75,16.202,12.73,10.224,5.449,0.678,0.124,2.244
75.0,2500,0.7,2.0,13.72587,7.35338,4.41056,1.99231,0.58776,0.41988,14.66575,7.79304,4.6497,2.08605,0.6079,0.42965,13.771,22.743,33.737,46.545,27.557,10.334,189.019,167.238,148.799,92.732,16.197,4.339,12.943,9.999,8.068,4.363,0.555,0.101,2.175
77.5,2500,0.7,2.0,26.30779,12.54002,6.89353,2.78644,0.72983,0.50898,28.05098,13.2528,7.2424,2.90506,0.75174,0.51941,5.728,10.546,17.442,28.123,19.721,7.572,150.691,132.247,120.237,78.363,14.393,3.854,9.985,7.517,6.085,3.336,0.432,0.079,2.214
80.0,2500,0.7,2.0,70.58137,28.01922,13.40321,4.52779,0.97828,0.65704,75.15217,29.54733,14.03978,4.70098,1.00335,0.66847,1.61,3.486,6.788,13.835,12.524,4.986,113.636,97.675,90.981,62.642,12.252,3.276,7.359,5.327,4.321,2.396,0.314,0.057,2.237
10.0,3000,0.7,2.0,0.98765,0.7618,0.59565,0.37652,0.15387,0.11354,1.11272,0.85357,0.66572,0.41948,0.1685,0.12121,739.075,802.881,788.613,602.72,189.625,65.458,729.944,611.632,469.738,226.934,29.177,7.432,92.439,73.686,55.255,25.897,2.774,0.502,0.884
12.5,3000,0.7,2.0,0.9983,0.7694,0.60125,0.37977,0.15514,0.11451,1.12404,0.86158,0.67156,0.42284,0.16979,0.12218,726.734,790.485,777.419,595.246,187.638,64.789,725.497,608.202,467.424,226.059,29.111,7.419,91.382,72.862,54.662,25.636,2.748,0.497,0.937
15.0,3000,0.7,2.0,1.0116,0.77889,0.60822,0.38382,0.15673,0.11572,1.13818,0.87156,0.67884,0.42702,0.17139,0.12339,711.765,775.435,763.815,586.152,185.218,63.975,720.025,603.978,464.571,224.978,29.029,7.403,90.095,71.858,53.939,25.318,2.716,0.491,1.016
17.5,3000,0.7,2.0,1.02776,0.79038,0.61666,0.38871,0.15863,0.11718,1.15535,0.88364,0.68765,0.43205,0.17332,0.12487,694.238,757.79,747.847,575.462,182.371,63.016,713.509,598.941,461.166,223.685,28.93,7.384,88.582,70.676,53.088,24.944,2.679,0.485,1.079
20.0,3000,0.7,2.0,1.04699,0.80403,0.62666,0.39448,0.16089,0.11889,1.1758,0.898,0.69808,0.43801,0.1756,0.12659,674.236,737.624,729.572,563.207,179.102,61.916,705.921,593.069,457.19,222.173,28.815,7.361,86.845,69.32,52.111,24.515,2.636,0.477,1.159
22.5,3000,0.7,2.0,1.06961,0.82003,0.63835,0.40121,0.1635,0.12089,1.19984,0.91484,0.71029,0.44495,0.17825,0.1286,651.857,715.02,709.055,549.419,175.419,60.676,697.234,586.336,452.624,220.433,28.681,7.335,84.889,67.791,51.01,24.03,2.587,0.468,1.228
25.0,3000,0.7,2.0,1.09598,0.83862,0.6519,0.40899,0.1665,0.12319,1.22787,0.93439,0.72443,0.45296,0.18129,0.13093,627.213,690.077,686.372,534.139,171.33,59.299,687.413,578.71,447.445,218.455,28.527,7.305,82.72,66.094,49.786,23.491,2.533,0.459,1.309
27.5,3000,0.7,2.0,1.12656,0.86009,0.66751,0.4179,0.16993,0.1258,1.26037,0.95699,0.74073,0.46215,0.18476,0.13356,600.431,662.904,661.607,517.411,166.843,57.788,676.422,570.159,441.626,216.225,28.352,7.27,80.342,64.233,48.443,22.899,2.474,0.448,1.411
30.0,3000,0.7,2.0,1.16193,0.88482,0.68541,0.42808,0.17383,0.12879,1.29796,0.983,0.75942,0.47265,0.18871,0.13655,571.655,633.629,634.858,499.284,161.969,56.146,664.221,560.646,435.138,213.732,28.155,7.231,77.763,62.213,46.983,22.256,2.41,0.436,1.459
32.5,3000,0.7,2.0,1.20279,0.91324,0.70591,0.43967,0.17824,0.13215,1.34139,1.01291,0.78082,0.48461,0.19318,0.13995,541.046,602.39,606.232,479.814,156.718,54.377,650.765,550.129,427.948,210.96,27.934,7.186,74.989,60.037,45.411,21.562,2.341,0.424,1.523
35.0,3000,0.7,2.0,1.25006,0.94594,0.72939,0.45286,0.18323,0.13597,1.39163,1.0473,0.80533,0.49821,0.19823,0.1438,508.783,569.344,575.85,459.063,151.103,52.484,636.008,538.563,420.021,207.891,27.687,7.136,72.03,57.713,43.728,20.818,2.266,0.411,1.647
37.5,3000,0.7,2.0,1.30487,0.9836,0.75631,0.46788,0.18886,0.14027,1.44989,1.08693,0.83342,0.51369,0.20392,0.14812,475.065,534.667,543.847,437.098,145.137,50.473,619.898,525.9,411.315,204.508,27.41,7.08,68.893,55.247,41.94,20.027,2.187,0.396,1.637
40.0,3000,0.7,2.0,1.3687,1.02715,0.78724,0.485,0.19522,0.14514,1.51773,1.13275,0.86572,0.53136,0.21037,0.15302,440.115,498.552,510.373,413.994,138.834,48.347,602.384,512.087,401.788,200.789,27.103,7.017,65.591,52.646,40.052,19.19,2.103,0.381,1.698
42.5,3000,0.7,2.0,1.44346,1.07774,0.82296,0.5046,0.20241,0.15061,1.59719,1.18597,0.903,0.55156,0.21766,0.15853,404.176,461.215,475.593,389.836,132.209,46.111,583.41,497.07,391.393,196.71,26.761,6.945,62.135,49.919,38.068,18.308,2.015,0.365,1.759
45.0,3000,0.7,2.0,1.53169,1.13689,0.86442,0.52711,0.21057,0.15684,1.69097,1.2482,0.94628,0.57478,0.22591,0.16481,367.518,422.897,439.693,364.716,125.279,43.771,562.922,480.788,380.079,192.246,26.38,6.865,58.539,47.074,35.995,17.385,1.922,0.349,1.816
47.5,3000,0.7,2.0,1.63679,1.20663,0.9129,0.55314,0.21987,0.16392,1.80268,1.32157,0.99688,0.60162,0.23533,0.17192,330.442,383.864,402.882,338.737,118.063,41.332,540.863,463.181,367.789,187.368,25.958,6.775,54.817,44.124,33.838,16.422,1.826,0.331,1.864
50.0,3000,0.7,2.0,1.76345,1.28969,0.9701,0.58344,0.23051,0.17198,1.93731,1.40896,1.0566,0.63287,0.24611,0.18005,293.277,344.414,365.392,312.014,110.578,38.801,517.18,444.186,354.465,182.043,25.489,6.673,50.988,41.079,31.607,15.421,1.725,0.313,1.887
52.5,3000,0.7,2.0,1.91829,1.38985,1.03834,0.61907,0.24278,0.18124,2.10189,1.51434,1.12784,0.66961,0.25853,0.18936,256.386,304.881,327.485,284.678,102.848,36.185,491.823,423.738,340.042,176.235,24.969,6.558,47.071,37.954,29.309,14.387,1.62,0.294,1.95
55.0,3000,0.7,2.0,2.11085,1.51249,1.12089,0.66141,0.25701,0.19194,2.30655,1.64337,1.21401,0.71327,0.27294,0.20015,220.172,265.636,289.458,256.878,94.896,33.49,464.749,401.772,324.451,169.902,24.389,6.428,43.088,34.766,26.954,13.321,1.512,0.275,1.941
57.5,3000,0.7,2.0,2.35541,1.66547,1.22241,0.71246,0.2737,0.20436,2.56649,1.80432,1.31998,0.76591,0.28985,0.21266,185.075,227.098,251.651,228.782,86.748,30.725,435.927,378.226,307.62,162.997,23.743,6.279,39.066,31.532,24.555,12.229,1.401,0.255,2.024
60.0,3000,0.7,2.0,2.67417,1.86073,1.34985,0.77504,0.29352,0.219,2.9053,2.00975,1.45302,0.83045,0.30992,0.22739,151.577,189.735,214.448,200.591,78.434,27.899,405.342,353.046,289.472,155.466,23.022,6.11,35.034,28.274,22.125,11.114,1.286,0.234,1.97
62.5,3000,0.7,2.0,3.10327,2.11713,1.51393,0.85342,0.31741,0.23642,3.3614,2.2795,1.6243,0.91127,0.33411,0.24493,120.198,154.07,178.297,172.537,69.989,25.023,373.007,326.186,269.929,147.246,22.215,5.916,31.026,25.017,19.679,9.981,1.169,0.213,2.032
65.0,3000,0.7,2.0,3.70491,2.46608,1.73205,0.9542,0.34673,0.2575,4.00089,2.64664,1.85199,1.01519,0.3638,0.26614,91.492,120.686,143.709,144.901,61.454,22.109,338.97,297.621,248.911,138.264,21.308,5.693,27.079,21.791,17.237,8.838,1.049,0.191,2.084
67.5,3000,0.7,2.0,4.59412,2.96337,2.03408,1.0882,0.38358,0.28352,4.94604,3.16983,2.16727,1.15337,0.40111,0.29233,66.029,90.223,111.278,118.022,52.878,19.17,303.345,267.364,226.348,128.431,20.283,5.435,23.237,18.628,14.822,7.692,0.927,0.169,2.098
70.0,3000,0.7,2.0,6.00318,3.71647,2.47532,1.27433,0.43135,0.31653,6.44376,3.96218,2.62789,1.34532,0.44949,0.32559,44.364,63.361,81.681,92.321,44.324,16.226,266.325,235.479,202.187,117.647,19.119,5.136,19.546,15.569,12.462,6.554,0.804,0.147,2.192
72.5,3000,0.7,2.0,8.46043,4.95526,3.16862,1.54842,0.49578,0.35992,9.05564,5.26554,3.35162,1.62797,0.51473,0.36932,26.977,40.792,55.677,68.323,35.873,13.3,228.237,202.135,176.419,105.793,17.785,4.787,16.057,12.657,10.189,5.435,0.68,0.125,2.248
75.0,3000,0.7,2.0,13.37474,7.24848,4.37572,1.98661,0.5877,0.41986,14.27922,7.67828,4.6117,2.07983,0.60781,0.42964,14.175,23.129,34.079,46.684,27.64,10.425,189.587,167.65,149.12,92.743,16.244,4.377,12.821,9.941,8.042,4.352,0.556,0.102,2.212
77.5,3000,0.7,2.0,25.49182,12.32426,6.82874,2.77717,0.72966,0.50889,27.15905,13.01868,7.17239,2.89505,0.75159,0.51922,5.929,10.76,17.652,28.223,19.79,7.648,151.141,132.609,120.541,78.38,14.44,3.892,9.885,7.472,6.066,3.327,0.434,0.079,2.166
80.0,3000,0.7,2.0,67.8256,27.4099,13.24412,4.50936,0.97805,0.65702,72.15833,28.89088,13.86938,4.68135,1.0031,0.66852,1.68,3.574,6.89,13.896,12.575,5.044,113.947,97.963,91.252,62.662,12.299,3.314,7.279,5.293,4.308,2.39,0.315,0.058,2.226
10.0,3500,0.7,2.0,0.9806,0.75846,0.59404,0.3761,0.15385,0.11354,1.10352,0.84919,0.66358,0.4189,0.16848,0.1212,744.534,806.267,790.593,603.164,189.804,65.626,730.092,611.524,469.647,226.847,29.202,7.451,91.519,73.151,54.975,25.818,2.776,0.503,0.866
12.5,3500,0.7,2.0,0.99114,0.76602,0.59962,0.37935,0.15514,0.11452,1.11471,0.85714,0.6694,0.42225,0.16977,0.1222,732.148,793.848,779.388,595.688,187.817,64.957,725.66,608.103,467.338,225.972,29.137,7.439,90.475,72.334,54.385,25.558,2.749,0.499,0.944
15.0,3500,0.7,2.0,1.0043,0.77544,0.60657,0.38339,0.15672,0.11573,1.12869,0.86705,0.67665,0.42642,0.17138,0.12341,717.125,778.769,765.77,586.592,185.396,64.142,720.206,603.891,464.491,224.892,29.055,7.423,89.204,71.338,53.667,25.241,2.718,0.493,1.025
17.5,3500,0.7,2.0,1.02027,0.78685,0.61497,0.38826,0.15863,0.11718,1.14565,0.87905,0.68542,0.43145,0.17331,0.12487,699.532,761.09,749.785,575.9,182.548,63.184,713.71,598.867,461.093,223.601,28.957,7.404,87.708,70.167,52.822,24.869,2.68,0.486,1.081
20.0,3500,0.7,2.0,1.03928,0.80041,0.62492,0.39403,0.16087,0.11889,1.16584,0.8933,0.69581,0.43739,0.17559,0.12659,679.455,740.883,731.491,563.641,179.279,62.083,706.146,593.01,457.126,222.09,28.841,7.381,85.992,68.822,51.85,24.44,2.638,0.478,1.157
22.5,3500,0.7,2.0,1.06164,0.8163,0.63657,0.40075,0.16349,0.12089,1.18959,0.91001,0.70796,0.44432,0.17823,0.12861,656.989,718.234,710.952,549.85,175.594,60.842,697.485,586.293,452.569,220.352,28.707,7.355,84.06,67.307,50.755,23.957,2.589,0.47,1.249
25.0,3500,0.7,2.0,1.0877,0.83476,0.65006,0.40851,0.16649,0.12318,1.21726,0.92942,0.72204,0.45232,0.18127,0.13092,632.246,693.239,688.243,534.566,171.504,59.464,687.693,578.686,447.4,218.375,28.554,7.325,81.916,65.624,49.539,23.42,2.535,0.46,1.31
27.5,3500,0.7,2.0,1.11792,0.85608,0.6656,0.41741,0.16992,0.12581,1.24935,0.95184,0.73826,0.4615,0.18475,0.13356,605.353,666.008,663.45,517.834,167.015,57.951,676.734,570.156,441.593,216.147,28.38,7.291,79.566,63.779,48.204,22.831,2.476,0.449,1.386
30.0,3500,0.7,2.0,1.15285,0.88063,0.68343,0.42757,0.17382,0.12879,1.28645,0.97766,0.75686,0.47197,0.18869,0.13657,576.454,636.667,636.669,499.702,162.14,56.308,664.566,560.665,435.117,213.656,28.183,7.252,77.016,61.776,46.753,22.189,2.412,0.438,1.461
32.5,3500,0.7,2.0,1.19321,0.90884,0.70384,0.43914,0.17823,0.13216,1.32931,1.00732,0.77817,0.4839,0.19316,0.13996,545.71,605.355,608.008,480.227,156.888,54.538,651.145,550.171,427.941,210.886,27.962,7.208,74.274,59.618,45.19,21.497,2.343,0.425,1.485
35.0,3500,0.7,2.0,1.23987,0.94128,0.72721,0.4523,0.18321,0.13597,1.37887,1.04144,0.80255,0.49748,0.19821,0.1438,513.298,572.23,577.587,459.469,151.271,52.643,636.424,538.631,420.027,207.82,27.715,7.158,71.348,57.314,43.517,20.756,2.268,0.412,1.59
37.5,3500,0.7,2.0,1.29397,0.97866,0.754,0.46729,0.18885,0.14027,1.43632,1.08074,0.83051,0.51293,0.20391,0.14813,479.418,537.465,545.54,437.497,145.302,50.63,620.352,525.994,411.337,204.44,27.44,7.102,68.247,54.868,41.74,19.967,2.189,0.398,1.65
40.0,3500,0.7,2.0,1.35694,1.02186,0.78479,0.48439,0.19521,0.14513,1.5032,1.12617,0.86265,0.53056,0.21035,0.153,444.29,501.254,512.017,414.386,138.997,48.502,602.876,512.209,401.827,200.723,27.133,7.039,64.982,52.288,39.863,19.133,2.105,0.382,1.686
42.5,3500,0.7,2.0,1.43067,1.07203,0.82033,0.50394,0.2024,0.15064,1.5815,1.17893,0.89973,0.55072,0.21763,0.15857,408.159,463.812,477.184,390.219,132.369,46.264,583.941,497.22,391.449,196.648,26.791,6.969,61.564,49.583,37.89,18.255,2.017,0.367,1.734
45.0,3500,0.7,2.0,1.51764,1.13068,0.86158,0.52641,0.21056,0.15685,1.67386,1.24061,0.94278,0.57389,0.2259,0.16482,371.295,425.379,441.227,365.09,125.437,43.921,563.491,480.968,380.152,192.188,26.412,6.889,58.006,46.761,35.829,17.334,1.924,0.35,1.795
47.5,3500,0.7,2.0,1.62119,1.1998,0.90981,0.55238,0.21985,0.16391,1.78384,1.3133,0.99311,0.60067,0.23532,0.17191,333.995,386.222,404.352,339.1,118.216,41.48,541.469,463.391,367.882,187.313,25.99,6.799,54.324,43.834,33.685,16.374,1.828,0.332,1.818
50.0,3500,0.7,2.0,1.74592,1.2821,0.96669,0.58262,0.23049,0.17198,1.91631,1.39984,1.05248,0.63185,0.24609,0.18004,296.59,346.638,366.793,312.366,110.729,38.946,517.822,444.426,354.576,181.992,25.522,6.698,50.535,40.813,31.466,15.377,1.727,0.314,1.889
52.5,3500,0.7,2.0,1.89828,1.38132,1.03456,0.61817,0.24275,0.18125,2.07811,1.50418,1.1233,0.6685,0.2585,0.1894,259.444,306.959,328.81,285.017,102.994,36.326,492.497,424.008,340.173,176.188,25.002,6.584,46.657,37.713,29.18,14.346,1.622,0.296,1.881
55.0,3500,0.7,2.0,2.08761,1.50274,1.11662,0.66041,0.25699,0.19193,2.27919,1.63187,1.20894,0.71206,0.27292,0.20014,222.959,267.558,290.701,257.202,95.038,33.627,465.452,402.071,324.603,169.859,24.424,6.454,42.714,34.548,26.838,13.284,1.514,0.276,2.027
57.5,3500,0.7,2.0,2.32789,1.65414,1.21752,0.71133,0.27368,0.20439,2.53437,1.79108,1.31424,0.76456,0.28982,0.21268,187.575,228.852,252.803,229.091,86.885,30.858,436.654,378.554,307.793,162.959,23.779,6.307,38.731,31.338,24.452,12.195,1.402,0.256,1.998
60.0,3500,0.7,2.0,2.64076,1.84727,1.34414,0.77376,0.2935,0.219,2.86665,1.99417,1.44638,0.82893,0.3099,0.22738,153.776,191.309,215.503,200.881,78.565,28.028,406.085,353.399,289.666,155.434,23.059,6.138,34.737,28.103,22.034,11.083,1.288,0.235,1.995
62.5,3500,0.7,2.0,3.06142,2.1007,1.50711,0.85193,0.31738,0.23642,3.31342,2.26068,1.61646,0.90953,0.33408,0.24493,122.086,155.454,179.245,172.807,70.114,25.146,373.757,326.562,270.142,147.219,22.253,5.945,30.765,24.869,19.601,9.954,1.171,0.214,2.01
65.0,3500,0.7,2.0,3.65047,2.44536,1.72366,0.95242,0.3467,0.2575,3.93901,2.62312,1.84245,1.01315,0.36377,0.26614,93.061,121.87,144.544,145.149,61.572,22.225,339.716,298.016,249.144,138.243,21.347,5.723,26.852,21.664,17.171,8.815,1.051,0.192,2.081
67.5,3500,0.7,2.0,4.51962,2.93607,2.02338,1.08602,0.38354,0.28351,4.86209,3.13916,2.15524,1.1509,0.40107,0.29232,67.278,91.2,111.99,118.245,52.988,19.28,304.071,267.77,226.598,128.416,20.323,5.466,23.041,18.521,14.767,7.672,0.929,0.17,2.093
70.0,3500,0.7,2.0,5.89407,3.67834,2.46096,1.27154,0.4313,0.31653,6.32184,3.91972,2.6119,1.3422,0.44944,0.3256,45.302,64.129,82.265,92.517,44.424,16.327,267.013,235.888,202.451,117.639,19.16,5.168,19.379,15.48,12.417,6.537,0.806,0.148,2.089
72.5,3500,0.7,2.0,8.28441,4.89769,3.14794,1.54469,0.49569,0.35992,8.86053,5.20202,3.32885,1.62384,0.51465,0.36925,27.626,41.353,56.129,68.487,35.964,13.392,228.865,202.534,176.691,105.791,17.827,4.82,15.916,12.585,10.154,5.421,0.682,0.125,2.228
75.0,3500,0.7,2.0,13.04845,7.1503,4.34289,1.98116,0.58758,0.41986,13.92032,7.57092,4.57589,2.07389,0.60771,0.42966,14.571,23.499,34.399,46.815,27.719,10.506,190.129,168.025,149.391,92.748,16.287,4.411,12.704,9.884,8.015,4.341,0.558,0.103,2.171
77.5,3500,0.7,2.0,24.74192,12.12274,6.76756,2.7683,0.72953,0.50888,26.33986,12.80011,7.10627,2.88551,0.75144,0.51925,6.126,10.966,17.85,28.317,19.854,7.715,151.569,132.938,120.801,78.39,14.484,3.926,9.789,7.428,6.046,3.319,0.435,0.08,2.181
80.0,3500,0.7,2.0,65.31732,26.84504,13.09707,4.49162,0.97782,0.65699,69.43511,28.28259,13.71181,4.66239,1.00285,0.66837,1.749,3.659,6.985,13.954,12.624,5.096,114.24,98.226,91.483,62.676,12.344,3.348,7.202,5.26,4.294,2.383,0.316,0.058,2.238
10.0,4000,0.7,2.0,0.97397,0.75529,0.59268,0.37569,0.15365,0.11355,1.09486,0.84503,0.66168,0.41834,0.16816,0.12121,749.746,809.465,792.431,603.579,189.97,65.771,730.23,611.383,469.657,226.761,29.188,7.468,90.634,72.641,54.68,25.743,2.757,0.504,0.878
12.5,4000,0.7,2.0,0.98439,0.7628,0.59824,0.37894,0.15492,0.11451,1.10592,0.85293,0.66748,0.42169,0.16945,0.12219,737.318,797.024,781.215,596.101,187.982,65.102,725.811,607.971,467.352,225.887,29.122,7.455,89.602,71.831,54.094,25.484,2.731,0.5,0.928
15.0,4000,0.7,2.0,0.99741,0.77217,0.60516,0.38298,0.1565,0.11572,1.11973,0.86277,0.6747,0.42585,0.17105,0.1234,722.243,781.918,767.584,587.003,185.561,64.287,720.374,603.77,464.509,224.808,29.041,7.439,88.345,70.843,53.38,25.168,2.7,0.494,1.032
17.5,4000,0.7,2.0,1.01321,0.7835,0.61352,0.38784,0.15841,0.11717,1.1365,0.87469,0.68343,0.43087,0.17298,0.12486,704.589,764.207,751.585,576.308,182.713,63.327,713.898,598.759,461.116,223.518,28.943,7.42,86.867,69.682,52.54,24.797,2.663,0.487,1.081
20.0,4000,0.7,2.0,1.03202,0.79697,0.62344,0.3936,0.16065,0.11889,1.15646,0.88884,0.69378,0.43681,0.17525,0.12659,684.439,743.963,733.273,564.047,179.442,62.226,706.357,592.916,457.155,222.009,28.828,7.398,85.17,68.348,51.575,24.37,2.62,0.479,1.178
22.5,4000,0.7,2.0,1.05413,0.81276,0.63505,0.40031,0.16326,0.12088,1.17992,0.90543,0.70588,0.44372,0.17789,0.12861,661.891,721.27,712.713,550.253,175.757,60.984,697.72,586.216,452.605,220.272,28.694,7.372,83.26,66.845,50.487,23.888,2.572,0.471,1.258
25.0,4000,0.7,2.0,1.0799,0.83109,0.64849,0.40806,0.16626,0.12318,1.20727,0.92471,0.71991,0.45171,0.18093,0.13091,637.055,696.226,689.981,534.966,171.665,59.605,687.956,578.627,447.444,218.297,28.541,7.342,81.14,65.177,49.278,23.353,2.519,0.461,1.295
27.5,4000,0.7,2.0,1.10977,0.85227,0.66397,0.41694,0.16968,0.1258,1.23897,0.94697,0.73606,0.46087,0.1844,0.13355,610.057,668.94,665.161,518.229,167.176,58.092,677.026,570.117,441.645,216.071,28.367,7.308,78.817,63.346,47.951,22.765,2.46,0.45,1.402
30.0,4000,0.7,2.0,1.14431,0.87664,0.68172,0.42708,0.17358,0.12879,1.27562,0.97259,0.75458,0.47133,0.18834,0.13657,581.042,639.538,638.351,500.093,162.298,56.448,664.89,560.647,435.178,213.582,28.171,7.27,76.296,61.359,46.509,22.126,2.396,0.439,1.395
32.5,4000,0.7,2.0,1.18419,0.90466,0.70205,0.43864,0.17798,0.13216,1.31794,1.00203,0.77579,0.48324,0.19279,0.13995,550.169,608.159,609.657,480.612,157.044,54.676,651.503,550.176,428.011,210.814,27.95,7.226,73.585,59.219,44.956,21.436,2.327,0.426,1.504
35.0,4000,0.7,2.0,1.23029,0.93687,0.72533,0.45178,0.18295,0.13598,1.36686,1.03589,0.80007,0.49679,0.19784,0.1438,517.616,574.958,579.199,459.848,151.426,52.781,636.817,538.66,420.108,207.751,27.704,7.177,70.691,56.933,43.293,20.697,2.254,0.413,1.575
37.5,4000,0.7,2.0,1.28372,0.97396,0.752,0.46674,0.18857,0.14027,1.42356,1.07488,0.8279,0.51222,0.20352,0.14813,483.581,540.111,547.112,437.87,145.456,50.766,620.781,526.049,411.428,204.373,27.428,7.121,67.624,54.506,41.527,19.911,2.175,0.399,1.648
40.0,4000,0.7,2.0,1.34588,1.01683,0.78266,0.4838,0.19491,0.14514,1.48953,1.11994,0.85989,0.52981,0.20995,0.15303,448.286,503.809,513.545,414.752,139.148,48.636,603.341,512.29,401.929,200.659,27.122,7.059,64.394,51.947,39.661,19.079,2.092,0.384,1.676
42.5,4000,0.7,2.0,1.41864,1.06661,0.81804,0.50332,0.20209,0.15062,1.56674,1.17227,0.8968,0.54993,0.21722,0.15855,411.973,466.269,478.664,390.577,132.518,46.396,584.443,497.329,391.564,196.587,26.781,6.988,61.012,49.263,37.701,18.203,2.004,0.368,1.75
45.0,4000,0.7,2.0,1.50443,1.12479,0.85909,0.52575,0.21024,0.15684,1.65778,1.23342,0.93963,0.57305,0.22546,0.16481,374.911,427.728,442.653,365.439,125.582,44.051,564.029,481.106,380.279,192.129,26.402,6.909,57.492,46.463,35.651,17.286,1.912,0.351,1.794
47.5,4000,0.7,2.0,1.60653,1.19334,0.90708,0.55167,0.21951,0.16391,1.76613,1.30547,0.9897,0.59977,0.23485,0.17194,337.399,388.454,405.719,339.439,118.359,41.608,542.043,463.558,368.021,187.258,25.981,6.82,53.848,43.558,33.52,16.329,1.816,0.334,1.844
50.0,4000,0.7,2.0,1.72944,1.27493,0.96369,0.58185,0.23013,0.17199,1.89656,1.39123,1.04876,0.63089,0.24561,0.18006,299.767,348.743,368.096,312.694,110.868,39.071,518.429,444.622,354.729,181.941,25.514,6.72,50.097,40.559,31.314,15.335,1.716,0.315,1.892
52.5,4000,0.7,2.0,1.87949,1.37325,1.0312,0.61732,0.24236,0.18124,2.05579,1.49458,1.11919,0.66746,0.25799,0.18939,262.378,308.927,330.043,285.334,103.13,36.448,493.136,424.234,340.339,176.141,24.995,6.606,46.258,37.481,29.042,14.307,1.612,0.297,1.939
55.0,4000,0.7,2.0,2.06581,1.49353,1.11281,0.65947,0.25656,0.19193,2.25352,1.62101,1.20434,0.71091,0.27238,0.20014,225.634,269.379,291.857,257.505,95.169,33.747,466.118,402.326,324.782,169.816,24.417,6.477,42.353,34.34,26.713,13.248,1.505,0.277,1.946
57.5,4000,0.7,2.0,2.30208,1.64344,1.21313,0.71027,0.27322,0.20436,2.50425,1.77858,1.30901,0.76329,0.28924,0.21266,189.977,230.514,253.876,229.379,87.012,30.974,437.342,378.836,307.985,162.921,23.773,6.33,38.407,31.152,24.34,12.162,1.394,0.257,2.015
60.0,4000,0.7,2.0,2.60945,1.83457,1.33899,0.77255,0.293,0.21902,2.83043,1.97948,1.44031,0.8275,0.30926,0.22741,155.891,192.802,216.485,201.153,78.687,28.139,406.789,353.708,289.871,155.4,23.055,6.163,34.449,27.939,21.935,11.054,1.28,0.236,2.022
62.5,4000,0.7,2.0,3.02227,2.08521,1.50092,0.85051,0.31682,0.23645,3.26852,2.24293,1.60925,0.90788,0.33338,0.24496,123.903,156.768,180.129,173.06,70.23,25.253,374.468,326.894,270.359,147.19,22.25,5.971,30.512,24.726,19.514,9.928,1.163,0.215,2.065
65.0,4000,0.7,2.0,3.59954,2.42584,1.716,0.95074,0.34605,0.25749,3.88114,2.60098,1.83365,1.01121,0.363,0.26614,94.574,122.995,145.322,145.381,61.681,22.327,340.423,298.366,249.372,138.219,21.345,5.749,26.632,21.542,17.097,8.792,1.045,0.193,2.05
67.5,4000,0.7,2.0,4.45003,2.91042,2.01352,1.08395,0.3828,0.28356,4.7837,3.11035,2.14406,1.14856,0.40021,0.29239,68.485,92.129,112.656,118.454,53.09,19.375,304.76,268.134,226.835,128.398,20.323,5.494,22.852,18.419,14.706,7.653,0.924,0.171,2.13
70.0,4000,0.7,2.0,5.79226,3.64257,2.44767,1.26891,0.43046,0.31652,6.20813,3.87993,2.59701,1.33925,0.44845,0.3256,46.211,64.86,82.811,92.699,44.518,16.416,267.666,236.257,202.694,117.627,19.163,5.196,19.218,15.395,12.367,6.52,0.801,0.149,2.201
72.5,4000,0.7,2.0,8.12075,4.84354,3.12873,1.54115,0.49472,0.3599,8.67922,5.14233,3.30756,1.61992,0.51352,0.36926,28.256,41.89,56.552,68.641,36.047,13.473,229.46,202.896,176.936,105.786,17.833,4.849,15.78,12.516,10.113,5.407,0.678,0.126,2.163
75.0,4000,0.7,2.0,12.74686,7.05844,4.3121,1.97603,0.58634,0.41987,13.58866,7.47051,4.54219,2.06828,0.60631,0.42961,14.956,23.853,34.7,46.937,27.791,10.577,190.642,168.365,149.63,92.749,16.295,4.441,12.59,9.829,7.984,4.33,0.555,0.103,2.145
77.5,4000,0.7,2.0,24.05032,11.93568,6.71014,2.75997,0.72788,0.50894,25.58459,12.59724,7.04408,2.87654,0.74962,0.51936,6.319,11.163,18.036,28.405,19.914,7.775,151.974,133.238,121.024,78.397,14.495,3.957,9.695,7.385,6.023,3.311,0.433,0.081,2.176
80.0,4000,0.7,2.0,62.9901,26.3205,12.95577,4.47509,0.97545,0.65714,66.91034,27.71826,13.5602,4.64485,1.00032,0.66861,1.818,3.741,7.076,14.008,12.669,5.142,114.516,98.465,91.675,62.687,12.358,3.379,7.127,5.229,4.277,2.378,0.315,0.059,2.218
10.0,4500,0.7,2.0,0.9677,0.75227,0.59128,0.37531,0.15365,0.11354,1.08665,0.84108,0.6598,0.41782,0.16817,0.12121,754.734,812.496,794.142,603.967,190.127,65.896,730.354,611.216,469.563,226.675,29.213,7.482,89.78,72.156,54.41,25.672,2.76,0.505,0.873
12.5,4500,0.7,2.0,0.97802,0.75973,0.59682,0.37855,0.15492,0.11451,1.0976,0.84892,0.66557,0.42116,0.16945,0.12219,742.266,800.034,782.917,596.488,188.139,65.226,725.948,607.812,467.261,225.802,29.147,7.469,88.76,71.352,53.828,25.414,2.734,0.501,0.945
15.0,4500,0.7,2.0,0.99091,0.76904,0.60372,0.38258,0.15651,0.11573,1.11126,0.8587,0.67277,0.42531,0.17106,0.12341,727.141,784.903,769.274,587.388,185.718,64.411,720.528,603.621,464.424,224.724,29.066,7.454,87.518,70.372,53.118,25.099,2.703,0.495,1.035
17.5,4500,0.7,2.0,1.00654,0.78031,0.61205,0.38744,0.15841,0.11718,1.12785,0.87054,0.68146,0.43032,0.17299,0.12487,709.428,767.162,753.261,576.691,182.868,63.451,714.07,598.622,461.036,223.434,28.968,7.435,86.056,69.22,52.283,24.729,2.666,0.488,1.097
20.0,4500,0.7,2.0,1.02516,0.79369,0.62194,0.39319,0.16065,0.1189,1.14759,0.8846,0.69177,0.43625,0.17526,0.12659,689.21,746.882,734.932,564.427,179.597,62.349,706.55,592.794,457.082,221.927,28.853,7.413,84.378,67.896,51.323,24.303,2.623,0.48,1.159
22.5,4500,0.7,2.0,1.04704,0.80938,0.6335,0.39989,0.16326,0.12089,1.17079,0.90108,0.70383,0.44315,0.1779,0.12861,666.583,724.149,714.354,550.63,175.911,61.107,697.938,586.109,452.54,220.191,28.72,7.387,82.489,66.405,50.241,23.823,2.575,0.472,1.268
25.0,4500,0.7,2.0,1.07253,0.8276,0.64689,0.40762,0.16626,0.12318,1.19782,0.92022,0.71779,0.45113,0.18094,0.13091,641.658,699.058,691.6,535.339,171.818,59.727,688.2,578.538,447.387,218.217,28.567,7.357,80.393,64.75,49.04,23.289,2.522,0.462,1.331
27.5,4500,0.7,2.0,1.10208,0.84864,0.66231,0.41649,0.16969,0.12581,1.22916,0.94233,0.73388,0.46027,0.18441,0.13356,614.562,671.721,666.756,518.599,167.327,58.213,677.299,570.047,441.596,215.993,28.394,7.324,78.095,62.934,47.72,22.703,2.463,0.451,1.379
30.0,4500,0.7,2.0,1.13624,0.87285,0.67999,0.42662,0.17358,0.12878,1.26537,0.96777,0.75233,0.47071,0.18835,0.13656,585.436,642.261,639.918,500.458,162.448,56.568,665.193,560.597,435.14,213.507,28.198,7.285,75.602,60.962,46.287,22.066,2.399,0.44,1.417
32.5,4500,0.7,2.0,1.17567,0.90068,0.70024,0.43816,0.17799,0.13217,1.30719,0.997,0.77345,0.4826,0.19281,0.13996,554.44,610.817,611.193,480.973,157.193,54.795,651.837,550.149,427.984,210.741,27.978,7.242,72.92,58.838,44.742,21.378,2.33,0.427,1.482
35.0,4500,0.7,2.0,1.22124,0.93266,0.72342,0.45128,0.18295,0.13598,1.35551,1.03061,0.79762,0.49613,0.19784,0.1438,521.753,577.546,580.702,460.204,151.573,52.899,637.185,538.656,420.092,207.68,27.731,7.193,70.057,56.57,43.089,20.642,2.256,0.414,1.59
37.5,4500,0.7,2.0,1.27403,0.9695,0.74998,0.46621,0.18857,0.14028,1.4115,1.06931,0.82533,0.51153,0.20353,0.14814,487.572,542.62,548.578,438.22,145.6,50.883,621.183,526.07,411.425,204.304,27.456,7.138,67.023,54.161,41.332,19.858,2.178,0.4,1.637
40.0,4500,0.7,2.0,1.33545,1.01206,0.78051,0.48325,0.19492,0.14513,1.47662,1.11403,0.85717,0.52909,0.20995,0.15302,452.117,506.234,514.97,415.095,139.29,48.751,603.779,512.338,401.939,200.593,27.15,7.075,63.827,51.621,39.477,19.028,2.094,0.385,1.712
42.5,4500,0.7,2.0,1.4073,1.06147,0.81573,0.50273,0.2021,0.15063,1.55281,1.16594,0.89391,0.54917,0.21723,0.15857,415.63,468.6,480.043,390.913,132.658,46.51,584.916,497.404,391.587,196.524,26.81,7.006,60.48,48.957,37.527,18.155,2.007,0.369,1.821
45.0,4500,0.7,2.0,1.49198,1.1192,0.8566,0.52511,0.21024,0.15685,1.64261,1.2266,0.93654,0.57225,0.22548,0.16482,378.381,429.958,443.983,365.766,125.72,44.164,564.538,481.208,380.317,192.069,26.432,6.927,56.996,46.178,35.489,17.24,1.915,0.352,1.805
47.5,4500,0.7,2.0,1.59271,1.1872,0.90437,0.55099,0.21952,0.16393,1.74943,1.29805,0.98636,0.59892,0.23486,0.17194,340.667,390.573,406.995,339.758,118.494,41.718,542.585,463.689,368.073,187.202,26.012,6.839,53.388,43.294,33.369,16.286,1.818,0.334,1.852
50.0,4500,0.7,2.0,1.71391,1.26812,0.9607,0.58111,0.23014,0.17198,1.87795,1.38306,1.04511,0.62997,0.24561,0.18005,302.818,350.743,369.312,313.003,111.0,39.179,519.004,444.783,354.797,181.888,25.545,6.738,49.674,40.317,31.175,15.295,1.718,0.316,1.851
52.5,4500,0.7,2.0,1.86179,1.36559,1.02787,0.6165,0.24237,0.18124,2.03476,1.48548,1.11517,0.66646,0.258,0.18936,265.197,310.798,331.194,285.63,103.258,36.554,493.741,424.423,340.423,176.091,25.027,6.625,45.872,37.26,28.915,14.27,1.614,0.297,1.93
55.0,4500,0.7,2.0,2.0453,1.4848,1.10905,0.65857,0.25658,0.19194,2.22936,1.61072,1.19985,0.70982,0.27239,0.20015,228.206,271.11,292.937,257.789,95.293,33.85,466.75,402.543,324.882,169.771,24.45,6.497,42.004,34.14,26.598,13.214,1.507,0.278,2.025
57.5,4500,0.7,2.0,2.27781,1.6333,1.20882,0.70926,0.27323,0.20438,2.47592,1.76675,1.30391,0.76208,0.28925,0.21269,192.288,232.095,254.878,229.649,87.131,31.074,437.995,379.081,308.102,162.88,23.807,6.351,38.094,30.974,24.237,12.131,1.396,0.258,2.003
60.0,4500,0.7,2.0,2.58002,1.82254,1.33395,0.77139,0.293,0.21901,2.79639,1.96558,1.43442,0.82613,0.30927,0.2274,157.928,194.223,217.403,201.408,78.802,28.236,407.457,353.979,290.004,155.364,23.089,6.184,34.172,27.782,21.844,11.026,1.282,0.237,2.002
62.5,4500,0.7,2.0,2.98548,2.07057,1.49489,0.84917,0.31682,0.23645,3.22636,2.22619,1.60229,0.90632,0.33339,0.24497,125.656,158.018,180.956,173.298,70.34,25.346,375.143,327.188,270.509,147.159,22.285,5.993,30.268,24.59,19.435,9.904,1.166,0.216,2.046
65.0,4500,0.7,2.0,3.55181,2.40741,1.70857,0.94913,0.34607,0.25749,3.82693,2.5801,1.82518,1.00938,0.36302,0.26615,96.034,124.067,146.05,145.599,61.785,22.416,341.095,298.68,249.537,138.193,21.382,5.772,26.42,21.425,17.03,8.771,1.047,0.194,2.11
67.5,4500,0.7,2.0,4.38481,2.88619,2.00403,1.08199,0.38283,0.28352,4.71026,3.08315,2.13334,1.14633,0.40022,0.29236,69.653,93.016,113.279,118.65,53.186,19.459,305.415,268.462,227.014,128.378,20.361,5.517,22.669,18.32,14.649,7.634,0.925,0.172,2.071
70.0,4500,0.7,2.0,5.6972,3.60883,2.43491,1.26641,0.43046,0.31654,6.10199,3.84242,2.58277,1.33646,0.44846,0.32563,47.091,65.559,83.323,92.871,44.606,16.494,268.287,236.591,202.884,117.613,19.201,5.221,19.062,15.314,12.32,6.505,0.803,0.15,2.066
72.5,4500,0.7,2.0,7.96851,4.79284,3.11031,1.53781,0.49471,0.35989,8.51062,5.08646,3.28723,1.61624,0.51351,0.36927,28.867,42.402,56.95,68.785,36.126,13.543,230.027,203.226,177.132,105.778,17.872,4.874,15.649,12.45,10.076,5.395,0.679,0.127,2.189
75.0,4500,0.7,2.0,12.46696,6.97239,4.28285,1.97116,0.58632,0.41987,13.28106,7.37653,4.51025,2.06297,0.60628,0.42965,15.331,24.192,34.983,47.052,27.86,10.639,191.131,168.676,149.827,92.747,16.335,4.467,12.481,9.777,7.955,4.32,0.556,0.104,2.128
77.5,4500,0.7,2.0,23.40759,11.76015,6.65598,2.75204,0.72789,0.50881,24.88339,12.40712,6.9855,2.86798,0.74962,0.51916,6.509,11.353,18.211,28.488,19.97,7.828,152.36,133.513,121.212,78.4,14.536,3.983,9.606,7.345,6.001,3.303,0.434,0.081,2.137
80.0,4500,0.7,2.0,60.8579,25.83377,12.8253,4.45935,0.97545,0.65702,64.59915,27.1945,13.42033,4.62807,1.00031,0.6684,1.886,3.82,7.161,14.059,12.711,5.184,114.778,98.685,91.842,62.694,12.399,3.406,7.056,5.198,4.261,2.372,0.316,0.059,2.023
10.0,5000,0.7,2.0,0.96178,0.74939,0.58995,0.37494,0.15365,0.11354,1.07892,0.83732,0.65801,0.41731,0.16817,0.12121,759.487,815.361,795.738,604.331,190.273,66.003,730.46,611.025,469.449,226.59,29.236,7.494,88.963,71.696,54.154,25.605,2.763,0.506,0.83
12.5,5000,0.7,2.0,0.972,0.75681,0.59547,0.37818,0.15493,0.11452,1.08975,0.84512,0.66376,0.42065,0.16947,0.1222,746.982,802.88,784.504,596.85,188.285,65.333,726.067,607.629,467.151,225.717,29.171,7.482,87.953,70.898,53.574,25.348,2.737,0.502,0.899
15.0,5000,0.7,2.0,0.98477,0.76606,0.60235,0.3822,0.15651,0.11572,1.10327,0.85483,0.67093,0.4248,0.17107,0.12341,731.81,787.725,770.85,587.749,185.863,64.517,720.662,603.448,464.318,224.64,29.089,7.466,86.724,69.926,52.869,25.034,2.706,0.496,1.069
17.5,5000,0.7,2.0,1.00025,0.77727,0.61065,0.38706,0.15842,0.11717,1.11968,0.8666,0.6796,0.4298,0.17299,0.12486,714.042,769.955,754.823,577.05,183.012,63.557,714.223,598.461,460.936,223.352,28.992,7.447,85.279,68.782,52.038,24.665,2.668,0.489,1.107
20.0,5000,0.7,2.0,1.01869,0.79057,0.6205,0.3928,0.16066,0.11889,1.13922,0.88057,0.68986,0.43572,0.17527,0.12659,693.759,749.642,736.479,564.784,179.74,62.455,706.724,592.647,456.988,221.845,28.877,7.425,83.619,67.468,51.083,24.24,2.626,0.481,1.177
22.5,5000,0.7,2.0,1.04035,0.80616,0.63202,0.39949,0.16327,0.12089,1.16217,0.89695,0.70188,0.44261,0.17791,0.12862,671.058,726.871,715.883,550.984,176.053,61.212,698.135,585.977,452.453,220.111,28.744,7.4,81.75,65.988,50.008,23.762,2.578,0.473,1.254
25.0,5000,0.7,2.0,1.06559,0.82427,0.64536,0.40721,0.16627,0.12318,1.18892,0.91597,0.71579,0.45058,0.18094,0.13092,646.049,701.737,693.109,535.69,171.959,59.832,688.422,578.423,447.308,218.139,28.591,7.37,79.677,64.345,48.812,23.23,2.524,0.463,1.296
27.5,5000,0.7,2.0,1.09483,0.84518,0.66073,0.41607,0.16969,0.12581,1.21991,0.93793,0.73181,0.4597,0.18442,0.13356,618.858,674.351,668.243,518.946,167.467,58.317,677.547,569.95,441.526,215.917,28.418,7.337,77.403,62.543,47.501,22.645,2.466,0.452,1.381
30.0,5000,0.7,2.0,1.12863,0.86925,0.67835,0.42618,0.17359,0.12878,1.25572,0.9632,0.75019,0.47013,0.18836,0.13656,589.627,644.836,641.379,500.801,162.588,56.671,665.471,560.521,435.079,213.432,28.223,7.298,74.936,60.585,46.075,22.009,2.402,0.441,1.433
32.5,5000,0.7,2.0,1.16764,0.89689,0.69852,0.4377,0.17799,0.13215,1.29706,0.99224,0.77122,0.482,0.19282,0.13995,558.516,613.332,612.626,481.311,157.331,54.898,652.146,550.094,427.933,210.668,28.003,7.255,72.282,58.477,44.538,21.324,2.333,0.428,1.503
35.0,5000,0.7,2.0,1.21271,0.92867,0.72161,0.4508,0.18296,0.13596,1.34482,1.02561,0.7953,0.4955,0.19785,0.14379,525.701,579.994,582.104,460.537,151.709,53.0,637.525,538.624,420.053,207.609,27.757,7.206,69.449,56.225,42.894,20.589,2.259,0.415,1.568
37.5,5000,0.7,2.0,1.26492,0.96526,0.74807,0.46571,0.18858,0.14028,1.40014,1.06404,0.82289,0.51088,0.20354,0.14813,491.381,544.995,549.945,438.547,145.735,50.983,621.557,526.062,411.397,204.236,27.483,7.152,66.446,53.834,41.147,19.808,2.18,0.4,1.647
40.0,5000,0.7,2.0,1.32563,1.00753,0.77847,0.48271,0.19492,0.14514,1.46447,1.10843,0.85459,0.5284,0.20997,0.15302,455.774,508.528,516.299,415.416,139.423,48.851,604.187,512.356,401.924,200.527,27.177,7.09,63.282,51.312,39.301,18.98,2.097,0.385,1.703
42.5,5000,0.7,2.0,1.39663,1.05659,0.81355,0.50217,0.2021,0.15062,1.53971,1.15996,0.89117,0.54846,0.21723,0.15854,419.123,470.807,481.33,391.227,132.789,46.608,585.358,497.448,391.584,196.461,26.837,7.02,59.969,48.667,37.362,18.11,2.009,0.369,1.784
45.0,5000,0.7,2.0,1.48027,1.1139,0.85424,0.52451,0.21025,0.15685,1.62834,1.22015,0.9336,0.57149,0.22548,0.16482,381.696,432.069,445.224,366.073,125.848,44.26,565.012,481.28,380.328,192.009,26.459,6.942,56.519,45.907,35.334,17.197,1.917,0.353,1.781
47.5,5000,0.7,2.0,1.57972,1.18138,0.90179,0.55034,0.21953,0.16392,1.73372,1.29103,0.98319,0.59811,0.23488,0.17193,343.791,392.581,408.186,340.056,118.619,41.813,543.093,463.789,368.099,187.145,26.04,6.854,52.946,43.043,33.225,16.246,1.821,0.335,1.854
50.0,5000,0.7,2.0,1.69932,1.26167,0.95786,0.5804,0.23014,0.172,1.86046,1.37534,1.04166,0.6291,0.24562,0.18007,305.736,352.637,370.447,313.291,111.122,39.273,519.543,444.911,354.838,181.834,25.574,6.755,49.268,40.086,31.042,15.257,1.72,0.317,1.889
52.5,5000,0.7,2.0,1.84517,1.35835,1.02471,0.61572,0.24237,0.18125,2.01501,1.47688,1.11136,0.66551,0.25801,0.18938,267.894,312.57,332.269,285.909,103.377,36.646,494.309,424.579,340.479,176.041,25.056,6.642,45.501,37.05,28.793,14.235,1.616,0.298,1.913
55.0,5000,0.7,2.0,2.02603,1.47655,1.10549,0.65771,0.25658,0.19193,2.20668,1.60102,1.1956,0.70879,0.2724,0.20015,230.669,272.75,293.946,258.056,95.409,33.939,467.343,402.728,324.954,169.725,24.48,6.514,41.669,33.951,26.488,13.182,1.509,0.279,2.031
57.5,5000,0.7,2.0,2.25504,1.62372,1.20473,0.70829,0.27324,0.20439,2.44935,1.75559,1.29909,0.76093,0.28926,0.2127,194.502,233.595,255.815,229.903,87.243,31.161,438.61,379.293,308.189,162.838,23.838,6.369,37.794,30.805,24.138,12.102,1.398,0.259,1.983
60.0,5000,0.7,2.0,2.55243,1.81119,1.32917,0.77029,0.29301,0.219,2.76449,1.95248,1.42886,0.82484,0.30928,0.2274,159.882,195.571,218.261,201.646,78.909,28.32,408.087,354.216,290.107,155.326,23.121,6.202,33.905,27.633,21.757,11.0,1.284,0.238,1.989
62.5,5000,0.7,2.0,2.95105,2.05676,1.48918,0.84789,0.31683,0.23644,3.1869,2.2104,1.59571,0.90484,0.3334,0.24498,127.338,159.206,181.729,173.52,70.441,25.427,375.781,327.449,270.628,147.126,22.318,6.012,30.033,24.46,19.359,9.881,1.167,0.217,2.048
65.0,5000,0.7,2.0,3.50715,2.39004,1.70154,0.94762,0.34607,0.2575,3.77621,2.56044,1.81716,1.00763,0.36301,0.26617,97.438,125.086,146.732,145.803,61.88,22.493,341.73,298.961,249.671,138.166,21.415,5.792,26.216,21.314,16.964,8.75,1.048,0.195,2.034
67.5,5000,0.7,2.0,4.32399,2.86341,1.99506,1.08013,0.38282,0.28353,4.6418,3.0576,2.12324,1.14423,0.40023,0.29239,70.776,93.859,113.862,118.834,53.275,19.532,306.035,268.757,227.162,128.356,20.395,5.538,22.493,18.226,14.594,7.617,0.927,0.173,2.074
70.0,5000,0.7,2.0,5.60846,3.57722,2.42286,1.26405,0.43045,0.31653,6.00296,3.80729,2.56934,1.33381,0.44846,0.32558,47.941,66.223,83.803,93.032,44.688,16.561,268.875,236.894,203.043,117.597,19.236,5.242,18.913,15.236,12.275,6.49,0.805,0.15,2.129
72.5,5000,0.7,2.0,7.82661,4.74521,3.09304,1.53463,0.4947,0.35994,8.35354,5.03402,3.26819,1.61273,0.51351,0.36928,29.459,42.891,57.322,68.921,36.2,13.605,230.564,203.527,177.299,105.768,17.908,4.897,15.523,12.387,10.04,5.383,0.681,0.127,2.116
75.0,5000,0.7,2.0,12.20655,6.89191,4.25545,1.9666,0.58633,0.41986,12.99503,7.28867,4.48034,2.05802,0.60627,0.42968,15.696,24.516,35.248,47.159,27.923,10.694,191.594,168.962,149.996,92.743,16.372,4.49,12.376,9.727,7.927,4.311,0.557,0.105,2.187
77.5,5000,0.7,2.0,22.81521,11.59662,6.60503,2.74456,0.72785,0.50889,24.23738,12.23,6.93045,2.85994,0.74958,0.5193,6.694,11.535,18.376,28.566,20.022,7.874,152.725,133.767,121.374,78.401,14.573,4.007,9.52,7.306,5.98,3.296,0.435,0.082,2.195
80.0,5000,0.7,2.0,58.92623,25.38167,12.7016,4.44446,0.97537,0.6569,62.50564,26.70842,13.2879,4.61225,1.00024,0.66839,1.952,3.896,7.242,14.107,12.75,5.22,115.024,98.887,91.985,62.698,12.436,3.429,6.987,5.169,4.246,2.367,0.317,0.06,2.14
10.0,5500,0.7,2.0,0.95618,0.74681,0.58868,0.37461,0.15366,0.11355,1.07159,0.83388,0.65631,0.41685,0.16818,0.12122,764.027,818.078,797.232,604.673,190.412,66.096,730.545,610.946,469.318,226.516,29.258,7.505,88.179,71.234,53.91,25.539,2.765,0.507,0.839
12.5,5500,0.7,2.0,0.96631,0.75419,0.59419,0.37784,0.15493,0.11451,1.08232,0.84163,0.66204,0.42018,0.16948,0.12218,751.485,805.58,785.989,597.191,188.423,65.426,726.165,607.557,467.024,225.644,29.193,7.492,87.18,70.442,53.334,25.283,2.74,0.502,0.877
15.0,5500,0.7,2.0,0.97895,0.76339,0.60104,0.38186,0.15652,0.11573,1.09571,0.85129,0.66918,0.42432,0.17108,0.12342,736.27,790.402,772.326,588.088,186.0,64.61,720.775,603.385,464.196,224.567,29.112,7.477,85.964,69.477,52.631,24.97,2.708,0.497,1.016
17.5,5500,0.7,2.0,0.9943,0.77453,0.60932,0.38671,0.15842,0.11717,1.11196,0.86299,0.67782,0.42932,0.173,0.12487,718.449,772.605,756.287,577.387,183.149,63.65,714.353,598.408,460.819,223.28,29.014,7.458,84.534,68.342,51.805,24.601,2.671,0.49,1.076
20.0,5500,0.7,2.0,1.01256,0.78777,0.61913,0.39244,0.16067,0.11889,1.1313,0.87688,0.68805,0.43522,0.17528,0.12659,698.104,752.261,737.928,565.118,179.877,62.547,706.874,592.605,456.877,221.774,28.9,7.436,82.892,67.038,50.856,24.178,2.628,0.482,1.135
22.5,5500,0.7,2.0,1.03402,0.80327,0.63061,0.39912,0.16327,0.12089,1.15402,0.89316,0.70002,0.44211,0.17792,0.1286,675.332,729.453,717.316,551.316,176.189,61.304,698.307,585.948,452.349,220.041,28.767,7.411,81.042,65.569,49.785,23.701,2.58,0.473,1.245
25.0,5500,0.7,2.0,1.05901,0.82128,0.64391,0.40683,0.16628,0.12317,1.18049,0.91206,0.71388,0.45006,0.18096,0.13092,650.244,704.278,694.523,536.019,172.094,59.923,688.618,578.408,447.211,218.07,28.615,7.381,78.99,63.939,48.597,23.17,2.527,0.464,1.257
27.5,5500,0.7,2.0,1.08798,0.84207,0.65922,0.41568,0.16969,0.1258,1.21116,0.93389,0.72984,0.45918,0.18442,0.13356,622.963,676.846,669.635,519.272,167.601,58.408,677.77,569.95,441.438,215.85,28.441,7.348,76.739,62.149,47.291,22.587,2.468,0.453,1.356
30.0,5500,0.7,2.0,1.12144,0.86599,0.67678,0.42578,0.17359,0.12879,1.24659,0.959,0.74815,0.46958,0.18836,0.13656,593.633,647.28,642.748,501.123,162.72,56.761,665.721,560.538,435.0,213.366,28.246,7.31,74.298,60.206,45.873,21.953,2.404,0.441,1.461
32.5,5500,0.7,2.0,1.16005,0.89347,0.69688,0.43727,0.17799,0.13216,1.28748,0.98786,0.76911,0.48144,0.19282,0.13996,562.412,615.719,613.969,481.629,157.461,54.987,652.426,550.129,427.864,210.604,28.027,7.267,71.67,58.114,44.344,21.27,2.335,0.429,1.505
35.0,5500,0.7,2.0,1.20465,0.92506,0.71989,0.45036,0.18296,0.13598,1.33472,1.02102,0.79309,0.49492,0.19786,0.1438,529.477,582.318,583.417,460.851,151.838,53.089,637.837,538.678,419.994,207.547,27.781,7.219,68.866,55.878,42.708,20.537,2.261,0.415,1.559
37.5,5500,0.7,2.0,1.2563,0.96142,0.74624,0.46525,0.18858,0.14028,1.38941,1.05919,0.82057,0.51027,0.20355,0.14813,495.025,547.25,551.226,438.855,145.862,51.071,621.9,526.136,411.349,204.176,27.507,7.164,65.892,53.505,40.97,19.758,2.183,0.401,1.61
40.0,5500,0.7,2.0,1.31634,1.00341,0.77653,0.48222,0.19493,0.14513,1.45299,1.10328,0.85214,0.52777,0.20997,0.15301,459.274,510.707,517.544,415.718,139.549,48.937,604.562,512.45,401.888,200.469,27.202,7.102,62.76,51.001,39.133,18.933,2.099,0.386,1.604
42.5,5500,0.7,2.0,1.38654,1.05215,0.81146,0.50164,0.20211,0.15062,1.52733,1.15444,0.88856,0.54778,0.21724,0.15854,422.466,472.902,482.537,391.523,132.912,46.694,585.767,497.563,391.561,196.405,26.863,7.033,59.478,48.374,37.204,18.065,2.011,0.37,1.738
45.0,5500,0.7,2.0,1.46921,1.10907,0.85199,0.52395,0.21026,0.15684,1.61487,1.2142,0.93082,0.57078,0.22549,0.1648,384.87,434.074,446.387,366.362,125.969,44.345,565.454,481.417,380.318,191.956,26.486,6.955,56.061,45.634,35.186,17.155,1.919,0.353,1.77
47.5,5500,0.7,2.0,1.56746,1.17608,0.89934,0.54974,0.21953,0.16393,1.71891,1.28455,0.98018,0.59735,0.23489,0.17195,346.782,394.488,409.302,340.336,118.738,41.896,543.566,463.948,368.103,187.095,26.067,6.868,52.522,42.79,33.088,16.206,1.823,0.336,1.793
50.0,5500,0.7,2.0,1.68556,1.25577,0.95516,0.57974,0.23016,0.172,1.84398,1.36821,1.03838,0.62828,0.24564,0.18008,308.531,354.438,371.512,313.563,111.238,39.354,520.047,445.092,354.855,181.786,25.602,6.769,48.878,39.853,30.915,15.22,1.723,0.318,1.842
52.5,5500,0.7,2.0,1.82949,1.35171,1.02171,0.61501,0.24238,0.18123,1.9964,1.46893,1.10775,0.66463,0.25802,0.18938,270.48,314.255,333.277,286.17,103.49,36.726,494.841,424.782,340.512,175.997,25.084,6.656,45.145,36.838,28.677,14.2,1.619,0.299,1.884
55.0,5500,0.7,2.0,2.00789,1.46896,1.10211,0.65691,0.25659,0.19193,2.18532,1.59203,1.19157,0.70782,0.27241,0.20014,233.031,274.311,294.892,258.307,95.518,34.017,467.901,402.952,325.002,169.684,24.509,6.529,41.346,33.759,26.383,13.15,1.511,0.279,1.953
57.5,5500,0.7,2.0,2.2336,1.61491,1.20086,0.70739,0.27325,0.20437,2.42434,1.74525,1.29453,0.75985,0.28928,0.21266,196.628,235.021,256.694,230.141,87.348,31.237,439.188,379.538,308.253,162.8,23.868,6.384,37.505,30.633,24.044,12.073,1.4,0.259,1.98
60.0,5500,0.7,2.0,2.52648,1.80073,1.32464,0.76926,0.29303,0.219,2.73449,1.94033,1.42358,0.82362,0.3093,0.22738,161.759,196.854,219.067,201.871,79.01,28.393,408.681,354.48,290.186,155.292,23.152,6.218,33.648,27.482,21.673,10.974,1.286,0.238,1.955
62.5,5500,0.7,2.0,2.91869,2.044,1.48377,0.84669,0.31684,0.23642,3.14984,2.19573,1.58947,0.90344,0.33341,0.24493,128.956,160.337,182.456,173.73,70.538,25.497,376.383,327.729,270.722,147.096,22.349,6.028,29.808,24.328,19.287,9.858,1.169,0.217,1.971
65.0,5500,0.7,2.0,3.46519,2.37396,1.69489,0.9462,0.34608,0.25749,3.72858,2.54214,1.80958,1.00599,0.36302,0.26613,98.791,126.057,147.372,145.995,61.971,22.56,342.33,299.254,249.78,138.14,21.447,5.809,26.02,21.2,16.902,8.73,1.05,0.195,2.06
67.5,5500,0.7,2.0,4.26692,2.84223,1.98657,1.07838,0.38283,0.28354,4.5776,3.03376,2.11366,1.14224,0.40024,0.29237,71.86,94.664,114.411,119.007,53.36,19.595,306.621,269.057,227.285,128.335,20.428,5.556,22.325,18.131,14.541,7.6,0.929,0.173,2.086
70.0,5500,0.7,2.0,5.52547,3.54774,2.41149,1.26182,0.43046,0.31653,5.9104,3.77445,2.55667,1.33132,0.44847,0.32561,48.762,66.858,84.254,93.183,44.766,16.621,269.433,237.195,203.178,117.58,19.27,5.261,18.77,15.157,12.232,6.476,0.806,0.151,2.146
72.5,5500,0.7,2.0,7.69429,4.70075,3.07669,1.53161,0.49472,0.35991,8.20718,4.98494,3.25017,1.60939,0.51352,0.36928,30.032,43.359,57.673,69.049,36.269,13.659,231.075,203.82,177.442,105.756,17.943,4.916,15.403,12.322,10.005,5.371,0.682,0.128,2.198
75.0,5500,0.7,2.0,11.96474,6.8168,4.22947,1.96221,0.58634,0.41985,12.7296,7.20652,4.45201,2.05322,0.60631,0.42962,16.05,24.826,35.499,47.261,27.984,10.742,192.034,169.234,150.142,92.736,16.408,4.51,12.276,9.675,7.9,4.301,0.559,0.105,2.106
77.5,5500,0.7,2.0,22.26826,11.44436,6.55704,2.7374,0.72783,0.50891,23.64126,12.06491,6.87859,2.85223,0.7496,0.51927,6.874,11.709,18.532,28.64,20.072,7.915,153.072,134.002,121.515,78.399,14.609,4.028,9.438,7.266,5.959,3.289,0.437,0.082,2.115
80.0,5500,0.7,2.0,57.14378,24.95466,12.58492,4.4304,0.97521,0.65689,60.57561,26.24912,13.16286,4.59723,1.00008,0.66832,2.017,3.97,7.319,14.152,12.788,5.252,115.259,99.07,92.109,62.699,12.471,3.45,6.922,5.139,4.23,2.361,0.318,0.06,1.85
10.0,0,0.7,4.0,1.03971,0.78587,0.60725,0.37941,0.15436,0.11351,1.18033,0.88534,0.68111,0.42358,0.16926,0.12118,701.072,775.886,768.851,598.65,188.016,62.628,728.914,609.744,466.882,227.134,29.023,7.109,98.583,77.178,56.789,26.445,2.8,0.48,0.895
12.5,0,0.7,4.0,1.05125,0.79385,0.61301,0.3827,0.15564,0.11447,1.19266,0.89376,0.68713,0.42698,0.17055,0.12214,689.05,763.684,757.78,591.192,186.034,61.971,724.362,606.248,464.525,226.251,28.955,7.094,97.44,76.304,56.172,26.178,2.774,0.475,0.95
15.0,0,0.7,4.0,1.06567,0.8038,0.62018,0.3868,0.15724,0.11568,1.20807,0.90427,0.69464,0.43121,0.17217,0.12334,674.475,748.873,744.327,582.118,183.62,61.17,718.765,601.945,461.62,225.162,28.872,7.076,96.048,75.239,55.42,25.852,2.742,0.469,1.022
17.5,0,0.7,4.0,1.08318,0.81586,0.62886,0.39174,0.15915,0.11714,1.22679,0.91701,0.70372,0.43631,0.17411,0.12483,657.416,731.513,728.54,571.452,180.78,60.228,712.101,596.815,458.153,223.859,28.772,7.055,94.412,73.987,54.535,25.469,2.704,0.463,1.089
20.0,0,0.7,4.0,1.10406,0.8302,0.63916,0.39758,0.16141,0.11886,1.24911,0.93214,0.71449,0.44234,0.1764,0.12655,637.96,711.68,710.476,559.224,177.519,59.147,704.345,590.837,454.108,222.336,28.654,7.03,92.535,72.549,53.519,25.029,2.66,0.455,1.201
22.5,0,0.7,4.0,1.12863,0.84702,0.6512,0.40439,0.16404,0.12085,1.27537,0.9499,0.72709,0.44937,0.17906,0.12857,616.206,689.458,690.201,545.469,173.845,57.929,695.47,583.984,449.462,220.583,28.517,7.001,90.423,70.93,52.373,24.532,2.611,0.447,1.238
25.0,0,0.7,4.0,1.15732,0.86657,0.66517,0.41226,0.16705,0.12314,1.30604,0.97054,0.74169,0.45748,0.18211,0.13087,592.268,664.948,667.794,530.226,169.766,56.577,685.444,576.227,444.196,218.59,28.36,6.967,88.08,69.133,51.101,23.98,2.556,0.437,1.315
27.5,0,0.7,4.0,1.19064,0.88919,0.68126,0.42128,0.1705,0.12577,1.34165,0.99441,0.75852,0.4668,0.1856,0.13352,566.278,638.262,643.339,513.539,165.292,55.094,674.231,567.533,438.281,216.344,28.183,6.929,85.514,67.162,49.706,23.374,2.496,0.427,1.388
30.0,0,0.7,4.0,1.22923,0.91524,0.69973,0.43158,0.17442,0.12875,1.3829,1.02192,0.77784,0.47743,0.18957,0.13651,538.38,609.528,616.936,495.46,160.431,53.484,661.793,557.866,431.689,213.833,27.982,6.886,82.732,65.023,48.189,22.714,2.431,0.415,1.459
32.5,0,0.7,4.0,1.27391,0.94523,0.7209,0.44333,0.17885,0.13212,1.43065,1.05358,0.79998,0.48955,0.19407,0.1399,508.739,578.889,588.695,476.042,155.195,51.75,648.086,547.185,424.388,211.042,27.757,6.837,79.743,62.722,46.555,22.003,2.361,0.403,1.516
35.0,0,0.7,4.0,1.32569,0.97977,0.74515,0.45669,0.18385,0.13592,1.486,1.09004,0.82534,0.50334,0.19913,0.14374,477.539,546.504,558.738,455.349,149.597,49.896,633.068,535.447,416.342,207.953,27.504,6.782,76.555,60.265,44.809,21.241,2.285,0.39,1.594
37.5,0,0.7,4.0,1.38587,1.01961,0.77297,0.47191,0.18951,0.14022,1.55033,1.1321,0.85444,0.51904,0.20486,0.14806,444.982,512.552,527.203,433.449,143.65,47.926,616.689,522.603,407.511,204.547,27.223,6.72,73.181,57.658,42.953,20.431,2.205,0.376,1.662
40.0,0,0.7,4.0,1.45614,1.06574,0.80498,0.48926,0.1959,0.14509,1.62543,1.18081,0.88792,0.53696,0.21133,0.15297,411.293,477.23,494.243,410.419,137.367,45.847,598.899,508.605,397.854,200.803,26.91,6.652,69.631,54.911,40.995,19.574,2.12,0.361,1.695
42.5,0,0.7,4.0,1.53867,1.11943,0.84196,0.50913,0.20313,0.15056,1.71365,1.23748,0.92661,0.55746,0.21865,0.15849,376.72,440.757,460.025,386.341,130.765,43.663,579.649,493.397,387.324,196.699,26.562,6.574,65.919,52.033,38.938,18.671,2.03,0.346,1.774
45.0,0,0.7,4.0,1.63638,1.18233,0.88494,0.53197,0.21133,0.15679,1.8181,1.30388,0.97156,0.58103,0.22696,0.16475,341.537,403.377,424.741,361.31,123.861,41.379,558.886,476.923,375.871,192.207,26.176,6.488,62.061,49.034,36.79,17.726,1.936,0.329,1.815
47.5,0,0.7,4.0,1.75321,1.25663,0.93526,0.55839,0.22068,0.16386,1.94297,1.38233,1.02419,0.6083,0.23643,0.17186,306.044,365.361,388.599,335.429,116.672,39.002,536.56,459.125,363.441,187.3,25.747,6.391,58.075,45.925,34.557,16.74,1.838,0.312,1.831
50.0,0,0.7,4.0,1.89458,1.34534,0.9947,0.58916,0.23137,0.17193,2.09408,1.47599,1.08636,0.64005,0.24726,0.18,270.573,327.01,351.839,308.816,109.219,36.538,512.623,439.941,349.975,181.943,25.27,6.282,53.979,42.721,32.249,15.716,1.735,0.295,1.877
52.5,0,0.7,4.0,2.06819,1.45262,1.06574,0.62536,0.2437,0.18117,2.27965,1.58924,1.16066,0.67741,0.25974,0.18929,235.487,288.659,314.724,281.602,101.524,33.995,487.032,419.312,335.413,176.102,24.741,6.159,49.795,39.436,29.874,14.657,1.629,0.276,1.934
55.0,0,0.7,4.0,2.28521,1.58437,1.15179,0.66841,0.25802,0.19186,2.51162,1.72832,1.25067,0.72183,0.27424,0.20005,201.186,250.685,277.557,253.937,93.61,31.382,459.752,397.177,319.688,169.733,24.153,6.021,45.55,36.088,27.443,13.567,1.519,0.257,1.941
57.5,0,0.7,4.0,2.5625,1.74929,1.25783,0.72034,0.2748,0.20428,2.80802,1.90244,1.36158,0.77543,0.29124,0.21257,168.102,213.504,240.677,225.992,85.506,28.706,430.762,373.481,302.731,162.791,23.497,5.864,41.271,32.698,24.969,12.45,1.406,0.238,1.977
60.0,0,0.7,4.0,2.92645,1.96064,1.39123,0.78407,0.29474,0.21892,3.19704,2.12557,1.5011,0.8412,0.31144,0.22731,136.705,177.582,204.475,197.968,77.241,25.978,400.06,348.175,284.471,155.22,22.766,5.687,36.991,29.288,22.466,11.31,1.29,0.218,2.026
62.5,0,0.7,4.0,3.42037,2.23948,1.56342,0.86395,0.31876,0.23633,3.725,2.41995,1.6812,0.92364,0.33577,0.24482,107.495,143.437,169.395,170.1,68.851,23.209,367.673,321.225,264.836,146.958,21.947,5.485,32.746,25.886,19.951,10.153,1.171,0.197,2.013
65.0,0,0.7,4.0,4.11968,2.62109,1.79299,0.96678,0.34826,0.25738,4.47249,2.82282,1.92131,1.02976,0.36565,0.26606,80.994,111.64,135.949,142.672,60.378,20.413,333.669,292.618,243.755,137.932,21.027,5.254,28.576,22.522,17.445,8.986,1.05,0.177,2.072
67.5,0,0.7,4.0,5.16536,3.16865,2.11202,1.10368,0.38533,0.28343,5.59026,3.4009,2.25499,1.17104,0.4032,0.29223,57.727,82.806,104.72,116.025,51.873,17.606,298.181,262.383,221.171,128.054,19.988,4.99,24.528,19.232,14.972,7.816,0.927,0.155,2.122
70.0,0,0.7,4.0,6.84671,4.00485,2.58018,1.29413,0.43341,0.31638,7.38753,4.28372,2.74465,1.36759,0.45191,0.32543,38.183,57.582,76.37,90.582,43.4,14.808,261.428,230.607,197.048,117.225,18.81,4.685,20.65,16.058,12.561,6.654,0.803,0.134,2.171
72.5,0,0.7,4.0,9.83327,5.39512,3.31976,1.57516,0.49826,0.35973,10.57998,5.75153,3.51819,1.65762,0.51758,0.36912,22.756,36.604,51.63,66.868,35.044,12.045,223.766,197.483,171.399,105.328,17.461,4.333,16.992,13.046,10.245,5.514,0.677,0.113,2.182
75.0,0,0.7,4.0,15.95396,8.00524,4.61682,2.02558,0.59085,0.41968,17.12276,8.50723,4.87483,2.12247,0.61135,0.42941,11.641,20.407,31.262,45.538,26.919,9.35,185.72,163.363,144.331,92.241,15.905,3.924,13.606,10.244,8.066,4.412,0.552,0.091,2.221
77.5,0,0.7,4.0,31.56866,13.89615,7.27937,2.84108,0.73389,0.50863,33.8145,14.72673,7.65965,2.96406,0.75624,0.51897,4.69,9.273,15.954,27.403,19.195,6.775,148.057,128.859,116.135,77.854,14.087,3.446,10.533,7.702,6.067,3.37,0.429,0.07,2.159
80.0,0,0.7,4.0,88.92761,31.93306,14.34794,4.63716,0.98425,0.65658,95.13047,33.77027,15.05285,4.81769,1.00981,0.66796,1.257,2.973,6.093,13.4,12.127,4.394,111.782,94.937,87.422,62.138,11.936,2.885,7.797,5.462,4.295,2.419,0.31,0.05,2.2
10.0,500,0.7,4.0,1.02972,0.78132,0.60504,0.37882,0.15433,0.11351,1.1674,0.87934,0.67819,0.42278,0.1692,0.12118,708.057,780.916,772.636,599.449,188.336,63.155,729.101,610.148,467.479,227.085,29.065,7.169,97.488,76.54,56.518,26.353,2.802,0.484,0.861
12.5,500,0.7,4.0,1.04108,0.78923,0.61078,0.38211,0.15561,0.11449,1.17954,0.88768,0.68419,0.42617,0.1705,0.12215,695.976,768.677,761.54,591.988,186.353,62.496,724.569,606.664,465.13,226.203,28.998,7.155,96.36,75.675,55.905,26.087,2.775,0.479,0.919
15.0,500,0.7,4.0,1.05529,0.7991,0.61791,0.38619,0.1572,0.11569,1.1947,0.89809,0.69165,0.43039,0.17211,0.12337,681.326,753.82,748.057,582.91,183.938,61.692,718.995,602.375,462.234,225.116,28.915,7.137,94.988,74.621,55.159,25.763,2.743,0.474,0.987
17.5,500,0.7,4.0,1.07254,0.81105,0.62655,0.39112,0.15911,0.11714,1.21313,0.9107,0.70068,0.43548,0.17405,0.12483,664.179,736.406,732.234,572.239,181.096,60.747,712.359,597.262,458.779,223.815,28.815,7.116,93.374,73.382,54.28,25.381,2.705,0.467,1.056
20.0,500,0.7,4.0,1.0931,0.82525,0.63679,0.39695,0.16137,0.11885,1.23508,0.92568,0.71138,0.44149,0.17634,0.12655,644.621,716.509,714.127,560.006,177.834,59.662,704.635,591.302,454.746,222.295,28.697,7.091,91.522,71.959,53.271,24.942,2.662,0.459,1.163
22.5,500,0.7,4.0,1.11729,0.84192,0.64876,0.40375,0.16399,0.12086,1.26091,0.94326,0.7239,0.4485,0.17899,0.12858,622.75,694.214,693.804,546.244,174.158,58.439,695.795,584.47,450.115,220.545,28.561,7.063,89.438,70.357,52.133,24.448,2.612,0.451,1.251
25.0,500,0.7,4.0,1.14553,0.86129,0.66265,0.4116,0.16701,0.12316,1.29107,0.9637,0.73842,0.4566,0.18205,0.13088,598.679,669.621,671.341,530.993,170.077,57.082,685.807,576.737,444.864,218.555,28.405,7.03,87.127,68.578,50.87,23.898,2.558,0.441,1.327
27.5,500,0.7,4.0,1.17832,0.88368,0.67865,0.4206,0.17046,0.12577,1.32608,0.98733,0.75515,0.46589,0.18554,0.13352,572.54,642.842,646.825,514.299,165.6,55.593,674.636,568.068,438.966,216.313,28.228,6.992,84.595,66.628,49.484,23.294,2.498,0.431,1.388
30.0,500,0.7,4.0,1.21629,0.90948,0.69701,0.43088,0.17437,0.12874,1.36661,1.01455,0.77435,0.4765,0.18951,0.13651,544.478,614.005,620.353,496.209,160.737,53.976,662.242,558.428,432.393,213.806,28.028,6.949,81.849,64.511,47.978,22.638,2.433,0.419,1.41
32.5,500,0.7,4.0,1.26023,0.93918,0.71805,0.44259,0.1788,0.13212,1.41353,1.04588,0.79635,0.48858,0.19399,0.13991,514.656,583.251,592.035,476.782,155.498,52.234,648.583,547.776,425.111,211.019,27.803,6.901,78.899,62.232,46.355,21.929,2.362,0.407,1.512
35.0,500,0.7,4.0,1.31113,0.97336,0.74215,0.45592,0.18381,0.13593,1.46789,1.08194,0.82155,0.50234,0.19906,0.14375,483.256,550.741,561.994,456.077,149.897,50.372,633.613,536.068,417.086,207.934,27.552,6.847,75.752,59.8,44.62,21.171,2.287,0.394,1.615
37.5,500,0.7,4.0,1.37027,1.01279,0.7698,0.4711,0.18946,0.14022,1.53103,1.12354,0.85046,0.518,0.20479,0.14808,450.483,516.651,530.366,434.164,143.945,48.394,617.284,523.257,408.277,204.533,27.272,6.786,72.42,57.219,42.777,20.364,2.206,0.38,1.67
40.0,500,0.7,4.0,1.43929,1.05842,0.80161,0.48841,0.19585,0.14508,1.60473,1.17168,0.88371,0.53587,0.21125,0.15296,416.558,481.178,497.304,411.119,137.659,46.305,599.547,509.29,398.643,200.795,26.96,6.718,68.915,54.499,40.83,19.51,2.121,0.365,1.633
42.5,500,0.7,4.0,1.52031,1.11152,0.83835,0.50823,0.20307,0.15058,1.69124,1.2277,0.92213,0.55632,0.21858,0.15849,381.73,444.541,462.975,387.025,131.052,44.11,580.348,494.116,388.136,196.697,26.613,6.642,65.249,51.648,38.787,18.611,2.032,0.349,1.793
45.0,500,0.7,4.0,1.61618,1.1737,0.88104,0.531,0.21127,0.15681,1.79361,1.2933,0.96677,0.57982,0.22688,0.16478,346.271,406.983,427.569,361.976,124.143,41.814,559.637,477.675,376.707,192.211,26.228,6.557,61.438,48.677,36.652,17.669,1.938,0.333,1.801
47.5,500,0.7,4.0,1.73073,1.24713,0.93101,0.55735,0.22061,0.16388,1.91592,1.37078,1.019,0.607,0.23634,0.1719,310.483,368.774,391.297,336.076,116.948,39.425,537.361,459.909,364.3,187.311,25.8,6.461,57.499,45.598,34.433,16.687,1.84,0.316,1.82
50.0,500,0.7,4.0,1.86923,1.33476,0.99003,0.58803,0.2313,0.17194,2.06381,1.46322,1.08071,0.63866,0.24717,0.18001,274.697,330.216,354.393,309.441,109.489,36.948,513.472,440.758,350.858,181.961,25.325,6.353,53.45,42.422,32.138,15.667,1.737,0.298,1.952
52.5,500,0.7,4.0,2.03916,1.44066,1.06053,0.62412,0.24363,0.18119,2.24526,1.57496,1.15443,0.6759,0.25965,0.1893,239.277,291.643,317.123,282.202,101.787,34.39,487.925,420.158,336.318,176.127,24.798,6.231,49.315,39.167,29.777,14.613,1.631,0.279,1.945
55.0,500,0.7,4.0,2.2514,1.57066,1.14591,0.66703,0.25793,0.19188,2.47189,1.71211,1.2437,0.72018,0.27415,0.20006,204.621,253.429,279.789,254.51,93.866,31.76,460.684,398.051,320.614,169.767,24.211,6.094,45.116,35.848,27.36,13.527,1.522,0.26,1.984
57.5,500,0.7,4.0,2.52228,1.73328,1.25109,0.7188,0.27472,0.20429,2.76113,1.88368,1.35367,0.7736,0.29115,0.21258,171.165,215.994,242.729,226.535,85.752,29.067,431.726,374.378,303.677,162.833,23.558,5.938,40.883,32.486,24.898,12.414,1.409,0.241,1.97
60.0,500,0.7,4.0,2.87733,1.94153,1.38335,0.78231,0.29464,0.21892,3.14025,2.1034,1.49195,0.83913,0.31133,0.22732,139.381,179.802,206.334,198.478,77.478,26.32,401.045,349.091,285.432,155.271,22.828,5.762,36.646,29.104,22.408,11.278,1.293,0.221,2.056
62.5,500,0.7,4.0,3.35846,2.21603,1.55399,0.86191,0.31864,0.23634,3.654,2.39301,1.67036,0.92127,0.33564,0.24484,109.773,145.374,171.049,170.573,69.077,23.53,368.668,322.153,265.808,147.019,22.011,5.561,32.443,25.728,19.906,10.125,1.174,0.2,1.999
65.0,500,0.7,4.0,4.03845,2.59131,1.78138,0.96435,0.34814,0.25744,4.3801,2.78895,1.90811,1.02697,0.36552,0.26608,82.868,113.282,137.384,143.104,60.591,20.712,334.658,293.549,244.733,138.002,21.094,5.332,28.312,22.389,17.411,8.962,1.053,0.179,2.058
67.5,500,0.7,4.0,5.05302,3.12911,2.09716,1.10069,0.3852,0.28345,5.46349,3.35635,2.23828,1.16766,0.40304,0.29228,59.201,84.147,105.927,116.412,52.072,17.88,299.144,263.305,222.146,128.134,20.058,5.068,24.3,19.122,14.948,7.796,0.929,0.158,2.064
70.0,500,0.7,4.0,6.67996,3.94906,2.56015,1.29034,0.43324,0.31644,7.20077,4.22147,2.72235,1.36336,0.45171,0.32547,39.273,58.622,77.342,90.918,43.583,15.055,262.342,231.502,198.007,117.315,18.882,4.764,20.454,15.969,12.545,6.639,0.805,0.136,2.114
72.5,500,0.7,4.0,9.55993,5.30967,3.29082,1.57009,0.49808,0.35976,10.27611,5.657,3.48631,1.65203,0.5174,0.36914,23.494,37.353,52.366,67.147,35.207,12.261,224.601,198.332,172.327,105.427,17.536,4.411,16.826,12.974,10.237,5.502,0.68,0.115,2.181
75.0,500,0.7,4.0,15.43538,7.8573,4.5706,2.01818,0.59059,0.41966,16.55021,8.345,4.82436,2.11441,0.6111,0.42941,12.079,20.89,31.77,45.758,27.061,9.534,186.444,164.139,145.208,92.348,15.982,4.001,13.466,10.188,8.062,4.403,0.555,0.093,2.201
77.5,500,0.7,4.0,30.32789,13.58754,7.19278,2.82906,0.73348,0.50859,32.45338,14.39096,7.56597,2.95112,0.7558,0.51899,4.901,9.533,16.257,27.559,19.312,6.923,148.637,129.53,116.933,77.966,14.165,3.521,10.417,7.659,6.067,3.364,0.431,0.072,2.188
80.0,500,0.7,4.0,84.54785,31.0273,14.13298,4.61309,0.98363,0.65682,90.35418,32.79201,14.82226,4.79206,1.00917,0.66815,1.327,3.077,6.234,13.494,12.215,4.502,112.195,95.471,88.105,62.249,12.015,2.957,7.705,5.43,4.297,2.415,0.312,0.051,2.229
10.0,1000,0.7,4.0,1.0203,0.77702,0.60294,0.37826,0.15429,0.11353,1.1552,0.87365,0.67542,0.42202,0.16915,0.12119,714.77,785.67,776.127,600.184,188.628,63.633,729.281,610.479,467.957,227.025,29.103,7.224,96.421,75.919,56.251,26.264,2.803,0.488,0.988
12.5,1000,0.7,4.0,1.03151,0.78486,0.60864,0.38154,0.15557,0.1145,1.16715,0.88192,0.68137,0.4254,0.17044,0.12217,702.631,773.396,765.009,592.72,186.644,62.972,724.768,607.007,465.616,226.145,29.036,7.21,95.308,75.063,55.642,25.999,2.776,0.483,0.957
15.0,1000,0.7,4.0,1.04551,0.79464,0.61574,0.38561,0.15716,0.11569,1.18209,0.89223,0.6888,0.42961,0.17205,0.12336,687.911,758.497,751.498,583.638,184.228,62.166,719.216,602.731,462.729,225.059,28.953,7.192,93.954,74.02,54.9,25.676,2.744,0.477,1.018
17.5,1000,0.7,4.0,1.06251,0.80649,0.62433,0.39053,0.15908,0.11716,1.20022,0.90472,0.69777,0.43468,0.17399,0.12485,670.681,741.032,735.642,572.963,181.385,61.217,712.606,597.634,459.284,223.761,28.854,7.172,92.362,72.793,54.028,25.296,2.706,0.471,1.056
20.0,1000,0.7,4.0,1.08277,0.82057,0.63452,0.39635,0.16133,0.11886,1.22184,0.91957,0.70842,0.44068,0.17628,0.12656,651.025,721.075,717.498,560.724,178.121,60.128,704.912,591.693,455.264,222.243,28.737,7.147,90.535,71.385,53.025,24.859,2.663,0.463,1.168
22.5,1000,0.7,4.0,1.10661,0.83709,0.64643,0.40313,0.16396,0.12086,1.24727,0.93698,0.72087,0.44768,0.17894,0.12857,629.042,698.712,697.131,546.957,174.444,58.902,696.106,584.882,450.646,220.495,28.601,7.119,88.478,69.799,51.896,24.367,2.614,0.454,1.25
25.0,1000,0.7,4.0,1.13443,0.85628,0.66024,0.41096,0.16697,0.12315,1.27694,0.95722,0.73531,0.45576,0.18199,0.13088,604.846,674.042,674.618,531.7,170.361,57.54,686.155,577.171,445.411,218.509,28.445,7.086,86.197,68.038,50.641,23.819,2.559,0.445,1.296
27.5,1000,0.7,4.0,1.16672,0.87847,0.67615,0.41994,0.17042,0.12577,1.31138,0.98062,0.75194,0.46503,0.18548,0.13352,578.565,647.176,650.046,514.997,165.881,56.046,675.023,568.527,439.53,216.27,28.269,7.049,83.698,66.107,49.264,23.218,2.499,0.434,1.379
30.0,1000,0.7,4.0,1.2041,0.90404,0.69441,0.4302,0.17433,0.12875,1.35126,1.00757,0.77102,0.47561,0.18945,0.13652,550.345,618.242,623.511,496.899,161.016,54.423,662.671,558.913,432.975,213.767,28.07,7.007,80.988,64.011,47.767,22.564,2.434,0.423,1.486
32.5,1000,0.7,4.0,1.24734,0.93345,0.71533,0.44189,0.17876,0.13213,1.39739,1.03858,0.79289,0.48767,0.19393,0.13991,520.351,587.382,595.124,477.462,155.774,52.675,649.057,548.289,425.712,210.984,27.846,6.96,78.075,61.755,46.155,21.858,2.364,0.41,1.506
35.0,1000,0.7,4.0,1.29743,0.9673,0.7393,0.45518,0.18376,0.13595,1.45081,1.07427,0.81793,0.50139,0.19899,0.14376,488.762,554.754,565.007,456.747,150.17,50.806,634.134,536.611,417.708,207.904,27.595,6.907,74.968,59.346,44.431,21.103,2.288,0.397,1.578
37.5,1000,0.7,4.0,1.35559,1.00633,0.76678,0.47033,0.18941,0.14025,1.51286,1.11543,0.84666,0.51701,0.20472,0.1481,455.781,520.534,533.295,434.822,144.215,48.82,617.854,523.829,408.921,204.508,27.316,6.847,71.678,56.79,42.6,20.299,2.208,0.383,1.638
40.0,1000,0.7,4.0,1.42344,1.0515,0.79839,0.4876,0.19579,0.14509,1.58523,1.16306,0.8797,0.53483,0.21119,0.15297,421.631,484.92,500.14,411.763,137.925,46.723,600.165,509.895,399.309,200.775,27.005,6.779,68.216,54.096,40.666,19.448,2.123,0.368,1.699
42.5,1000,0.7,4.0,1.50304,1.10404,0.83491,0.50736,0.20302,0.15059,1.67014,1.21845,0.91787,0.55522,0.21851,0.1585,386.56,448.13,465.71,387.655,131.314,44.518,581.016,494.752,388.826,196.682,26.66,6.704,64.595,51.272,38.635,18.553,2.033,0.352,1.743
45.0,1000,0.7,4.0,1.59718,1.16554,0.87733,0.53008,0.21121,0.1568,1.77056,1.2833,0.9622,0.57866,0.22681,0.16476,350.839,410.405,430.194,362.59,124.4,42.213,560.354,478.344,377.42,192.202,26.275,6.619,60.829,48.329,36.513,17.615,1.94,0.336,1.831
47.5,1000,0.7,4.0,1.70959,1.23815,0.92696,0.55635,0.22055,0.16387,1.89047,1.35986,1.01408,0.60577,0.23626,0.17188,314.769,372.016,393.801,336.671,117.2,39.812,538.126,460.611,365.037,187.308,25.849,6.524,56.936,45.277,34.308,16.636,1.841,0.319,1.897
50.0,1000,0.7,4.0,1.84541,1.32475,0.98557,0.58695,0.23125,0.17196,2.03535,1.45117,1.07534,0.63734,0.2471,0.18002,278.682,333.263,356.767,310.017,109.735,37.323,514.282,441.491,351.619,181.965,25.376,6.418,52.934,42.13,32.026,15.62,1.739,0.301,1.918
52.5,1000,0.7,4.0,2.01192,1.42937,1.05557,0.62293,0.24355,0.18119,2.21297,1.56148,1.1485,0.67446,0.25956,0.18931,242.941,294.48,319.356,282.756,102.027,34.753,488.777,420.922,337.103,176.138,24.849,6.297,48.844,38.903,29.678,14.57,1.633,0.282,1.97
55.0,1000,0.7,4.0,2.21968,1.55772,1.14032,0.66572,0.25786,0.19188,2.43459,1.69681,1.23708,0.71861,0.27405,0.20007,207.946,256.042,281.869,255.039,94.099,32.108,461.573,398.842,321.421,169.785,24.264,6.161,44.691,35.612,27.274,13.488,1.524,0.263,1.976
57.5,1000,0.7,4.0,2.48457,1.71819,1.24469,0.71733,0.27463,0.20433,2.71716,1.866,1.34616,0.77185,0.29104,0.21263,174.133,218.366,244.644,227.037,85.977,29.399,432.645,375.194,304.505,162.86,23.612,6.007,40.502,32.278,24.826,12.379,1.411,0.244,2.024
60.0,1000,0.7,4.0,2.83134,1.92352,1.37587,0.78064,0.29455,0.21896,3.08708,2.08251,1.48328,0.83717,0.31122,0.22733,141.977,181.92,208.071,198.949,77.694,26.635,401.985,349.927,286.279,155.307,22.885,5.832,36.309,28.923,22.348,11.247,1.295,0.223,2.023
62.5,1000,0.7,4.0,3.30056,2.19395,1.54505,0.85996,0.31855,0.23637,3.58762,2.36764,1.6601,0.91902,0.33552,0.24489,111.986,147.224,172.596,171.011,69.283,23.827,369.617,323.002,266.669,147.063,22.07,5.632,32.146,25.572,19.857,10.099,1.176,0.203,2.055
65.0,1000,0.7,4.0,3.96257,2.56331,1.77035,0.96204,0.34802,0.25743,4.29381,2.75711,1.89559,1.02433,0.36538,0.2661,84.693,114.853,138.731,143.504,60.786,20.988,335.602,294.404,245.603,138.056,21.155,5.403,28.054,22.258,17.374,8.939,1.055,0.182,2.062
67.5,1000,0.7,4.0,4.94828,3.09197,2.08306,1.09788,0.38506,0.28345,5.34533,3.31452,2.22243,1.16448,0.4029,0.29227,60.64,85.432,107.062,116.769,52.254,18.134,300.064,264.153,223.017,128.198,20.121,5.14,24.077,19.013,14.921,7.777,0.932,0.16,2.126
70.0,1000,0.7,4.0,6.52489,3.89676,2.54118,1.28674,0.43307,0.31641,7.02719,4.16311,2.70125,1.35934,0.45152,0.32544,40.34,59.621,78.259,91.229,43.75,15.284,263.214,232.329,198.87,117.388,18.947,4.836,20.263,15.88,12.527,6.623,0.807,0.138,2.084
72.5,1000,0.7,4.0,9.30623,5.22974,3.26348,1.56525,0.49789,0.35978,9.99426,5.56863,3.45618,1.6467,0.51718,0.36917,24.22,38.074,53.062,67.407,35.357,12.463,225.397,199.117,173.167,105.509,17.604,4.484,16.664,12.903,10.225,5.49,0.682,0.117,2.13
75.0,1000,0.7,4.0,14.95756,7.71956,4.52698,2.01118,0.59034,0.41974,16.02302,8.194,4.77679,2.10678,0.61083,0.42953,12.511,21.356,32.252,45.962,27.191,9.706,187.134,164.859,146.004,92.438,16.052,4.074,13.33,10.132,8.057,4.394,0.557,0.095,2.197
77.5,1000,0.7,4.0,29.1955,13.29876,7.11114,2.81761,0.73315,0.50864,31.21213,14.07694,7.4777,2.93882,0.75545,0.51897,5.11,9.787,16.546,27.705,19.419,7.062,149.189,130.155,117.661,78.062,14.237,3.592,10.305,7.616,6.065,3.358,0.433,0.073,2.122
80.0,1000,0.7,4.0,80.53362,30.19824,13.9342,4.59034,0.98316,0.65668,85.98069,31.89679,14.60914,4.76778,1.0087,0.66819,1.398,3.178,6.368,13.582,12.295,4.605,112.586,95.97,88.733,62.346,12.088,3.024,7.615,5.398,4.298,2.41,0.314,0.053,2.216
10.0,1500,0.7,4.0,1.0114,0.77292,0.60092,0.3779,0.1539,0.11353,1.14365,0.86824,0.67276,0.42141,0.16854,0.12119,721.231,790.174,779.345,600.859,188.897,64.064,729.455,610.745,468.324,227.064,29.071,7.273,95.38,75.316,55.987,26.144,2.765,0.491,0.82
12.5,1500,0.7,4.0,1.02245,0.7807,0.60659,0.38117,0.15517,0.1145,1.15543,0.87644,0.67869,0.42479,0.16983,0.12216,709.038,777.868,768.207,593.392,186.912,63.4,724.959,607.283,465.99,226.185,29.004,7.259,94.283,74.469,55.382,25.881,2.739,0.486,0.95
15.0,1500,0.7,4.0,1.03627,0.7904,0.61366,0.38524,0.15676,0.1157,1.17015,0.88666,0.68607,0.42899,0.17144,0.12339,694.251,762.928,754.671,584.307,184.495,62.592,719.43,603.021,463.112,225.1,28.921,7.242,92.946,73.436,54.646,25.56,2.708,0.481,1.031
17.5,1500,0.7,4.0,1.05304,0.80216,0.62221,0.39015,0.15867,0.11716,1.18802,0.89904,0.695,0.43405,0.17337,0.12485,676.941,745.415,738.786,573.628,181.651,61.641,712.844,597.94,459.678,223.802,28.822,7.222,91.375,72.221,53.779,25.181,2.67,0.474,1.09
20.0,1500,0.7,4.0,1.07302,0.81612,0.63234,0.39596,0.16092,0.11888,1.20931,0.91376,0.70559,0.44004,0.17564,0.12658,657.192,725.403,720.607,561.385,178.386,60.549,705.179,592.016,455.669,222.285,28.705,7.198,89.571,70.827,52.783,24.747,2.627,0.466,1.155
22.5,1500,0.7,4.0,1.09652,0.8325,0.64419,0.40273,0.16353,0.12087,1.23436,0.93101,0.71797,0.44702,0.17829,0.12859,635.102,702.976,700.201,547.612,174.707,59.319,696.405,585.225,451.065,220.538,28.57,7.17,87.541,69.256,51.66,24.257,2.579,0.458,1.241
25.0,1500,0.7,4.0,1.12395,0.85153,0.65793,0.41054,0.16654,0.12317,1.26359,0.95107,0.73233,0.45509,0.18134,0.1309,610.785,678.233,677.643,532.349,170.622,57.953,686.489,577.535,445.844,218.553,28.415,7.138,85.29,67.513,50.414,23.712,2.525,0.448,1.319
27.5,1500,0.7,4.0,1.15577,0.87352,0.67376,0.41951,0.16997,0.12578,1.29749,0.97425,0.74887,0.46433,0.18481,0.13352,584.37,651.287,653.02,515.639,166.14,56.455,675.395,568.915,439.979,216.315,28.239,7.101,82.822,65.6,49.045,23.114,2.466,0.437,1.38
30.0,1500,0.7,4.0,1.19259,0.89886,0.69193,0.42975,0.17387,0.12877,1.33674,1.00095,0.76785,0.47489,0.18876,0.13654,556.001,622.262,626.429,497.534,161.272,54.827,663.084,559.327,433.442,213.813,28.04,7.06,80.147,63.525,47.559,22.463,2.402,0.426,1.445
32.5,1500,0.7,4.0,1.23519,0.928,0.71273,0.44141,0.17828,0.13214,1.38213,1.03166,0.78958,0.48693,0.19323,0.13994,525.841,591.302,597.98,478.087,156.029,53.074,649.512,548.73,426.199,211.032,27.817,7.013,77.27,61.29,45.957,21.761,2.332,0.414,1.502
35.0,1500,0.7,4.0,1.2845,0.96154,0.73656,0.45468,0.18327,0.13594,1.43468,1.067,0.81448,0.50061,0.19828,0.14376,494.071,558.563,567.793,457.362,150.421,51.198,634.634,537.081,418.214,207.953,27.567,6.96,74.202,58.904,44.244,21.009,2.258,0.4,1.553
37.5,1500,0.7,4.0,1.34174,1.0002,0.76389,0.46979,0.1889,0.14025,1.49569,1.10774,0.84304,0.5162,0.20398,0.14809,460.892,524.222,536.004,435.427,144.464,49.206,618.399,524.329,409.449,204.558,27.289,6.901,70.953,56.372,42.424,20.209,2.179,0.386,1.668
40.0,1500,0.7,4.0,1.40849,1.04494,0.79532,0.48702,0.19526,0.14511,1.56682,1.15488,0.87588,0.53398,0.21042,0.15299,426.527,488.476,502.765,412.356,138.17,47.101,600.758,510.426,399.859,200.827,26.979,6.835,67.532,53.703,40.502,19.363,2.095,0.371,1.676
42.5,1500,0.7,4.0,1.48676,1.09694,0.83162,0.50675,0.20246,0.15059,1.65024,1.20968,0.9138,0.55433,0.21771,0.1585,391.223,451.541,468.244,388.234,131.555,44.889,581.656,495.315,389.399,196.736,26.634,6.76,63.954,50.905,38.483,18.472,2.007,0.355,1.753
45.0,1500,0.7,4.0,1.57928,1.15781,0.87377,0.52941,0.21062,0.15681,1.74883,1.27382,0.95785,0.57771,0.22598,0.16477,355.251,413.659,432.628,363.154,124.637,42.575,561.041,478.939,378.017,192.258,26.251,6.676,60.233,47.988,36.374,17.539,1.914,0.339,1.785
47.5,1500,0.7,4.0,1.68968,1.22964,0.92309,0.55562,0.21992,0.16388,1.86648,1.34951,1.00938,0.60474,0.2354,0.1719,318.912,375.1,396.125,337.22,117.432,40.164,538.858,461.237,365.659,187.365,25.826,6.582,56.385,44.963,34.181,16.565,1.817,0.322,1.816
50.0,1500,0.7,4.0,1.82298,1.31527,0.98132,0.58614,0.23056,0.17196,2.00854,1.43975,1.07022,0.63623,0.24618,0.18003,282.536,336.164,358.972,310.547,109.962,37.665,515.058,442.148,352.265,182.024,25.353,6.477,52.428,41.844,31.913,15.554,1.717,0.304,1.955
52.5,1500,0.7,4.0,1.98627,1.41868,1.05084,0.62203,0.24283,0.1812,2.18256,1.54872,1.14285,0.67325,0.2586,0.18932,246.488,297.183,321.432,283.266,102.248,35.083,489.592,421.609,337.773,176.199,24.829,6.357,48.383,38.644,29.577,14.509,1.612,0.285,1.949
55.0,1500,0.7,4.0,2.18985,1.54548,1.13499,0.6647,0.25707,0.19188,2.39951,1.68233,1.23078,0.71726,0.27302,0.20009,211.167,258.533,283.805,255.527,94.313,32.426,462.423,399.558,322.115,169.848,24.245,6.222,44.275,35.381,27.186,13.432,1.504,0.266,1.959
57.5,1500,0.7,4.0,2.44912,1.70391,1.23858,0.71615,0.27377,0.20432,2.67582,1.84929,1.33901,0.77035,0.28994,0.2126,177.012,220.631,246.429,227.499,86.184,29.703,433.524,375.936,305.221,162.924,23.595,6.069,40.129,32.074,24.751,12.329,1.393,0.246,1.986
60.0,1500,0.7,4.0,2.78815,1.9065,1.36874,0.77927,0.29361,0.21895,3.03714,2.06276,1.47501,0.83545,0.31002,0.22734,144.499,183.944,209.693,199.384,77.893,26.924,402.885,350.689,287.015,155.374,22.87,5.895,35.978,28.744,22.285,11.202,1.278,0.226,2.021
62.5,1500,0.7,4.0,3.2463,2.17309,1.53653,0.85834,0.31749,0.23635,3.52539,2.3437,1.65033,0.91702,0.3342,0.24485,114.138,148.995,174.043,171.415,69.473,24.1,370.526,323.78,267.423,147.132,22.057,5.696,31.855,25.419,19.806,10.059,1.161,0.205,2.058
65.0,1500,0.7,4.0,3.89152,2.53688,1.75988,0.96006,0.34684,0.25746,4.21303,2.72705,1.8837,1.02196,0.36393,0.26612,86.471,116.359,139.992,143.873,60.965,21.242,336.504,295.189,246.369,138.127,21.145,5.469,27.801,22.128,17.334,8.905,1.042,0.184,2.066
67.5,1500,0.7,4.0,4.8504,3.05695,2.06968,1.09539,0.3837,0.28348,5.23494,3.2751,2.20739,1.16155,0.40125,0.2923,62.045,86.666,108.128,117.101,52.421,18.368,300.943,264.934,223.79,128.271,20.114,5.207,23.859,18.906,14.891,7.748,0.92,0.162,2.103
70.0,1500,0.7,4.0,6.38028,3.84764,2.52321,1.28351,0.4315,0.31647,6.86541,4.10832,2.68126,1.35562,0.44965,0.3255,41.385,60.581,79.121,91.517,43.903,15.496,264.048,233.094,199.639,117.463,18.944,4.904,20.077,15.792,12.505,6.599,0.797,0.14,2.134
72.5,1500,0.7,4.0,9.07103,5.15481,3.23759,1.56079,0.49599,0.35981,9.73307,5.48583,3.42769,1.64165,0.51497,0.36914,24.932,38.769,53.719,67.649,35.495,12.651,226.159,199.847,173.92,105.586,17.605,4.552,16.506,12.833,10.212,5.47,0.674,0.118,2.164
75.0,1500,0.7,4.0,14.51372,7.59029,4.48574,2.00459,0.58797,0.41972,15.53374,8.05237,4.73182,2.09948,0.60811,0.42945,12.939,21.808,32.709,46.152,27.311,9.866,187.793,165.529,146.724,92.516,16.058,4.141,13.198,10.077,8.049,4.379,0.55,0.096,2.147
77.5,1500,0.7,4.0,28.14721,13.0309,7.03382,2.80654,0.7301,0.50869,30.06392,13.78581,7.39419,2.92673,0.75202,0.51912,5.319,10.033,16.822,27.841,19.518,7.191,149.715,130.739,118.323,78.137,14.25,3.658,10.195,7.574,6.062,3.346,0.428,0.075,2.173
80.0,1500,0.7,4.0,76.89381,29.42844,13.74588,4.56784,0.97874,0.65688,82.0177,31.06622,14.40726,4.74363,1.0038,0.66837,1.469,3.277,6.497,13.664,12.37,4.701,112.957,96.437,89.307,62.415,12.107,3.088,7.527,5.367,4.297,2.402,0.31,0.054,2.231
10.0,2000,0.7,4.0,1.00302,0.76904,0.59899,0.37742,0.15388,0.11353,1.13275,0.86311,0.67023,0.42074,0.16852,0.1212,727.428,794.422,782.303,601.48,189.142,64.449,729.623,610.944,468.594,227.009,29.106,7.317,94.37,74.733,55.728,26.056,2.768,0.494,0.896
12.5,2000,0.7,4.0,1.01393,0.77676,0.60464,0.38068,0.15516,0.1145,1.14437,0.87124,0.67613,0.42411,0.16981,0.12216,715.183,782.086,771.146,594.011,187.157,63.784,725.145,607.493,466.266,226.131,29.04,7.303,93.287,73.894,55.127,25.793,2.742,0.489,0.934
15.0,2000,0.7,4.0,1.02756,0.78638,0.61167,0.38475,0.15675,0.11571,1.15888,0.88138,0.68347,0.4283,0.17142,0.1234,700.333,767.109,757.589,584.922,184.739,62.974,719.635,603.243,463.397,225.047,28.958,7.287,91.967,72.871,54.395,25.473,2.71,0.484,1.04
17.5,2000,0.7,4.0,1.04411,0.79805,0.62018,0.38965,0.15866,0.11715,1.17651,0.89366,0.69236,0.43335,0.17335,0.12484,682.946,749.551,741.677,574.24,181.894,62.021,713.074,598.177,459.973,223.751,28.859,7.266,90.416,71.668,53.534,25.097,2.673,0.477,1.092
20.0,2000,0.7,4.0,1.06383,0.8119,0.63026,0.39544,0.16091,0.11888,1.1975,0.90825,0.70289,0.43933,0.17563,0.12658,663.109,729.487,723.467,561.993,178.627,60.926,705.436,592.27,455.975,222.236,28.742,7.243,88.635,70.287,52.544,24.664,2.63,0.469,1.177
22.5,2000,0.7,4.0,1.08702,0.82814,0.64206,0.4022,0.16352,0.12087,1.22219,0.92536,0.71521,0.4463,0.17828,0.12859,640.918,707.001,703.025,548.215,174.947,59.693,696.692,585.498,451.385,220.491,28.607,7.215,86.631,68.731,51.429,24.176,2.582,0.461,1.258
25.0,2000,0.7,4.0,1.11407,0.84702,0.65573,0.41,0.16653,0.12317,1.25099,0.94524,0.72949,0.45434,0.18132,0.13091,616.487,682.19,680.427,532.946,170.86,58.324,686.809,577.83,446.178,218.508,28.453,7.184,84.408,67.004,50.19,23.633,2.528,0.451,1.305
27.5,2000,0.7,4.0,1.14545,0.86884,0.67148,0.41895,0.16996,0.12578,1.2844,0.96821,0.74594,0.46357,0.1848,0.13352,589.943,655.168,655.758,516.23,166.377,56.822,675.752,569.233,440.329,216.273,28.277,7.147,81.972,65.11,48.83,23.037,2.469,0.44,1.379
30.0,2000,0.7,4.0,1.18176,0.89396,0.68955,0.42916,0.17386,0.12877,1.32306,0.99467,0.76482,0.47411,0.18875,0.13655,561.431,626.059,629.117,498.117,161.507,55.19,663.479,559.67,433.808,213.774,28.079,7.107,79.329,63.053,47.353,22.389,2.405,0.429,1.457
32.5,2000,0.7,4.0,1.22374,0.92285,0.71025,0.4408,0.17827,0.13213,1.36776,1.0251,0.78644,0.48611,0.19321,0.13992,531.114,595.004,600.61,478.663,156.261,53.432,649.948,549.099,426.584,210.996,27.856,7.06,76.488,60.84,45.761,21.689,2.335,0.416,1.486
35.0,2000,0.7,4.0,1.27233,0.95609,0.73396,0.45404,0.18325,0.13594,1.41949,1.06011,0.8112,0.49977,0.19826,0.14376,499.172,562.163,570.36,457.929,150.651,51.551,635.111,537.477,418.619,207.92,27.607,7.008,73.457,58.475,44.058,20.941,2.261,0.403,1.565
37.5,2000,0.7,4.0,1.32871,0.9944,0.76114,0.46912,0.18889,0.14025,1.47952,1.10046,0.83959,0.51533,0.20397,0.1481,465.805,527.709,538.503,435.984,144.69,49.553,618.921,524.755,409.874,204.53,27.33,6.95,70.247,55.967,42.249,20.144,2.182,0.389,1.646
40.0,2000,0.7,4.0,1.39442,1.03872,0.79239,0.48632,0.19524,0.1451,1.54948,1.14713,0.87224,0.53306,0.2104,0.15299,431.235,491.838,505.188,412.902,138.393,47.442,601.324,510.882,400.306,200.802,27.02,6.884,66.867,53.321,40.338,19.301,2.098,0.374,1.695
42.5,2000,0.7,4.0,1.47145,1.09023,0.82848,0.506,0.20244,0.15061,1.6315,1.20138,0.90993,0.55336,0.21769,0.15853,395.709,454.768,470.584,388.768,131.775,45.223,582.267,495.802,389.869,196.715,26.676,6.811,63.331,50.548,38.331,18.413,2.01,0.358,1.755
45.0,2000,0.7,4.0,1.56245,1.15049,0.87039,0.52861,0.2106,0.15683,1.72838,1.26485,0.95371,0.57668,0.22595,0.1648,359.498,416.74,434.876,363.675,124.853,42.901,561.696,479.457,378.51,192.242,26.294,6.728,59.653,47.657,36.234,17.483,1.917,0.342,1.918
47.5,2000,0.7,4.0,1.67097,1.22159,0.9194,0.55475,0.2199,0.1639,1.84392,1.33972,1.00491,0.60365,0.23537,0.1719,322.901,378.022,398.275,337.725,117.644,40.483,539.557,461.787,366.176,187.354,25.87,6.635,55.848,44.658,34.054,16.513,1.82,0.324,1.845
50.0,2000,0.7,4.0,1.80191,1.30632,0.97727,0.5852,0.23055,0.17196,1.98335,1.42896,1.06535,0.63505,0.24615,0.18002,286.25,338.913,361.014,311.036,110.169,37.974,515.798,442.729,352.807,182.018,25.399,6.53,51.935,41.565,31.798,15.506,1.719,0.306,1.913
52.5,2000,0.7,4.0,1.9622,1.40859,1.04634,0.62099,0.24281,0.18122,2.15401,1.53667,1.13749,0.67197,0.25858,0.18936,249.908,299.747,323.356,283.737,102.449,35.382,490.37,422.22,338.339,176.198,24.876,6.412,47.934,38.392,29.476,14.465,1.615,0.288,1.984
55.0,2000,0.7,4.0,2.16186,1.53393,1.12992,0.66355,0.25704,0.19191,2.36659,1.66867,1.2248,0.71587,0.27299,0.2001,214.276,260.897,285.6,255.977,94.509,32.714,463.235,400.197,322.706,169.853,24.293,6.278,43.869,35.155,27.097,13.392,1.507,0.268,1.989
57.5,2000,0.7,4.0,2.41589,1.69044,1.23278,0.71486,0.27375,0.20434,2.63707,1.83351,1.33224,0.76879,0.2899,0.21264,179.794,222.782,248.086,227.927,86.374,29.98,434.363,376.6,305.835,162.936,23.645,6.126,39.766,31.874,24.674,12.292,1.395,0.249,1.994
60.0,2000,0.7,4.0,2.7477,1.89045,1.36197,0.77779,0.29358,0.21896,2.99036,2.04416,1.46718,0.8337,0.30999,0.22735,146.938,185.869,211.202,199.786,78.074,27.187,403.742,351.376,287.65,155.391,22.921,5.953,35.655,28.57,22.221,11.17,1.281,0.228,2.042
62.5,2000,0.7,4.0,3.19548,2.15346,1.52844,0.85662,0.31746,0.23641,3.46713,2.32116,1.64107,0.91501,0.33418,0.24491,116.224,150.68,175.392,171.788,69.646,24.348,371.392,324.484,268.077,147.157,22.11,5.756,31.572,25.269,19.753,10.03,1.164,0.207,2.031
65.0,2000,0.7,4.0,3.82517,2.51203,1.74995,0.95801,0.34679,0.25746,4.13759,2.6988,1.87244,1.01958,0.36387,0.26612,88.196,117.794,141.169,144.215,61.129,21.475,337.365,295.902,247.039,138.159,21.199,5.529,27.554,22.001,17.291,8.88,1.044,0.186,2.053
67.5,2000,0.7,4.0,4.75914,3.02409,2.05701,1.09286,0.38365,0.28348,5.13204,3.2381,2.19317,1.15868,0.40121,0.29231,63.411,87.844,109.124,117.407,52.574,18.583,301.782,265.648,224.469,128.31,20.17,5.268,23.646,18.8,14.858,7.727,0.923,0.164,2.089
70.0,2000,0.7,4.0,6.24571,3.80147,2.50621,1.28027,0.43143,0.31649,6.71489,4.05684,2.66237,1.35199,0.4496,0.32554,42.404,61.501,79.93,91.785,44.044,15.691,264.843,233.794,200.321,117.51,19.002,4.966,19.895,15.706,12.482,6.582,0.8,0.142,2.137
72.5,2000,0.7,4.0,8.85232,5.08449,3.21313,1.55645,0.49592,0.35982,9.49032,5.40814,3.40078,1.63685,0.51489,0.36918,25.63,39.437,54.337,67.873,35.621,12.823,226.885,200.517,174.592,105.641,17.665,4.614,16.352,12.764,10.196,5.457,0.676,0.12,2.181
75.0,2000,0.7,4.0,14.10435,7.46963,4.44673,1.99825,0.58787,0.41971,15.08264,7.92024,4.6893,2.09253,0.608,0.4295,13.359,22.243,33.141,46.329,27.421,10.014,188.42,166.147,147.369,92.577,16.12,4.203,13.069,10.023,8.039,4.368,0.552,0.098,2.193
77.5,2000,0.7,4.0,27.18824,12.78028,6.96131,2.79616,0.72996,0.50875,29.0143,13.51353,7.31581,2.91555,0.75189,0.51915,5.525,10.272,17.083,27.968,19.608,7.312,150.215,131.279,118.92,78.203,14.313,3.72,10.089,7.532,6.056,3.339,0.43,0.076,2.15
80.0,2000,0.7,4.0,73.62313,28.71073,13.56713,4.54719,0.97853,0.65686,78.45874,30.29223,14.21583,4.72164,1.00362,0.66834,1.539,3.374,6.621,13.741,12.438,4.791,113.306,96.87,89.828,62.483,12.171,3.147,7.442,5.336,4.295,2.397,0.312,0.055,2.267
10.0,2500,0.7,4.0,0.9951,0.76535,0.59733,0.37696,0.15387,0.11353,1.12244,0.85824,0.66795,0.42009,0.16851,0.1212,733.38,798.429,785.008,602.05,189.369,64.787,729.787,611.076,468.906,226.946,29.139,7.355,93.388,74.17,55.442,25.971,2.771,0.497,0.883
12.5,2500,0.7,4.0,1.00588,0.77301,0.60295,0.38022,0.15515,0.1145,1.1339,0.86631,0.67382,0.42346,0.1698,0.12218,721.086,786.065,773.836,594.578,187.383,64.121,725.324,607.635,466.584,226.069,29.073,7.342,92.318,73.338,54.845,25.71,2.745,0.492,0.925
15.0,2500,0.7,4.0,1.01934,0.78256,0.60995,0.38427,0.15674,0.11572,1.14823,0.87636,0.68114,0.42764,0.17141,0.12339,706.175,771.053,760.258,585.487,184.964,63.309,719.834,603.398,463.722,224.986,28.991,7.326,91.016,72.325,54.118,25.391,2.713,0.486,1.035
17.5,2500,0.7,4.0,1.03569,0.79414,0.61842,0.38916,0.15864,0.11717,1.16562,0.88855,0.68998,0.43268,0.17334,0.12487,688.716,753.454,744.323,574.801,182.118,62.354,713.296,598.345,460.305,223.692,28.892,7.306,89.484,71.133,53.262,25.015,2.676,0.48,1.091
20.0,2500,0.7,4.0,1.05516,0.80788,0.62846,0.39495,0.16089,0.11887,1.18633,0.90302,0.70046,0.43865,0.17562,0.12658,668.795,733.342,726.085,562.55,178.85,61.258,705.684,592.456,456.317,222.178,28.776,7.282,87.726,69.765,52.279,24.584,2.633,0.472,1.193
22.5,2500,0.7,4.0,1.07805,0.824,0.64021,0.40169,0.1635,0.12087,1.21068,0.91998,0.71273,0.44561,0.17826,0.12859,646.507,710.8,705.611,548.768,175.169,60.022,696.969,585.702,451.737,220.436,28.641,7.255,85.746,68.223,51.171,24.098,2.584,0.463,1.251
25.0,2500,0.7,4.0,1.10475,0.84274,0.65382,0.40948,0.16651,0.12317,1.23908,0.9397,0.72694,0.45364,0.1813,0.13091,621.967,685.926,682.976,533.494,171.081,58.65,687.118,578.054,446.541,218.455,28.487,7.224,83.55,66.512,49.941,23.557,2.53,0.454,1.296
27.5,2500,0.7,4.0,1.13572,0.86438,0.66949,0.41841,0.16994,0.12579,1.27203,0.96248,0.74331,0.46284,0.18478,0.13354,595.301,658.833,658.267,516.772,166.596,57.145,676.095,569.479,440.705,216.222,28.312,7.188,81.144,64.635,48.59,22.963,2.471,0.443,1.394
30.0,2500,0.7,4.0,1.17154,0.88929,0.68748,0.42861,0.17385,0.12877,1.31014,0.98871,0.76209,0.47336,0.18873,0.13654,566.653,629.645,631.579,498.653,161.724,55.509,663.859,559.94,434.197,213.726,28.115,7.148,78.533,62.597,47.122,22.318,2.407,0.431,1.459
32.5,2500,0.7,4.0,1.21295,0.91795,0.70808,0.44022,0.17826,0.13214,1.35418,1.01887,0.7836,0.48534,0.1932,0.13993,536.186,598.503,603.021,479.192,156.475,53.747,650.366,549.395,426.987,210.95,27.893,7.102,75.727,60.403,45.54,21.621,2.338,0.419,1.532
35.0,2500,0.7,4.0,1.26086,0.95091,0.73167,0.45344,0.18324,0.13595,1.40514,1.05357,0.80823,0.49897,0.19824,0.14378,504.079,565.564,572.715,458.45,150.863,51.863,635.571,537.801,419.037,207.878,27.644,7.051,72.732,58.06,43.849,20.875,2.263,0.406,1.575
37.5,2500,0.7,4.0,1.31643,0.98889,0.75871,0.46848,0.18887,0.14025,1.46426,1.09355,0.83647,0.51449,0.20394,0.14809,470.533,531.005,540.795,436.495,144.9,49.86,619.422,525.107,410.309,204.491,27.367,6.993,69.559,55.573,42.051,20.081,2.184,0.391,1.646
40.0,2500,0.7,4.0,1.38116,1.03282,0.78981,0.48564,0.19523,0.14511,1.53312,1.13978,0.86894,0.53219,0.21038,0.15298,435.768,495.018,507.412,413.404,138.6,47.744,601.867,511.263,400.757,200.767,27.059,6.928,66.219,52.951,40.153,19.241,2.1,0.376,1.678
42.5,2500,0.7,4.0,1.45702,1.08386,0.8257,0.50528,0.20243,0.15062,1.61382,1.19351,0.90642,0.55243,0.21767,0.15855,400.03,457.822,472.733,389.259,131.979,45.519,582.853,496.213,390.337,196.684,26.716,6.856,62.724,50.202,38.158,18.356,2.012,0.361,1.788
45.0,2500,0.7,4.0,1.54659,1.14355,0.86738,0.52784,0.21058,0.15684,1.7091,1.25635,0.94994,0.5757,0.22593,0.1648,363.59,419.656,436.943,364.153,125.053,43.191,562.324,479.899,378.997,192.214,26.334,6.774,59.087,47.335,36.074,17.43,1.919,0.344,1.808
47.5,2500,0.7,4.0,1.65334,1.21396,0.91613,0.55392,0.21988,0.16389,1.82266,1.33046,1.00084,0.60261,0.23535,0.17191,326.748,380.788,400.252,338.19,117.84,40.765,540.226,462.26,366.681,187.331,25.911,6.681,55.325,44.362,33.907,16.464,1.823,0.327,1.847
50.0,2500,0.7,4.0,1.78208,1.29783,0.97365,0.5843,0.23053,0.17198,1.95961,1.41875,1.06091,0.63393,0.24613,0.18006,289.833,341.518,362.893,311.485,110.36,38.249,516.506,443.233,353.33,182.0,25.441,6.578,51.454,41.294,31.665,15.46,1.722,0.309,1.917
52.5,2500,0.7,4.0,1.93955,1.39902,1.0423,0.62,0.24279,0.18122,2.12712,1.52526,1.13259,0.67076,0.25854,0.18935,253.211,302.178,325.129,284.169,102.636,35.648,491.115,422.754,338.881,176.186,24.919,6.46,47.496,38.146,29.356,14.422,1.617,0.29,1.946
55.0,2500,0.7,4.0,2.13553,1.52299,1.12535,0.66245,0.25703,0.19189,2.33561,1.65575,1.21931,0.71453,0.27297,0.20011,217.281,263.141,287.257,256.391,94.689,32.972,464.011,400.76,323.265,169.846,24.338,6.327,43.473,34.935,26.991,13.353,1.509,0.271,2.005
57.5,2500,0.7,4.0,2.38467,1.6777,1.22752,0.71362,0.27372,0.20435,2.60064,1.8186,1.326,0.7673,0.28987,0.21266,182.484,224.826,249.617,228.32,86.548,30.227,435.164,377.19,306.41,162.934,23.69,6.177,39.411,31.679,24.581,12.257,1.398,0.251,1.991
60.0,2500,0.7,4.0,2.70973,1.87528,1.35581,0.77637,0.29355,0.21898,2.94643,2.02658,1.45995,0.83203,0.30995,0.22736,149.3,187.699,212.597,200.156,78.242,27.423,404.562,351.988,288.241,155.396,22.968,6.005,35.34,28.399,22.141,11.139,1.283,0.23,2.061
62.5,2500,0.7,4.0,3.14784,2.1349,1.52106,0.85497,0.31744,0.23638,3.4125,2.29987,1.6325,0.91308,0.33414,0.24488,118.246,152.285,176.641,172.132,69.806,24.571,372.219,325.114,268.681,147.168,22.159,5.808,31.295,25.122,19.686,10.003,1.166,0.209,2.032
65.0,2500,0.7,4.0,3.763,2.48857,1.74082,0.95605,0.34675,0.25747,4.06691,2.67215,1.86198,1.01733,0.36382,0.26614,89.872,119.163,142.262,144.53,61.28,21.684,338.188,296.545,247.652,138.178,21.249,5.583,27.313,21.876,17.237,8.856,1.046,0.188,2.061
67.5,2500,0.7,4.0,4.67382,2.9931,2.04528,1.09046,0.38361,0.2835,5.03585,3.20324,2.1799,1.15594,0.40116,0.29234,64.74,88.969,110.052,117.69,52.715,18.776,302.583,266.293,225.087,128.336,20.222,5.323,23.438,18.696,14.815,7.707,0.925,0.166,2.079
70.0,2500,0.7,4.0,6.12014,3.75805,2.49039,1.27721,0.43139,0.31651,6.5745,4.00846,2.64469,1.34854,0.44955,0.32558,43.398,62.381,80.684,92.032,44.173,15.867,265.602,234.431,200.935,117.544,19.056,5.022,19.718,15.621,12.449,6.565,0.802,0.144,2.131
72.5,2500,0.7,4.0,8.64921,5.01856,3.19026,1.55231,0.49583,0.35986,9.26497,5.33535,3.37547,1.63226,0.5148,0.36926,26.312,40.077,54.915,68.08,35.738,12.98,227.578,201.129,175.193,105.681,17.72,4.671,16.202,12.696,10.171,5.443,0.678,0.122,2.178
75.0,2500,0.7,4.0,13.72587,7.35687,4.41018,1.99226,0.58778,0.41975,14.66575,7.79679,4.64932,2.08599,0.60791,0.4295,13.771,22.661,33.546,46.492,27.522,10.149,189.019,166.714,147.944,92.624,16.177,4.26,12.943,9.969,8.022,4.358,0.554,0.099,2.097
77.5,2500,0.7,4.0,26.30779,12.54761,6.89301,2.7864,0.72983,0.50876,28.05098,13.2609,7.24185,2.905,0.75176,0.51913,5.728,10.502,17.329,28.085,19.691,7.422,150.691,131.775,119.449,78.256,14.371,3.776,9.985,7.491,6.045,3.331,0.432,0.077,2.203
80.0,2500,0.7,4.0,70.58137,28.04758,13.39923,4.52773,0.97824,0.65696,75.15217,29.57757,14.03562,4.70091,1.00328,0.66844,1.61,3.468,6.738,13.812,12.501,4.874,113.636,97.269,90.284,62.537,12.229,3.202,7.359,5.306,4.288,2.392,0.313,0.056,2.198
10.0,3000,0.7,4.0,0.98765,0.76184,0.59565,0.37651,0.15387,0.11353,1.11272,0.85362,0.66571,0.41948,0.16849,0.12119,739.075,802.187,787.466,602.572,189.575,65.077,729.944,611.137,469.051,226.877,29.169,7.388,92.439,73.627,55.174,25.89,2.773,0.499,0.86
12.5,3000,0.7,4.0,0.9983,0.76945,0.60125,0.37977,0.15514,0.1145,1.12404,0.86163,0.67156,0.42284,0.16979,0.12217,726.734,789.797,776.279,595.098,187.589,64.41,725.497,607.706,466.735,226.001,29.103,7.375,91.382,72.803,54.581,25.629,2.747,0.494,0.938
15.0,3000,0.7,4.0,1.0116,0.77893,0.60822,0.38382,0.15673,0.11571,1.13818,0.87161,0.67884,0.42701,0.17139,0.1234,711.765,774.752,762.684,586.005,185.169,63.597,720.025,603.481,463.879,224.92,29.021,7.359,90.095,71.799,53.859,25.312,2.715,0.489,0.977
17.5,3000,0.7,4.0,1.02776,0.79042,0.61665,0.3887,0.15864,0.11716,1.15535,0.8837,0.68764,0.43205,0.17333,0.12485,694.238,757.115,746.727,575.316,182.322,62.641,713.509,598.442,460.471,223.627,28.923,7.339,88.582,70.618,53.008,24.938,2.678,0.482,1.054
20.0,3000,0.7,4.0,1.04699,0.80407,0.62665,0.39448,0.16088,0.11888,1.1758,0.89806,0.69808,0.438,0.1756,0.12658,674.236,736.957,728.464,563.061,179.054,61.543,705.921,592.568,456.492,222.115,28.807,7.316,86.845,69.261,52.032,24.508,2.635,0.474,1.157
22.5,3000,0.7,4.0,1.06961,0.82007,0.63834,0.40121,0.1635,0.12089,1.19984,0.91489,0.71028,0.44494,0.17824,0.1286,651.857,714.364,707.962,549.275,175.371,60.305,697.234,585.832,451.922,220.374,28.673,7.29,84.889,67.733,50.931,24.023,2.586,0.465,1.271
25.0,3000,0.7,4.0,1.09598,0.83867,0.65189,0.40898,0.1665,0.12318,1.22787,0.93445,0.72443,0.45296,0.18129,0.13092,627.213,689.432,685.295,533.996,171.281,58.931,687.413,578.205,446.739,218.395,28.519,7.259,82.72,66.037,49.708,23.485,2.533,0.456,1.305
27.5,3000,0.7,4.0,1.12656,0.86015,0.6675,0.4179,0.16993,0.1258,1.26037,0.95705,0.74072,0.46215,0.18477,0.13355,600.431,662.272,660.548,517.27,166.795,57.423,676.422,569.651,440.915,216.165,28.344,7.224,80.342,64.177,48.365,22.893,2.474,0.445,1.363
30.0,3000,0.7,4.0,1.16193,0.88488,0.6854,0.42807,0.17383,0.12878,1.29796,0.98307,0.75941,0.47265,0.18871,0.13656,571.655,633.011,633.819,499.145,161.921,55.785,664.221,560.136,434.422,213.671,28.147,7.184,77.763,62.156,46.906,22.249,2.409,0.434,1.46
32.5,3000,0.7,4.0,1.20279,0.91331,0.70591,0.43967,0.17825,0.13215,1.34139,1.01298,0.78081,0.4846,0.19318,0.13995,541.046,601.788,605.216,479.677,156.671,54.02,650.765,549.616,427.227,210.898,27.926,7.139,74.989,59.982,45.334,21.555,2.34,0.421,1.466
35.0,3000,0.7,4.0,1.25006,0.946,0.72938,0.45286,0.18323,0.13596,1.39163,1.04738,0.80532,0.49821,0.19823,0.14379,508.783,568.759,574.86,458.927,151.056,52.132,636.008,538.047,419.293,207.829,27.678,7.088,72.03,57.658,43.652,20.812,2.266,0.408,1.544
37.5,3000,0.7,4.0,1.30487,0.98367,0.7563,0.46788,0.18885,0.14027,1.44989,1.08701,0.83342,0.51369,0.20393,0.14813,475.065,534.101,542.884,436.965,145.091,50.125,619.898,525.381,410.582,204.445,27.401,7.031,68.893,55.193,41.866,20.021,2.187,0.394,1.644
40.0,3000,0.7,4.0,1.3687,1.02723,0.78724,0.485,0.19522,0.14511,1.51773,1.13283,0.86571,0.53135,0.21037,0.15298,440.115,498.007,509.44,413.864,138.788,48.005,602.384,511.566,401.049,200.724,27.094,6.966,65.591,52.593,39.978,19.183,2.103,0.378,1.669
42.5,3000,0.7,4.0,1.44346,1.07782,0.82295,0.50459,0.20241,0.15061,1.59719,1.18607,0.90299,0.55156,0.21765,0.15854,404.176,460.693,474.693,389.709,132.164,45.775,583.41,496.546,390.648,196.645,26.751,6.894,62.135,49.866,37.996,18.302,2.014,0.363,1.745
45.0,3000,0.7,4.0,1.53169,1.13699,0.86441,0.52711,0.21057,0.15683,1.69097,1.24831,0.94627,0.57477,0.22592,0.16479,367.518,422.398,438.829,364.592,125.234,43.442,562.922,480.262,379.327,192.179,26.371,6.813,58.539,47.023,35.923,17.379,1.922,0.346,1.822
47.5,3000,0.7,4.0,1.63679,1.20674,0.91288,0.55313,0.21987,0.16391,1.80268,1.32169,0.99687,0.60161,0.23534,0.17193,330.442,383.392,402.058,338.616,118.018,41.011,540.863,462.653,367.032,187.3,25.949,6.722,54.817,44.074,33.769,16.416,1.825,0.329,1.821
50.0,3000,0.7,4.0,1.76345,1.28981,0.97008,0.58344,0.23051,0.17198,1.93731,1.4091,1.05658,0.63286,0.2461,0.18006,293.277,343.971,364.61,311.898,110.535,38.488,517.18,443.657,353.701,181.974,25.479,6.619,50.988,41.031,31.539,15.415,1.724,0.311,1.932
52.5,3000,0.7,4.0,1.91829,1.38999,1.03833,0.61906,0.24277,0.18124,2.10189,1.5145,1.12782,0.6696,0.25852,0.18938,256.386,304.468,326.75,284.566,102.805,35.881,491.823,423.208,339.273,176.164,24.958,6.503,47.071,37.908,29.243,14.381,1.619,0.292,1.976
55.0,3000,0.7,4.0,2.11085,1.51265,1.12087,0.66141,0.25701,0.19192,2.30655,1.64355,1.21399,0.71326,0.27294,0.20011,220.172,265.257,288.774,256.771,94.854,33.196,464.749,401.242,323.678,169.83,24.378,6.371,43.088,34.721,26.89,13.315,1.511,0.272,1.995
57.5,3000,0.7,4.0,2.35541,1.66567,1.22238,0.71245,0.2737,0.20436,2.56649,1.80454,1.31996,0.7659,0.28985,0.21263,185.075,226.754,251.021,228.681,86.707,30.442,435.927,377.698,306.844,162.923,23.732,6.221,39.066,31.489,24.493,12.223,1.4,0.252,1.969
60.0,3000,0.7,4.0,2.67417,1.86099,1.34982,0.77503,0.29353,0.21897,2.9053,2.01003,1.45298,0.83044,0.30992,0.22737,151.577,189.427,213.877,200.496,78.395,27.629,405.342,352.521,288.695,155.391,23.011,6.05,35.034,28.233,22.065,11.108,1.285,0.232,2.003
62.5,3000,0.7,4.0,3.10327,2.11744,1.51389,0.85341,0.31741,0.2364,3.3614,2.27985,1.62426,0.91125,0.33411,0.24492,120.198,153.802,177.789,172.449,69.951,24.767,373.007,325.667,269.153,147.169,22.203,5.855,31.026,24.978,19.622,9.976,1.168,0.211,2.034
65.0,3000,0.7,4.0,3.70491,2.46651,1.732,0.95418,0.34673,0.2575,4.00089,2.64711,1.85194,1.01518,0.36379,0.26614,91.492,120.458,143.268,144.82,61.417,21.868,338.97,297.111,248.14,138.185,21.295,5.631,27.079,21.754,17.184,8.833,1.048,0.189,2.088
67.5,3000,0.7,4.0,4.59412,2.96398,2.03401,1.08818,0.38357,0.28351,4.94604,3.1705,2.1672,1.15336,0.40111,0.29233,66.029,90.036,110.907,117.95,52.843,18.948,303.345,266.865,225.586,128.351,20.269,5.372,23.237,18.594,14.772,7.688,0.927,0.167,2.066
70.0,3000,0.7,4.0,6.00318,3.71732,2.47524,1.27429,0.43135,0.31648,6.44376,3.9631,2.6278,1.34528,0.4495,0.32553,44.364,63.217,81.382,92.259,44.291,16.023,266.325,234.998,201.44,117.565,19.105,5.071,19.546,15.537,12.416,6.549,0.804,0.145,2.136
72.5,3000,0.7,4.0,8.46043,4.95677,3.16842,1.54839,0.49577,0.35983,9.05564,5.26716,3.3514,1.62792,0.51474,0.36921,26.977,40.687,55.452,68.271,35.843,13.12,228.237,201.676,175.695,105.71,17.77,4.721,16.057,12.629,10.147,5.43,0.68,0.123,2.174
75.0,3000,0.7,4.0,13.37474,7.25129,4.3755,1.98654,0.58767,0.41977,14.27922,7.68128,4.61147,2.07975,0.60781,0.4295,14.175,23.061,33.923,46.644,27.614,10.27,189.587,167.222,148.43,92.66,16.228,4.311,12.821,9.916,8.005,4.348,0.556,0.1,2.145
77.5,3000,0.7,4.0,25.49182,12.3306,6.82813,2.77708,0.72965,0.50884,27.15905,13.02546,7.17175,2.89498,0.75156,0.51921,5.929,10.723,17.56,28.194,19.767,7.521,151.141,132.221,119.902,78.297,14.423,3.827,9.885,7.451,6.034,3.324,0.433,0.078,2.153
80.0,3000,0.7,4.0,67.8256,27.4313,13.24211,4.50904,0.97802,0.6569,72.15833,28.91374,13.86726,4.68096,1.00311,0.66822,1.68,3.559,6.848,13.879,12.558,4.949,113.947,97.628,90.682,62.581,12.282,3.251,7.279,5.276,4.281,2.386,0.315,0.056,2.183
10.0,3500,0.7,4.0,0.9806,0.7585,0.59404,0.37609,0.15386,0.11354,1.10352,0.84923,0.66358,0.4189,0.16848,0.12121,744.534,805.722,789.704,603.051,189.767,65.324,730.092,611.137,469.116,226.804,29.197,7.417,91.519,73.105,54.913,25.813,2.775,0.501,0.875
12.5,3500,0.7,4.0,0.99114,0.76605,0.59962,0.37935,0.15513,0.11451,1.11471,0.85718,0.6694,0.42225,0.16977,0.12219,732.148,793.307,778.504,595.576,187.78,64.656,725.66,607.715,466.805,225.929,29.131,7.404,90.475,72.288,54.323,25.553,2.749,0.496,0.942
15.0,3500,0.7,4.0,1.0043,0.77548,0.60656,0.38339,0.15672,0.11572,1.12869,0.86708,0.67664,0.42642,0.17137,0.1234,717.125,778.233,764.893,586.48,185.36,63.843,720.206,603.501,463.956,224.848,29.049,7.388,89.204,71.293,53.605,25.236,2.717,0.49,1.022
17.5,3500,0.7,4.0,1.02027,0.78689,0.61496,0.38826,0.15863,0.11717,1.14565,0.87909,0.68541,0.43144,0.17331,0.12486,699.532,760.559,748.917,575.789,182.512,62.885,713.71,598.476,460.555,223.557,28.951,7.368,87.708,70.121,52.76,24.864,2.68,0.484,1.057
20.0,3500,0.7,4.0,1.03928,0.80045,0.62492,0.39403,0.16087,0.11888,1.16584,0.89334,0.6958,0.43739,0.17558,0.12658,679.455,740.36,730.632,563.531,179.242,61.786,706.146,592.618,456.585,222.046,28.835,7.345,85.992,68.777,51.789,24.435,2.637,0.476,1.208
22.5,3500,0.7,4.0,1.06164,0.81634,0.63656,0.40075,0.16348,0.12088,1.18959,0.91005,0.70795,0.44432,0.17823,0.12859,656.989,717.718,710.104,549.741,175.558,60.547,697.485,585.899,452.025,220.307,28.701,7.319,84.06,67.262,50.694,23.952,2.589,0.467,1.225
25.0,3500,0.7,4.0,1.0877,0.8348,0.65006,0.40851,0.16649,0.12317,1.21726,0.92947,0.72204,0.45232,0.18128,0.13091,632.246,692.731,687.407,534.458,171.468,59.171,687.693,578.29,446.853,218.33,28.548,7.288,81.916,65.58,49.479,23.416,2.535,0.458,1.341
27.5,3500,0.7,4.0,1.11792,0.85612,0.6656,0.41741,0.16992,0.1258,1.24935,0.95189,0.73825,0.46149,0.18475,0.13356,605.353,665.51,662.628,517.727,166.98,57.661,676.734,569.758,441.042,216.102,28.374,7.254,79.566,63.735,48.144,22.826,2.476,0.447,1.371
30.0,3500,0.7,4.0,1.15285,0.88067,0.68342,0.42757,0.17382,0.12878,1.28645,0.97771,0.75686,0.47197,0.18869,0.13654,576.454,636.18,635.862,499.596,162.104,56.02,664.566,560.265,434.562,213.61,28.177,7.214,77.016,61.732,46.694,22.184,2.411,0.435,1.449
32.5,3500,0.7,4.0,1.19321,0.90889,0.70384,0.43914,0.17823,0.13216,1.32931,1.00738,0.77816,0.4839,0.19316,0.13996,545.71,604.881,607.218,480.122,156.852,54.253,651.145,549.769,427.382,210.84,27.956,7.17,74.274,59.575,45.131,21.492,2.342,0.423,1.507
35.0,3500,0.7,4.0,1.23987,0.94133,0.7272,0.4523,0.18322,0.13596,1.37887,1.0415,0.80255,0.49748,0.19821,0.14379,513.298,571.769,576.816,459.366,151.236,52.362,636.424,538.226,419.463,207.773,27.709,7.119,71.348,57.271,43.459,20.751,2.268,0.41,1.596
37.5,3500,0.7,4.0,1.29397,0.97871,0.75399,0.46729,0.18884,0.14027,1.43632,1.08081,0.8305,0.51293,0.20391,0.14812,479.418,537.018,544.79,437.396,145.268,50.352,620.352,525.586,410.768,204.392,27.433,7.063,68.247,54.826,41.682,19.963,2.189,0.395,1.663
40.0,3500,0.7,4.0,1.35694,1.02192,0.78479,0.48439,0.1952,0.14512,1.5032,1.12624,0.86264,0.53056,0.21035,0.153,444.29,500.823,511.29,414.287,138.962,48.228,602.876,511.799,401.253,200.675,27.126,6.999,64.982,52.247,39.806,19.128,2.105,0.38,1.682
42.5,3500,0.7,4.0,1.43067,1.0721,0.82032,0.50394,0.2024,0.15063,1.5815,1.17901,0.89973,0.55072,0.21764,0.15854,408.159,463.399,476.483,390.123,132.335,45.995,583.941,496.808,390.87,196.599,26.784,6.928,61.564,49.542,37.834,18.25,2.017,0.364,1.833
45.0,3500,0.7,4.0,1.51764,1.13075,0.86157,0.52641,0.21055,0.15684,1.67386,1.24069,0.94277,0.57389,0.2259,0.16481,371.295,424.985,440.553,364.995,125.403,43.657,563.491,480.553,379.568,192.137,26.404,6.847,58.006,46.722,35.774,17.33,1.924,0.348,1.775
47.5,3500,0.7,4.0,1.62119,1.19989,0.90979,0.55238,0.21985,0.16392,1.78384,1.31339,0.9931,0.60067,0.23531,0.17193,333.995,385.848,403.709,339.008,118.183,41.221,541.469,462.975,367.292,187.262,25.983,6.757,54.324,43.795,33.631,16.37,1.827,0.33,1.825
50.0,3500,0.7,4.0,1.74592,1.2822,0.96668,0.58262,0.2305,0.17196,1.91631,1.39995,1.05247,0.63185,0.24609,0.18003,296.59,346.286,366.182,312.277,110.696,38.694,517.822,444.008,353.982,181.94,25.515,6.654,50.535,40.775,31.413,15.372,1.726,0.312,1.897
52.5,3500,0.7,4.0,1.89828,1.38143,1.03455,0.61817,0.24275,0.18123,2.07811,1.5043,1.12329,0.6685,0.2585,0.18935,259.444,306.631,328.235,284.932,102.962,36.081,492.497,423.589,339.574,176.135,24.994,6.539,46.657,37.676,29.129,14.341,1.622,0.293,1.954
55.0,3500,0.7,4.0,2.08761,1.50287,1.11661,0.66041,0.25698,0.19191,2.27919,1.63201,1.20893,0.71205,0.27291,0.20012,222.959,267.256,290.165,257.121,95.006,33.39,465.452,401.652,324.0,169.805,24.415,6.408,42.714,34.512,26.789,13.279,1.513,0.274,1.949
57.5,3500,0.7,4.0,2.32789,1.6543,1.2175,0.71132,0.27368,0.20435,2.53437,1.79126,1.31422,0.76455,0.28982,0.21264,187.575,228.577,252.309,229.014,86.854,30.629,436.654,378.136,307.186,162.903,23.77,6.259,38.731,31.304,24.404,12.19,1.402,0.254,2.013
60.0,3500,0.7,4.0,2.64076,1.84747,1.34411,0.77376,0.2935,0.219,2.86665,1.99438,1.44636,0.82893,0.30988,0.22738,153.776,191.063,215.054,200.809,78.536,27.808,406.085,352.983,289.057,155.377,23.05,6.09,34.737,28.07,21.988,11.079,1.287,0.233,2.077
62.5,3500,0.7,4.0,3.06142,2.10095,1.50708,0.85192,0.31737,0.23639,3.31342,2.26095,1.61643,0.90952,0.33406,0.24489,122.086,155.239,178.845,172.74,70.086,24.938,373.757,326.149,269.534,147.161,22.243,5.895,30.765,24.838,19.556,9.95,1.17,0.212,2.032
65.0,3500,0.7,4.0,3.65047,2.44569,1.72362,0.95241,0.3467,0.25748,3.93901,2.62348,1.84241,1.01314,0.36376,0.26615,93.061,121.687,144.195,145.087,61.544,22.029,339.716,297.609,248.537,138.183,21.337,5.672,26.852,21.635,17.129,8.811,1.05,0.191,2.066
67.5,3500,0.7,4.0,4.51962,2.93654,2.02332,1.08601,0.38354,0.2835,4.86209,3.13966,2.15518,1.15089,0.40108,0.29235,67.278,91.05,111.696,118.19,52.962,19.097,304.071,267.372,225.997,128.355,20.313,5.414,23.041,18.494,14.728,7.669,0.929,0.169,2.099
70.0,3500,0.7,4.0,5.89407,3.67904,2.4609,1.27153,0.43128,0.31652,6.32184,3.92048,2.61184,1.34218,0.44941,0.32562,45.302,64.012,82.027,92.469,44.4,16.16,267.013,235.503,201.86,117.577,19.149,5.115,19.379,15.455,12.381,6.533,0.805,0.147,2.13
72.5,3500,0.7,4.0,8.28441,4.89874,3.1478,1.54467,0.4957,0.35989,8.86053,5.20315,3.32867,1.62383,0.51465,0.36925,27.626,41.269,55.949,68.447,35.941,13.243,228.865,202.166,176.116,105.728,17.816,4.766,15.916,12.563,10.12,5.418,0.681,0.124,2.276
75.0,3500,0.7,4.0,13.04845,7.15232,4.34271,1.98115,0.5876,0.41981,13.92032,7.57307,4.57568,2.07387,0.60771,0.42955,14.571,23.444,34.274,46.783,27.699,10.376,190.129,167.679,148.842,92.684,16.276,4.356,12.704,9.864,7.985,4.338,0.557,0.101,2.149
77.5,3500,0.7,4.0,24.74192,12.1284,6.76731,2.76823,0.72955,0.50887,26.33986,12.80613,7.10599,2.88542,0.75147,0.51925,6.126,10.935,17.775,28.295,19.837,7.609,151.569,132.624,120.289,78.327,14.472,3.872,9.789,7.411,6.02,3.316,0.435,0.079,2.168
80.0,3500,0.7,4.0,65.31732,26.86561,13.09495,4.49168,0.97787,0.6569,69.43511,28.30444,13.70954,4.66248,1.00293,0.66826,1.749,3.646,6.951,13.94,12.61,5.016,114.24,97.952,91.023,62.614,12.331,3.295,7.202,5.246,4.272,2.381,0.316,0.057,1.971
10.0,4000,0.7,4.0,0.97397,0.75532,0.59268,0.37569,0.15365,0.11354,1.09486,0.84506,0.66168,0.41834,0.16816,0.12122,749.746,809.041,791.75,603.494,189.943,65.535,730.23,611.084,469.251,226.729,29.184,7.441,90.634,72.606,54.632,25.739,2.757,0.503,0.834
12.5,4000,0.7,4.0,0.98439,0.76283,0.59823,0.37894,0.15492,0.11451,1.10592,0.85295,0.66748,0.42169,0.16945,0.12219,737.318,796.604,780.538,596.017,187.955,64.866,725.811,607.671,466.944,225.855,29.118,7.428,89.602,71.795,54.047,25.48,2.731,0.498,0.94
15.0,4000,0.7,4.0,0.99741,0.77219,0.60515,0.38298,0.15651,0.11572,1.11973,0.8628,0.6747,0.42585,0.17106,0.1234,722.243,781.501,766.912,586.919,185.534,64.052,720.374,603.468,464.1,224.776,29.037,7.412,88.345,70.808,53.333,25.165,2.7,0.492,1.02
17.5,4000,0.7,4.0,1.01321,0.78353,0.61352,0.38784,0.15841,0.11717,1.1365,0.87472,0.68343,0.43087,0.17299,0.12486,704.589,763.795,750.919,576.225,182.686,63.094,713.898,598.456,460.705,223.485,28.939,7.393,86.867,69.647,52.493,24.793,2.663,0.485,1.128
20.0,4000,0.7,4.0,1.03202,0.797,0.62344,0.3936,0.16065,0.11888,1.15646,0.88887,0.69378,0.4368,0.17525,0.12659,684.439,743.556,732.614,563.964,179.415,61.993,706.357,592.613,456.742,221.976,28.823,7.37,85.17,68.313,51.528,24.366,2.62,0.478,1.199
22.5,4000,0.7,4.0,1.05413,0.81278,0.63504,0.40031,0.16326,0.12088,1.17992,0.90546,0.70588,0.44372,0.1779,0.1286,661.891,720.869,712.062,550.171,175.73,60.753,697.72,585.91,452.19,220.238,28.69,7.344,83.26,66.81,50.44,23.885,2.572,0.469,1.225
25.0,4000,0.7,4.0,1.0799,0.83112,0.64848,0.40806,0.16626,0.12318,1.20727,0.92474,0.7199,0.45171,0.18093,0.13091,637.055,695.831,689.339,534.884,171.638,59.376,687.956,578.32,447.026,218.263,28.537,7.314,81.14,65.142,49.232,23.349,2.518,0.459,1.272
27.5,4000,0.7,4.0,1.10977,0.8523,0.66396,0.41694,0.16968,0.12579,1.23897,0.947,0.73605,0.46087,0.1844,0.13355,610.057,668.553,664.53,518.149,167.149,57.864,677.026,569.808,441.223,216.037,28.362,7.279,78.817,63.312,47.906,22.762,2.46,0.449,1.451
30.0,4000,0.7,4.0,1.14431,0.87668,0.68172,0.42708,0.17357,0.12878,1.27562,0.97262,0.75458,0.47133,0.18834,0.13655,581.042,639.159,637.731,500.013,162.272,56.222,664.89,560.336,434.753,213.548,28.166,7.24,76.296,61.325,46.464,22.122,2.396,0.437,1.473
32.5,4000,0.7,4.0,1.18419,0.9047,0.70205,0.43863,0.17798,0.13215,1.31794,1.00207,0.77579,0.48324,0.1928,0.13996,550.169,607.789,609.05,480.534,157.018,54.452,651.503,549.864,427.583,210.779,27.946,7.196,73.585,59.186,44.911,21.432,2.327,0.425,1.514
35.0,4000,0.7,4.0,1.23029,0.93691,0.72532,0.45178,0.18295,0.13596,1.36686,1.03593,0.80007,0.49679,0.19783,0.14378,517.616,574.599,578.607,459.771,151.4,52.559,636.817,538.345,419.676,207.715,27.699,7.146,70.691,56.9,43.249,20.694,2.253,0.411,1.552
37.5,4000,0.7,4.0,1.28372,0.97401,0.75199,0.46674,0.18856,0.14027,1.42356,1.07493,0.8279,0.51222,0.20352,0.14812,483.581,539.762,546.536,437.794,145.43,50.547,620.781,525.732,410.992,204.337,27.423,7.09,67.624,54.474,41.483,19.908,2.175,0.397,1.663
40.0,4000,0.7,4.0,1.34588,1.01688,0.78265,0.4838,0.19492,0.14513,1.48953,1.11999,0.85988,0.5298,0.20995,0.15302,448.286,503.473,512.986,414.678,139.122,48.42,603.341,511.972,401.489,200.622,27.117,7.027,64.394,51.915,39.618,19.076,2.091,0.382,1.726
42.5,4000,0.7,4.0,1.41864,1.06667,0.81803,0.50332,0.20209,0.15061,1.56674,1.17232,0.89679,0.54993,0.21722,0.15854,411.973,465.946,478.124,390.505,132.493,46.184,584.443,497.009,391.119,196.55,26.776,6.956,61.012,49.231,37.658,18.2,2.004,0.366,1.695
45.0,4000,0.7,4.0,1.50443,1.12485,0.85908,0.52575,0.21024,0.15683,1.65778,1.23348,0.93962,0.57305,0.22547,0.16479,374.911,427.42,442.134,365.368,125.557,43.843,564.029,480.783,379.83,192.091,26.397,6.876,57.492,46.432,35.609,17.282,1.912,0.349,1.807
47.5,4000,0.7,4.0,1.60653,1.1934,0.90708,0.55167,0.21951,0.16393,1.76613,1.30554,0.98969,0.59977,0.23486,0.17194,337.399,388.162,405.223,339.371,118.334,41.403,542.043,463.234,367.568,187.22,25.976,6.787,53.848,43.528,33.479,16.325,1.816,0.332,1.847
50.0,4000,0.7,4.0,1.72944,1.275,0.96368,0.58184,0.23013,0.17198,1.89656,1.39131,1.04875,0.63088,0.2456,0.18006,299.767,348.468,367.624,312.628,110.844,38.871,518.429,444.297,354.272,181.901,25.508,6.685,50.097,40.53,31.274,15.331,1.715,0.314,1.885
52.5,4000,0.7,4.0,1.87949,1.37333,1.03119,0.61731,0.24236,0.18122,2.05579,1.49467,1.11918,0.66745,0.258,0.18936,262.378,308.67,329.599,285.27,103.106,36.254,493.136,423.907,339.878,176.101,24.989,6.57,46.258,37.453,29.002,14.303,1.612,0.295,1.936
55.0,4000,0.7,4.0,2.06581,1.49363,1.1128,0.65946,0.25656,0.19191,2.25352,1.62112,1.20432,0.71091,0.27237,0.2001,225.634,269.142,291.443,257.444,95.146,33.558,466.118,401.999,324.317,169.775,24.411,6.44,42.353,34.312,26.675,13.245,1.504,0.275,1.952
57.5,4000,0.7,4.0,2.30208,1.64356,1.21312,0.71027,0.27322,0.20438,2.50425,1.77871,1.30899,0.76329,0.28923,0.21266,189.977,230.298,253.493,229.321,86.989,30.791,437.342,378.509,307.517,162.879,23.767,6.293,38.407,31.125,24.303,12.159,1.393,0.255,2.026
60.0,4000,0.7,4.0,2.60945,1.83471,1.33897,0.77254,0.29299,0.219,2.83043,1.97964,1.44029,0.8275,0.30926,0.2274,155.891,192.609,216.137,201.098,78.665,27.964,406.789,353.382,289.401,155.357,23.048,6.124,34.449,27.914,21.899,11.051,1.28,0.235,2.065
62.5,4000,0.7,4.0,3.02227,2.0854,1.5009,0.85051,0.31681,0.23643,3.26852,2.24314,1.60923,0.90788,0.33338,0.24496,123.903,156.598,179.818,173.01,70.209,25.086,374.468,326.57,269.888,147.147,22.243,5.931,30.512,24.702,19.48,9.925,1.163,0.214,2.002
65.0,4000,0.7,4.0,3.59954,2.42611,1.71597,0.95073,0.34605,0.25748,3.88114,2.60127,1.83362,1.01121,0.36298,0.26614,94.574,122.85,145.05,145.335,61.661,22.169,340.423,298.047,248.902,138.175,21.338,5.708,26.632,21.519,17.065,8.789,1.044,0.192,2.043
67.5,4000,0.7,4.0,4.45003,2.91077,2.01348,1.08394,0.38282,0.28349,4.7837,3.11072,2.14401,1.14855,0.40021,0.29233,68.485,92.01,112.426,118.413,53.07,19.228,304.76,267.82,226.368,128.353,20.316,5.451,22.852,18.397,14.675,7.65,0.923,0.17,2.124
70.0,4000,0.7,4.0,5.79226,3.64309,2.44761,1.26891,0.43045,0.3165,6.20813,3.88049,2.59695,1.33925,0.44845,0.32559,46.211,64.767,82.625,92.663,44.5,16.281,267.666,235.952,202.234,117.581,19.155,5.153,19.218,15.376,12.339,6.518,0.801,0.148,2.151
72.5,4000,0.7,4.0,8.12075,4.84444,3.12863,1.54114,0.49469,0.3599,8.67922,5.14327,3.30746,1.61992,0.5135,0.36926,28.256,41.822,56.41,68.611,36.031,13.351,229.46,202.604,176.486,105.739,17.824,4.805,15.78,12.498,10.088,5.405,0.678,0.125,2.158
75.0,4000,0.7,4.0,12.74686,7.06023,4.31199,1.97602,0.58633,0.41983,13.58866,7.47245,4.54207,2.06828,0.60628,0.42957,14.956,23.808,34.601,46.913,27.776,10.471,190.642,168.09,149.199,92.701,16.286,4.396,12.59,9.814,7.961,4.328,0.554,0.102,2.17
77.5,4000,0.7,4.0,24.05032,11.93985,6.71,2.75984,0.7279,0.50884,25.58459,12.60172,7.04389,2.8764,0.74966,0.51925,6.319,11.138,17.976,28.389,19.901,7.688,151.974,132.986,120.619,78.349,14.486,3.912,9.695,7.372,6.002,3.309,0.433,0.08,2.138
80.0,4000,0.7,4.0,62.9901,26.33181,12.95545,4.47492,0.97551,0.65682,66.91034,27.7301,13.55988,4.64466,1.00039,0.66824,1.818,3.731,7.048,13.998,12.659,5.076,114.516,98.244,91.31,62.64,12.349,3.334,7.127,5.217,4.26,2.376,0.315,0.058,2.207
10.0,4500,0.7,4.0,0.9677,0.75229,0.59128,0.37531,0.15365,0.11354,1.08665,0.8411,0.65979,0.41781,0.16817,0.12121,754.734,812.169,793.624,603.904,190.107,65.713,730.354,610.986,469.254,226.651,29.21,7.461,89.78,72.129,54.374,25.669,2.76,0.504,0.859
12.5,4500,0.7,4.0,0.97802,0.75975,0.59682,0.37855,0.15492,0.11451,1.0976,0.84894,0.66557,0.42116,0.16946,0.12218,742.266,799.71,782.402,596.425,188.119,65.044,725.948,607.581,466.952,225.778,29.144,7.448,88.76,71.325,53.792,25.411,2.734,0.499,0.924
15.0,4500,0.7,4.0,0.99091,0.76906,0.60371,0.38258,0.15651,0.11571,1.11126,0.85872,0.67276,0.42531,0.17106,0.1234,727.141,784.582,768.763,587.326,185.698,64.229,720.528,603.389,464.113,224.699,29.063,7.432,87.518,70.345,53.082,25.096,2.703,0.494,1.012
17.5,4500,0.7,4.0,1.00654,0.78033,0.61205,0.38744,0.15841,0.11716,1.12785,0.87056,0.68146,0.43032,0.17299,0.12486,709.428,766.844,752.754,576.629,182.848,63.27,714.07,598.39,460.724,223.41,28.965,7.413,86.056,69.193,52.247,24.726,2.665,0.487,1.094
20.0,4500,0.7,4.0,1.02516,0.79371,0.62193,0.39319,0.16066,0.11889,1.14759,0.88462,0.69177,0.43625,0.17526,0.12659,689.21,746.568,734.431,564.366,179.577,62.168,706.55,592.56,456.768,221.902,28.85,7.391,84.378,67.87,51.288,24.3,2.623,0.479,1.135
22.5,4500,0.7,4.0,1.04704,0.8094,0.63349,0.39989,0.16327,0.12088,1.17079,0.9011,0.70382,0.44315,0.17791,0.1286,666.583,723.839,713.858,550.569,175.891,60.927,697.938,585.874,452.224,220.166,28.717,7.365,82.489,66.379,50.206,23.82,2.575,0.47,1.241
25.0,4500,0.7,4.0,1.07253,0.82762,0.64688,0.40762,0.16627,0.12318,1.19782,0.92025,0.71779,0.45113,0.18094,0.13092,641.658,698.754,691.112,535.279,171.798,59.549,688.2,578.302,447.069,218.192,28.564,7.335,80.393,64.724,49.005,23.287,2.521,0.461,1.336
27.5,4500,0.7,4.0,1.10208,0.84866,0.6623,0.41649,0.16969,0.1258,1.22916,0.94235,0.73387,0.46027,0.18441,0.13356,614.562,671.422,666.276,518.539,167.307,58.036,677.299,569.809,441.276,215.968,28.39,7.301,78.095,62.908,47.686,22.701,2.463,0.45,1.36
30.0,4500,0.7,4.0,1.13624,0.87288,0.67999,0.42662,0.17358,0.12878,1.26537,0.9678,0.75232,0.47071,0.18835,0.13654,585.436,641.968,639.446,500.399,162.429,56.392,665.193,560.359,434.817,213.481,28.194,7.262,75.602,60.936,46.252,22.063,2.399,0.438,1.435
32.5,4500,0.7,4.0,1.17567,0.9007,0.70024,0.43815,0.17798,0.13215,1.30719,0.99704,0.77344,0.4826,0.19281,0.13995,554.44,610.532,610.731,480.915,157.173,54.621,651.837,549.909,427.658,210.715,27.974,7.218,72.92,58.813,44.708,21.375,2.33,0.426,1.476
35.0,4500,0.7,4.0,1.22124,0.93269,0.72342,0.45128,0.18296,0.13597,1.35551,1.03064,0.79762,0.49613,0.19784,0.1438,521.753,577.268,580.251,460.147,151.553,52.726,637.185,538.414,419.763,207.653,27.728,7.169,70.057,56.544,43.055,20.639,2.256,0.413,1.59
37.5,4500,0.7,4.0,1.27403,0.96953,0.74998,0.46621,0.18858,0.14026,1.4115,1.06935,0.82532,0.51153,0.20353,0.14811,487.572,542.351,548.139,438.163,145.581,50.712,621.183,525.826,411.093,204.277,27.453,7.113,67.023,54.137,41.299,19.855,2.177,0.398,1.654
40.0,4500,0.7,4.0,1.33545,1.01209,0.78051,0.48324,0.19492,0.14513,1.47662,1.11407,0.85716,0.52909,0.20996,0.15302,452.117,505.974,514.543,415.04,139.272,48.583,603.779,512.093,401.604,200.566,27.147,7.051,63.827,51.597,39.444,19.026,2.094,0.383,1.666
42.5,4500,0.7,4.0,1.4073,1.06151,0.81573,0.50273,0.2021,0.15061,1.55281,1.16599,0.8939,0.54917,0.21722,0.15853,415.63,468.35,479.631,390.859,132.64,46.344,584.916,497.157,391.248,196.496,26.806,6.98,60.48,48.933,37.495,18.153,2.006,0.367,1.775
45.0,4500,0.7,4.0,1.49198,1.11924,0.8566,0.52511,0.21024,0.15684,1.64261,1.22665,0.93653,0.57225,0.22547,0.16481,378.381,429.719,443.586,365.714,125.702,44.001,564.538,480.96,379.975,192.041,26.428,6.901,56.996,46.154,35.457,17.238,1.914,0.351,1.779
47.5,4500,0.7,4.0,1.59271,1.18725,0.90436,0.55098,0.21952,0.16392,1.74943,1.2981,0.98635,0.59892,0.23487,0.17193,340.667,390.347,406.616,339.707,118.476,41.558,542.585,463.439,367.728,187.173,26.008,6.812,53.388,43.27,33.338,16.284,1.818,0.333,1.795
50.0,4500,0.7,4.0,1.71391,1.26817,0.96069,0.5811,0.23014,0.17198,1.87795,1.38312,1.0451,0.62997,0.24562,0.18005,302.818,350.529,368.951,312.953,110.982,39.023,519.004,444.531,354.448,181.858,25.541,6.711,49.674,40.294,31.144,15.292,1.718,0.315,1.894
52.5,4500,0.7,4.0,1.86179,1.36566,1.02786,0.6165,0.24236,0.18123,2.03476,1.48555,1.11516,0.66645,0.258,0.18936,265.197,310.598,330.854,285.583,103.241,36.401,493.741,424.17,340.071,176.061,25.022,6.597,45.872,37.238,28.885,14.267,1.614,0.296,1.934
55.0,4500,0.7,4.0,2.0453,1.48488,1.10904,0.65856,0.25657,0.19192,2.22936,1.61081,1.19984,0.70982,0.27239,0.20014,228.206,270.925,292.619,257.744,95.276,33.701,466.75,402.29,324.527,169.74,24.445,6.468,42.004,34.119,26.569,13.212,1.507,0.277,2.009
57.5,4500,0.7,4.0,2.27781,1.63339,1.20881,0.70925,0.27323,0.20436,2.47592,1.76685,1.3039,0.76208,0.28925,0.21267,192.288,231.927,254.584,229.606,87.115,30.93,437.995,378.828,307.744,162.848,23.802,6.321,38.094,30.953,24.209,12.129,1.396,0.257,2.008
60.0,4500,0.7,4.0,2.58002,1.82265,1.33394,0.77139,0.293,0.21898,2.79639,1.96571,1.43441,0.82613,0.30927,0.22738,157.928,194.072,217.135,201.367,78.786,28.098,407.457,353.726,289.644,155.332,23.084,6.153,34.172,27.763,21.817,11.024,1.282,0.236,2.089
62.5,4500,0.7,4.0,2.98548,2.07072,1.49488,0.84916,0.31682,0.23642,3.22636,2.22634,1.60228,0.90631,0.33339,0.24494,125.656,157.886,180.716,173.26,70.324,25.214,375.143,326.937,270.148,147.126,22.28,5.961,30.268,24.571,19.41,9.902,1.165,0.215,2.039
65.0,4500,0.7,4.0,3.55181,2.40759,1.70854,0.94914,0.34606,0.25751,3.82693,2.5803,1.82514,1.00938,0.363,0.26617,96.034,123.954,145.841,145.564,61.769,22.29,341.095,298.431,249.175,138.16,21.376,5.74,26.42,21.407,17.005,8.769,1.046,0.193,2.094
67.5,4500,0.7,4.0,4.38481,2.88647,2.004,1.08199,0.38281,0.28354,4.71026,3.08346,2.13331,1.14633,0.40021,0.29238,69.653,92.922,113.101,118.619,53.172,19.341,305.415,268.217,226.654,128.344,20.355,5.484,22.669,18.304,14.626,7.632,0.925,0.171,2.191
70.0,4500,0.7,4.0,5.6972,3.60925,2.43487,1.2664,0.43045,0.31651,6.10199,3.84288,2.58274,1.33645,0.44846,0.3256,47.091,65.485,83.178,92.844,44.593,16.385,268.287,236.352,202.528,117.578,19.195,5.186,19.062,15.299,12.299,6.503,0.803,0.149,2.104
72.5,4500,0.7,4.0,7.96851,4.79343,3.11026,1.53777,0.49471,0.35991,8.51062,5.08709,3.28718,1.6162,0.51351,0.36928,28.867,42.349,56.839,68.763,36.114,13.445,230.027,202.997,176.784,105.742,17.866,4.839,15.649,12.436,10.056,5.393,0.679,0.126,2.186
75.0,4500,0.7,4.0,12.46696,6.9738,4.28282,1.97115,0.58634,0.41979,13.28106,7.378,4.51021,2.06298,0.60631,0.42955,15.331,24.156,34.905,47.034,27.849,10.553,191.131,168.459,149.492,92.711,16.329,4.43,12.481,9.764,7.937,4.319,0.556,0.103,2.196
77.5,4500,0.7,4.0,23.40759,11.76335,6.6558,2.75193,0.72787,0.50883,24.88339,12.41048,6.9853,2.86789,0.74961,0.51927,6.509,11.333,18.164,28.476,19.961,7.757,152.36,133.314,120.896,78.364,14.529,3.947,9.606,7.334,5.985,3.302,0.434,0.081,2.203
80.0,4500,0.7,4.0,60.8579,25.84182,12.82449,4.45933,0.97536,0.65685,64.59915,27.20304,13.41953,4.62807,1.00024,0.66836,1.886,3.812,7.139,14.051,12.704,5.129,114.778,98.509,91.554,62.658,12.391,3.369,7.056,5.189,4.248,2.371,0.316,0.059,1.9
10.0,5000,0.7,4.0,0.96178,0.74941,0.58995,0.37494,0.15365,0.11354,1.07892,0.83734,0.65801,0.41731,0.16818,0.12121,759.487,815.112,795.347,604.284,190.259,65.863,730.46,610.85,469.217,226.572,29.234,7.478,88.963,71.675,54.127,25.603,2.763,0.505,0.846
12.5,5000,0.7,4.0,0.972,0.75683,0.59547,0.37818,0.15493,0.1145,1.08975,0.84513,0.66376,0.42065,0.16946,0.12217,746.982,802.633,784.116,596.804,188.27,65.194,726.067,607.454,466.918,225.7,29.168,7.465,87.953,70.877,53.548,25.346,2.737,0.5,0.949
15.0,5000,0.7,4.0,0.98477,0.76608,0.60234,0.3822,0.15651,0.11572,1.10327,0.85485,0.67093,0.4248,0.17106,0.12341,731.81,787.479,770.465,587.703,185.848,64.378,720.662,603.272,464.085,224.622,29.087,7.45,86.724,69.905,52.842,25.032,2.705,0.495,1.026
17.5,5000,0.7,4.0,1.00025,0.77728,0.61065,0.38706,0.15841,0.11717,1.11968,0.86662,0.67959,0.4298,0.17299,0.12487,714.042,769.712,754.442,577.004,182.998,63.418,714.223,598.285,460.702,223.334,28.989,7.431,85.279,68.762,52.011,24.663,2.668,0.488,1.061
20.0,5000,0.7,4.0,1.01869,0.79059,0.6205,0.3928,0.16066,0.11889,1.13922,0.88059,0.68986,0.43572,0.17527,0.1266,693.759,749.402,736.102,564.738,179.726,62.316,706.724,592.469,456.752,221.827,28.875,7.409,83.619,67.448,51.057,24.238,2.626,0.48,1.207
22.5,5000,0.7,4.0,1.04035,0.80618,0.63202,0.39949,0.16326,0.12089,1.16217,0.89697,0.70187,0.44261,0.1779,0.12861,671.058,726.634,715.51,550.939,176.039,61.074,698.135,585.799,452.216,220.093,28.741,7.383,81.75,65.968,49.981,23.76,2.577,0.472,1.239
25.0,5000,0.7,4.0,1.06559,0.82429,0.64536,0.40721,0.16627,0.12318,1.18892,0.91599,0.71579,0.45058,0.18095,0.13092,646.049,701.504,692.741,535.645,171.945,59.695,688.422,578.244,447.069,218.121,28.589,7.353,79.677,64.325,48.786,23.228,2.524,0.462,1.306
27.5,5000,0.7,4.0,1.09483,0.8452,0.66073,0.41607,0.1697,0.1258,1.21991,0.93795,0.73181,0.4597,0.18442,0.13355,618.858,674.122,667.88,518.902,167.453,58.181,677.547,569.77,441.286,215.898,28.416,7.319,77.403,62.523,47.475,22.643,2.465,0.451,1.383
30.0,5000,0.7,4.0,1.12863,0.86927,0.67835,0.42618,0.17358,0.12878,1.25572,0.96322,0.75018,0.47013,0.18835,0.13657,589.627,644.612,641.024,500.758,162.573,56.537,665.471,560.339,434.837,213.413,28.22,7.281,74.936,60.566,46.049,22.007,2.401,0.44,1.424
32.5,5000,0.7,4.0,1.16764,0.89691,0.69852,0.4377,0.17798,0.13215,1.29706,0.99226,0.77122,0.482,0.19281,0.13995,558.516,613.114,612.278,481.268,157.317,54.764,652.146,549.911,427.688,210.649,28.0,7.237,72.282,58.458,44.512,21.322,2.332,0.427,1.507
35.0,5000,0.7,4.0,1.21271,0.9287,0.72161,0.4508,0.18296,0.13596,1.34482,1.02564,0.7953,0.4955,0.19785,0.14379,525.701,579.781,581.763,460.495,151.695,52.868,637.525,538.44,419.805,207.589,27.754,7.188,69.449,56.206,42.869,20.587,2.259,0.414,1.597
37.5,5000,0.7,4.0,1.26492,0.96529,0.74807,0.46571,0.18858,0.14027,1.40014,1.06407,0.82289,0.51088,0.20354,0.14812,491.381,544.789,549.613,438.506,145.721,50.852,621.557,525.877,411.148,204.216,27.48,7.133,66.446,53.816,41.122,19.806,2.18,0.399,1.651
40.0,5000,0.7,4.0,1.32563,1.00755,0.77847,0.48271,0.19492,0.14513,1.46447,1.10846,0.85459,0.5284,0.20996,0.15301,455.774,508.329,515.977,415.375,139.409,48.721,604.187,512.169,401.671,200.507,27.174,7.071,63.282,51.294,39.276,18.979,2.097,0.384,1.675
42.5,5000,0.7,4.0,1.39663,1.05662,0.81354,0.50216,0.2021,0.15062,1.53971,1.15999,0.89116,0.54845,0.21723,0.15854,419.123,470.615,481.019,391.187,132.775,46.48,585.358,497.26,391.329,196.44,26.834,7.001,59.969,48.649,37.337,18.108,2.009,0.368,1.77
45.0,5000,0.7,4.0,1.48027,1.11393,0.85424,0.52451,0.21025,0.15684,1.62834,1.22018,0.9336,0.57149,0.22549,0.16481,381.696,431.886,444.924,366.034,125.834,44.135,565.012,481.09,380.07,191.988,26.457,6.922,56.519,45.889,35.31,17.196,1.917,0.352,1.796
47.5,5000,0.7,4.0,1.57972,1.18142,0.90179,0.55034,0.21953,0.16392,1.73372,1.29107,0.98319,0.59811,0.23488,0.17194,343.791,392.406,407.899,340.018,118.606,41.69,543.093,463.598,367.839,187.124,26.037,6.834,52.946,43.025,33.202,16.244,1.821,0.334,1.832
50.0,5000,0.7,4.0,1.69932,1.26171,0.95786,0.5804,0.23014,0.172,1.86046,1.37539,1.04165,0.6291,0.24562,0.18007,305.736,352.473,370.174,313.255,111.109,39.152,519.543,444.718,354.574,181.812,25.571,6.734,49.268,40.069,31.019,15.256,1.72,0.316,1.879
52.5,5000,0.7,4.0,1.84517,1.3584,1.0247,0.61572,0.24238,0.18124,2.01501,1.47694,1.11136,0.66551,0.25801,0.18937,267.894,312.416,332.011,285.874,103.364,36.527,494.309,424.386,340.213,176.019,25.053,6.62,45.501,37.034,28.771,14.233,1.616,0.297,1.927
55.0,5000,0.7,4.0,2.02603,1.4766,1.10548,0.6577,0.25658,0.19193,2.20668,1.60108,1.19559,0.70878,0.2724,0.20015,230.669,272.608,293.705,258.022,95.396,33.824,467.343,402.534,324.685,169.702,24.477,6.492,41.669,33.934,26.466,13.18,1.509,0.278,2.038
57.5,5000,0.7,4.0,2.25504,1.62379,1.20472,0.70829,0.27324,0.20435,2.44935,1.75567,1.29908,0.76093,0.28927,0.21266,194.502,233.465,255.592,229.871,87.23,31.049,438.61,379.099,307.918,162.815,23.835,6.345,37.794,30.789,24.117,12.101,1.398,0.258,1.988
60.0,5000,0.7,4.0,2.55243,1.81128,1.32916,0.77029,0.29301,0.21898,2.76449,1.95258,1.42885,0.82484,0.30929,0.22739,159.882,195.454,218.058,201.616,78.897,28.212,408.087,354.022,289.835,155.303,23.118,6.178,33.905,27.618,21.737,10.998,1.284,0.237,2.072
62.5,5000,0.7,4.0,2.95105,2.05688,1.48917,0.84789,0.31683,0.23643,3.1869,2.21053,1.5957,0.90483,0.33339,0.24496,127.338,159.103,181.547,173.492,70.43,25.323,375.781,327.256,270.354,147.102,22.314,5.987,30.033,24.446,19.34,9.879,1.167,0.216,2.027
65.0,5000,0.7,4.0,3.50715,2.3902,1.70153,0.94762,0.34609,0.25748,3.77621,2.5606,1.81715,1.00763,0.36303,0.26614,97.438,124.998,146.572,145.777,61.869,22.394,341.73,298.77,249.397,138.141,21.412,5.766,26.216,21.3,16.946,8.749,1.048,0.194,2.019
67.5,5000,0.7,4.0,4.32399,2.8636,1.99504,1.08013,0.38282,0.2835,4.6418,3.0578,2.12322,1.14423,0.40023,0.29235,70.776,93.787,113.726,118.811,53.265,19.439,306.035,268.568,226.888,128.331,20.391,5.511,22.493,18.214,14.577,7.616,0.927,0.172,2.103
70.0,5000,0.7,4.0,5.60846,3.57752,2.42284,1.26404,0.43046,0.31652,6.00296,3.80762,2.56931,1.33381,0.44845,0.32556,47.941,66.166,83.692,93.012,44.678,16.476,268.875,236.71,202.772,117.571,19.232,5.215,18.913,15.225,12.259,6.489,0.804,0.149,2.151
72.5,5000,0.7,4.0,7.82661,4.74571,3.09298,1.53461,0.49471,0.35987,8.35354,5.03454,3.26813,1.61272,0.51353,0.36926,29.459,42.849,57.237,68.904,36.191,13.527,230.564,203.349,177.033,105.741,17.904,4.868,15.523,12.376,10.025,5.382,0.681,0.127,2.135
75.0,5000,0.7,4.0,12.20655,6.89289,4.25528,1.96657,0.58635,0.41986,12.99503,7.28969,4.48015,2.05799,0.6063,0.42965,15.696,24.488,35.189,47.146,27.915,10.625,191.594,168.793,149.739,92.716,16.368,4.461,12.376,9.717,7.913,4.31,0.557,0.104,2.134
77.5,5000,0.7,4.0,22.81521,11.59918,6.60474,2.74448,0.72785,0.50876,24.23738,12.23266,6.93015,2.85986,0.74959,0.51912,6.694,11.519,18.34,28.557,20.015,7.817,152.725,133.611,121.131,78.374,14.568,3.977,9.52,7.297,5.968,3.295,0.435,0.081,2.158
80.0,5000,0.7,4.0,58.92623,25.38509,12.70062,4.44451,0.97536,0.65688,62.50564,26.71208,13.28678,4.6123,1.00024,0.66828,1.952,3.89,7.225,14.101,12.745,5.176,115.024,98.748,91.762,62.672,12.431,3.4,6.987,5.162,4.235,2.366,0.317,0.059,1.905
10.0,5500,0.7,4.0,0.95618,0.74682,0.58868,0.37461,0.15366,0.11353,1.07159,0.83389,0.6563,0.41685,0.16818,0.1212,764.027,817.89,796.94,604.639,190.401,65.99,730.545,610.814,469.145,226.503,29.257,7.492,88.179,71.218,53.89,25.538,2.765,0.506,0.847
12.5,5500,0.7,4.0,0.96631,0.7542,0.59419,0.37784,0.15493,0.11451,1.08232,0.84164,0.66204,0.42018,0.16947,0.12218,751.485,805.392,785.699,597.157,188.412,65.321,726.165,607.425,466.851,225.631,29.191,7.48,87.18,70.426,53.314,25.281,2.739,0.501,0.912
15.0,5500,0.7,4.0,0.97895,0.7634,0.60104,0.38186,0.15651,0.11571,1.09571,0.8513,0.66918,0.42432,0.17107,0.1234,736.27,790.216,772.037,588.054,185.99,64.505,720.775,603.252,464.022,224.554,29.11,7.464,85.964,69.462,52.612,24.968,2.708,0.496,1.01
17.5,5500,0.7,4.0,0.9943,0.77454,0.60932,0.38671,0.15842,0.11718,1.11196,0.863,0.67782,0.42932,0.17301,0.12487,718.449,772.421,756.001,577.353,183.139,63.544,714.353,598.274,460.644,223.267,29.013,7.446,84.534,68.327,51.785,24.6,2.671,0.489,1.039
20.0,5500,0.7,4.0,1.01256,0.78778,0.61913,0.39244,0.16066,0.11889,1.1313,0.87689,0.68805,0.43522,0.17527,0.1266,698.104,752.079,737.646,565.085,179.866,62.442,706.874,592.471,456.701,221.761,28.898,7.424,82.892,67.023,50.836,24.177,2.628,0.481,1.161
22.5,5500,0.7,4.0,1.03402,0.80328,0.63061,0.39912,0.16327,0.12088,1.15402,0.89317,0.70002,0.44211,0.17792,0.1286,675.332,729.274,717.036,551.283,176.178,61.199,698.307,585.813,452.172,220.028,28.765,7.398,81.042,65.554,49.766,23.699,2.58,0.472,1.25
25.0,5500,0.7,4.0,1.05901,0.82129,0.64391,0.40683,0.16627,0.12319,1.18049,0.91208,0.71388,0.45006,0.18096,0.13093,650.244,704.102,694.247,535.986,172.083,59.819,688.618,578.272,447.033,218.057,28.613,7.369,78.99,63.924,48.577,23.169,2.527,0.463,1.3
27.5,5500,0.7,4.0,1.08798,0.84208,0.65922,0.41568,0.1697,0.1258,1.21116,0.93391,0.72984,0.45918,0.18443,0.13356,622.963,676.673,669.364,519.239,167.59,58.305,677.77,569.814,441.258,215.836,28.44,7.335,76.739,62.135,47.272,22.586,2.468,0.452,1.373
30.0,5500,0.7,4.0,1.12144,0.86601,0.67678,0.42577,0.17359,0.12879,1.24659,0.95902,0.74815,0.46958,0.18836,0.13657,593.633,647.11,642.482,501.091,162.709,56.659,665.721,560.401,434.819,213.352,28.244,7.297,74.298,60.192,45.854,21.952,2.404,0.441,1.438
32.5,5500,0.7,4.0,1.16005,0.89349,0.69688,0.43727,0.17799,0.13215,1.28748,0.98788,0.76911,0.48143,0.19282,0.13995,562.412,615.553,613.708,481.598,157.451,54.885,652.426,549.99,427.681,210.59,28.025,7.253,71.67,58.1,44.325,21.268,2.335,0.428,1.478
35.0,5500,0.7,4.0,1.20465,0.92508,0.71988,0.45036,0.18297,0.13597,1.33472,1.02104,0.79309,0.49492,0.19786,0.14381,529.477,582.157,583.162,460.819,151.828,52.988,637.837,538.539,419.809,207.533,27.78,7.205,68.866,55.864,42.69,20.536,2.261,0.415,1.609
37.5,5500,0.7,4.0,1.2563,0.96143,0.74624,0.46524,0.18859,0.14028,1.38941,1.05921,0.82057,0.51026,0.20355,0.14812,495.025,547.094,550.978,438.825,145.852,50.971,621.9,525.995,411.163,204.161,27.506,7.15,65.892,53.491,40.951,19.756,2.182,0.4,1.651
40.0,5500,0.7,4.0,1.31634,1.00343,0.77653,0.48222,0.19493,0.14513,1.45299,1.1033,0.85214,0.52777,0.20997,0.15301,459.274,510.556,517.303,415.688,139.539,48.839,604.562,512.308,401.699,200.455,27.2,7.088,62.76,50.987,39.115,18.932,2.099,0.385,1.636
42.5,5500,0.7,4.0,1.38654,1.05217,0.81146,0.50164,0.20211,0.15064,1.52733,1.15446,0.88856,0.54778,0.21724,0.15855,422.466,472.757,482.303,391.494,132.902,46.596,585.767,497.421,391.371,196.39,26.861,7.019,59.478,48.36,37.186,18.063,2.011,0.369,1.788
45.0,5500,0.7,4.0,1.46921,1.10909,0.85199,0.52395,0.21026,0.15684,1.61487,1.21422,0.93081,0.57078,0.22549,0.16482,384.87,433.935,446.162,366.333,125.959,44.249,565.454,481.273,380.125,191.941,26.484,6.94,56.061,45.62,35.168,17.153,1.919,0.353,1.765
47.5,5500,0.7,4.0,1.56746,1.17611,0.89934,0.54973,0.21954,0.16392,1.71891,1.28458,0.98018,0.59735,0.23489,0.17193,346.782,394.355,409.086,340.309,118.728,41.802,543.566,463.803,367.908,187.079,26.065,6.852,52.522,42.776,33.07,16.204,1.823,0.335,1.828
50.0,5500,0.7,4.0,1.68556,1.2558,0.95516,0.57975,0.23015,0.17197,1.84398,1.36824,1.03838,0.62829,0.24563,0.18005,308.531,354.313,371.307,313.536,111.228,39.262,520.047,444.946,354.658,181.771,25.599,6.752,48.878,39.84,30.898,15.219,1.722,0.317,1.878
52.5,5500,0.7,4.0,1.82949,1.35175,1.0217,0.61501,0.24238,0.18125,1.9964,1.46897,1.10775,0.66463,0.25802,0.18938,270.48,314.138,333.083,286.144,103.481,36.635,494.841,424.635,340.312,175.981,25.082,6.64,45.145,36.825,28.66,14.199,1.618,0.298,1.922
55.0,5500,0.7,4.0,2.00789,1.46901,1.1021,0.65691,0.25659,0.19193,2.18532,1.59208,1.19157,0.70782,0.27241,0.20015,233.031,274.202,294.711,258.282,95.509,33.929,467.901,402.805,324.801,169.667,24.507,6.512,41.346,33.746,26.367,13.149,1.511,0.279,1.94
57.5,5500,0.7,4.0,2.2336,1.61496,1.20085,0.70739,0.27325,0.20436,2.42434,1.74531,1.29452,0.75985,0.28928,0.21264,196.628,234.922,256.526,230.118,87.339,31.151,439.188,379.39,308.049,162.783,23.865,6.366,37.505,30.621,24.028,12.072,1.4,0.258,1.961
60.0,5500,0.7,4.0,2.52648,1.80079,1.32463,0.76926,0.29302,0.219,2.73449,1.9404,1.42357,0.82363,0.3093,0.22741,161.759,196.765,218.914,201.849,79.001,28.31,408.681,354.332,289.981,155.275,23.149,6.2,33.648,27.47,21.658,10.973,1.286,0.238,1.975
62.5,5500,0.7,4.0,2.91869,2.04409,1.48376,0.8467,0.31683,0.23642,3.14984,2.19582,1.58946,0.90344,0.33341,0.24491,128.956,160.258,182.318,173.709,70.529,25.417,376.383,327.581,270.516,147.079,22.346,6.009,29.808,24.317,19.272,9.856,1.169,0.216,1.979
65.0,5500,0.7,4.0,3.46519,2.37407,1.69488,0.9462,0.34609,0.25752,3.72858,2.54226,1.80957,1.00599,0.36304,0.26619,98.791,125.989,147.251,145.976,61.963,22.484,342.33,299.107,249.573,138.122,21.445,5.79,26.02,21.19,16.888,8.729,1.05,0.195,2.061
67.5,5500,0.7,4.0,4.26692,2.84239,1.98655,1.07838,0.38283,0.28351,4.5776,3.03393,2.11364,1.14224,0.40025,0.29237,71.86,94.608,114.308,118.99,53.352,19.523,306.621,268.913,227.078,128.316,20.425,5.535,22.325,18.121,14.528,7.599,0.929,0.173,2.089
70.0,5500,0.7,4.0,5.52547,3.54797,2.41146,1.2618,0.43047,0.31654,5.9104,3.77469,2.55664,1.3313,0.44848,0.3256,48.762,66.814,84.17,93.169,44.758,16.554,269.433,237.054,202.973,117.561,19.267,5.24,18.77,15.148,12.219,6.475,0.806,0.15,2.126
72.5,5500,0.7,4.0,7.69429,4.70117,3.0766,1.53162,0.49469,0.35991,8.20718,4.98539,3.25008,1.60941,0.5135,0.36925,30.032,43.326,57.609,69.036,36.263,13.598,231.075,203.683,177.24,105.737,17.939,4.894,15.403,12.314,9.994,5.37,0.682,0.127,2.139
75.0,5500,0.7,4.0,11.96474,6.81729,4.22943,1.9622,0.58632,0.41982,12.7296,7.20706,4.45195,2.05321,0.6063,0.42964,16.05,24.805,35.453,47.251,27.978,10.688,192.034,169.103,149.946,92.716,16.404,4.487,12.276,9.668,7.889,4.3,0.559,0.105,2.115
77.5,5500,0.7,4.0,22.26826,11.44584,6.55691,2.73737,0.72781,0.50877,23.64126,12.06643,6.87846,2.8522,0.74954,0.51919,6.874,11.697,18.504,28.633,20.067,7.87,153.072,133.882,121.329,78.379,14.605,4.004,9.438,7.259,5.95,3.288,0.436,0.082,2.131
80.0,5500,0.7,4.0,57.14378,24.96519,12.58563,4.43024,0.97528,0.65689,60.57561,26.26034,13.16372,4.59705,1.00016,0.66839,2.017,3.964,7.305,14.148,12.784,5.217,115.259,98.962,91.938,62.679,12.468,3.427,6.922,5.134,4.223,2.36,0.318,0.06,1.822
